filename,PARTICIPANT_ID,words,mean_dwell_confident_ms,mean_flight_confident_ms,mean_dwell_unconfident_ms,mean_flight_unconfident_ms
experiment_5962a9280b835400010a7617_20250819171658.csv,5962a9280b835400010a7617,45,73.80032467532467,132.78541666666666,69.7840909090909,178.47835497835496
experiment_5962a9280b835400010a7617_20250819171842.csv,5962a9280b835400010a7617,25,93.3026455026455,180.57962962962964,74.54937888198758,142.91666666666666
experiment_5962a9280b835400010a7617_20250819172140.csv,5962a9280b835400010a7617,58,81.85071584189231,91.33101851851852,250.3348484848485,140.75656565656564
experiment_5962a9280b835400010a7617_20250819172308.csv,5962a9280b835400010a7617,13,74.2447619047619,257.60416666666663,470.91388888888895,162.88888888888889
experiment_5962a9280b835400010a7617_20250819172535.csv,5962a9280b835400010a7617,30,1843.7490612732545,103.38271604938271,113.6388888888889,150.64603174603175
experiment_5962a9280b835400010a7617_20250819172701.csv,5962a9280b835400010a7617,43,86.40656565656566,158.4990740740741,91.17222222222222,115.20068027210884
experiment_5962a9280b835400010a7617_20250819172849.csv,5962a9280b835400010a7617,39,88.41803490627021,155.64743589743588,77.98095238095239,105.16617357001974
experiment_5962a9280b835400010a7617_20250819173056.csv,5962a9280b835400010a7617,44,83.19146825396825,130.85357142857143,80.82199074074073,307.5598214285714
experiment_5accb373436f5500010037ee_20250826220942.csv,5accb373436f5500010037ee,22,73.56634920634922,180.77214452214454,90.2,490.75
experiment_5accb373436f5500010037ee_20250826221152.csv,5accb373436f5500010037ee,24,64.2173520923521,287.68425925925925,872.7833333333333,702.8888888888888
experiment_5accb373436f5500010037ee_20250826221422.csv,5accb373436f5500010037ee,27,67.23463203463203,170.51555555555552,61.56018518518518,248.92261904761904
experiment_5accb373436f5500010037ee_20250826221929.csv,5accb373436f5500010037ee,51,69.8347619047619,339.31450617283946,71.5547619047619,320.3895604395604
experiment_5accb373436f5500010037ee_20250826222104.csv,5accb373436f5500010037ee,28,67.50486111111111,291.92559523809524,61.425,216.52083333333331
experiment_5accb373436f5500010037ee_20250826222601.csv,5accb373436f5500010037ee,55,68.47146697388634,188.08653530377669,64.21428571428572,210.83333333333331
experiment_5accb373436f5500010037ee_20250826223512.csv,5accb373436f5500010037ee,29,4598.064112103175,1222.4302380952383,65.66666666666667,137.67499999999998
experiment_5accb373436f5500010037ee_20250826223839.csv,5accb373436f5500010037ee,20,66.03722222222221,321.6854166666667,82.94801587301588,204.73333333333332
experiment_5adae3ebdec767000128c131_20250819161542.csv,5adae3ebdec767000128c131,25,180.0,295.66666666666663,142.04444444444442,304.40555555555557
experiment_5adae3ebdec767000128c131_20250819161703.csv,5adae3ebdec767000128c131,15,578.7541666666667,232.07142857142858,119.68095238095238,325.3333333333333
experiment_5adae3ebdec767000128c131_20250819161830.csv,5adae3ebdec767000128c131,17,138.33148148148146,237.91296296296298,140.12291666666664,283.8333333333333
experiment_5adae3ebdec767000128c131_20250819161945.csv,5adae3ebdec767000128c131,13,138.6626472094214,355.9611111111111,139.74305555555554,226.5
experiment_5adae3ebdec767000128c131_20250819162111.csv,5adae3ebdec767000128c131,21,133.98571428571427,282.05454545454546,124.36011904761905,303.625
experiment_5adae3ebdec767000128c131_20250819162323.csv,5adae3ebdec767000128c131,27,122.6,809.14,128.00396825396825,662.3518518518518
experiment_5adae3ebdec767000128c131_20250819162433.csv,5adae3ebdec767000128c131,20,126.17034632034633,273.219696969697,129.42407407407407,288.6759259259259
experiment_5adae3ebdec767000128c131_20250819162658.csv,5adae3ebdec767000128c131,26,118.54444444444445,335.12654320987656,116.77333333333334,470.9051282051281
experiment_5bf368846edd7200017136c7_20250819173015.csv,5bf368846edd7200017136c7,19,131.34909297052153,106.48148148148148,139.75,
experiment_5bf368846edd7200017136c7_20250819173115.csv,5bf368846edd7200017136c7,21,138.78171550671553,58.3939393939394,152.5,50.5
experiment_5bf368846edd7200017136c7_20250819173224.csv,5bf368846edd7200017136c7,18,132.04397893772895,49.35119047619048,125.93333333333334,75.66666666666667
experiment_5bf368846edd7200017136c7_20250819173345.csv,5bf368846edd7200017136c7,18,134.11078042328043,146.45357142857142,123.82142857142857,51.75
experiment_5bf368846edd7200017136c7_20250819173434.csv,5bf368846edd7200017136c7,15,132.7076530612245,82.30952380952382,133.25,43.0
experiment_5bf368846edd7200017136c7_20250819173531.csv,5bf368846edd7200017136c7,14,122.70238095238095,118.08055555555556,145.2,30.25
experiment_5bf368846edd7200017136c7_20250819173657.csv,5bf368846edd7200017136c7,23,130.66782106782108,87.57575757575758,132.4,92.0
experiment_5bf368846edd7200017136c7_20250819173744.csv,5bf368846edd7200017136c7,7,113.10000000000001,43.55555555555555,116.4,39.0
experiment_5c4f5967aac8be0001716a65_20250827072337.csv,5c4f5967aac8be0001716a65,31,117.25416149068325,175.82816205533598,109.38333333333333,73.96666666666667
experiment_5c4f5967aac8be0001716a65_20250827072604.csv,5c4f5967aac8be0001716a65,31,276.9747023809524,561.428787878788,125.39325396825396,110.32361111111112
experiment_5c4f5967aac8be0001716a65_20250827072740.csv,5c4f5967aac8be0001716a65,21,136.49015262515263,262.0378787878788,121.2822222222222,144.25
experiment_5c4f5967aac8be0001716a65_20250827072858.csv,5c4f5967aac8be0001716a65,12,160.5,99.75,149.375,163.03826086956525
experiment_5c4f5967aac8be0001716a65_20250827073017.csv,5c4f5967aac8be0001716a65,29,411.8125,182.825,123.13180952380954,102.87166666666667
experiment_5c4f5967aac8be0001716a65_20250827073135.csv,5c4f5967aac8be0001716a65,31,112.23422459893048,86.75,119.60000000000001,64.6875
experiment_5c4f5967aac8be0001716a65_20250827073247.csv,5c4f5967aac8be0001716a65,29,115.34683195592287,76.37122507122507,130.4063492063492,123.16666666666669
experiment_5c4f5967aac8be0001716a65_20250827073348.csv,5c4f5967aac8be0001716a65,22,127.89748677248674,75.13809523809525,720.8600529100528,125.02579365079366
experiment_5caa534a19731a00190bb935_20250826134753.csv,5caa534a19731a00190bb935,19,85.08333333333334,567.3976190476191,78.86289682539682,476.312380952381
experiment_5caa534a19731a00190bb935_20250826134934.csv,5caa534a19731a00190bb935,25,88.8619696969697,187.26,82.18125,209.44557823129253
experiment_5caa534a19731a00190bb935_20250826135056.csv,5caa534a19731a00190bb935,24,79.29004329004329,129.6,82.49029047875203,155.69615384615383
experiment_5caa534a19731a00190bb935_20250826135247.csv,5caa534a19731a00190bb935,22,98.39153846153847,258.3958333333333,76.34560185185185,150.66369047619048
experiment_5caa534a19731a00190bb935_20250826135512.csv,5caa534a19731a00190bb935,37,80.22857142857143,106.2361111111111,76.00145819093187,143.84853801169592
experiment_5caa534a19731a00190bb935_20250826135711.csv,5caa534a19731a00190bb935,28,81.88611111111112,184.359649122807,79.92743055555556,164.3891369047619
experiment_5caa534a19731a00190bb935_20250826135920.csv,5caa534a19731a00190bb935,22,74.5082621082621,146.74607323232323,80.88733333333333,263.99285395763656
experiment_5caa534a19731a00190bb935_20250826140059.csv,5caa534a19731a00190bb935,22,79.1739010989011,155.08816183816182,71.63796296296296,239.585582010582
experiment_5cab22cd68194f001511b2d6_20250826123221.csv,5cab22cd68194f001511b2d6,12,107.83292383292383,839.9444444444445,111.775,481.1
experiment_5cab22cd68194f001511b2d6_20250826123421.csv,5cab22cd68194f001511b2d6,16,590.6709790209791,227.18407407407406,105.60526315789474,133.29166666666666
experiment_5cab22cd68194f001511b2d6_20250826123618.csv,5cab22cd68194f001511b2d6,22,99.94814814814815,71.22,104.90625,70.33333333333334
experiment_5cab22cd68194f001511b2d6_20250826123817.csv,5cab22cd68194f001511b2d6,51,126.54306149732619,155.59838589981445,106.52777777777779,195.16296296296298
experiment_5cab22cd68194f001511b2d6_20250826124016.csv,5cab22cd68194f001511b2d6,54,102.54733624218919,119.3536567375277,95.39285714285715,71.19444444444444
experiment_5cab22cd68194f001511b2d6_20250826124150.csv,5cab22cd68194f001511b2d6,39,101.61759672619047,112.38534482758621,86.59259259259261,116.55555555555556
experiment_5cab22cd68194f001511b2d6_20250826124351.csv,5cab22cd68194f001511b2d6,43,103.9349537037037,189.93273809523808,94.3,105.33333333333333
experiment_5cab22cd68194f001511b2d6_20250826124438.csv,5cab22cd68194f001511b2d6,12,123.40208333333334,107.91428571428571,107.875,160.4
experiment_5ced66139b5b490001b688ed_20250819173629.csv,5ced66139b5b490001b688ed,16,99.0509523809524,292.3066666666667,143.33333333333334,1263.0
experiment_5ced66139b5b490001b688ed_20250819173808.csv,5ced66139b5b490001b688ed,41,91.94642857142857,38.11666666666667,97.0,96.375
experiment_5ced66139b5b490001b688ed_20250819173856.csv,5ced66139b5b490001b688ed,20,94.43055555555556,113.36666666666667,102.23333333333333,139.83333333333331
experiment_5ced66139b5b490001b688ed_20250819173958.csv,5ced66139b5b490001b688ed,25,101.19805194805194,102.3312925170068,92.61904761904762,108.71428571428571
experiment_5ced66139b5b490001b688ed_20250819174044.csv,5ced66139b5b490001b688ed,17,108.8,216.375,102.69444444444444,91.92857142857143
experiment_5ced66139b5b490001b688ed_20250819174211.csv,5ced66139b5b490001b688ed,29,109.74255952380952,172.79999999999998,98.57291666666666,357.5
experiment_5ced66139b5b490001b688ed_20250819174300.csv,5ced66139b5b490001b688ed,18,111.9,308.0,89.0,104.0
experiment_5ced66139b5b490001b688ed_20250819174412.csv,5ced66139b5b490001b688ed,30,101.58571428571427,91.22222222222221,97.99444444444444,43.547619047619044
experiment_5d3b0da8a884020001881773_20250827085711.csv,5d3b0da8a884020001881773,61,67.03267797017799,146.82414507469653,74.5952380952381,155.70833333333331
experiment_5d3b0da8a884020001881773_20250827085854.csv,5d3b0da8a884020001881773,30,73.54285714285714,110.575,67.39285714285714,94.4375
experiment_5d3b0da8a884020001881773_20250827085949.csv,5d3b0da8a884020001881773,24,70.22916666666667,109.89333333333335,68.59848484848484,90.1
experiment_5d3b0da8a884020001881773_20250827090043.csv,5d3b0da8a884020001881773,20,65.65079365079364,115.2,65.48611111111111,98.7125
experiment_5d3b0da8a884020001881773_20250827090418.csv,5d3b0da8a884020001881773,38,79.5691798941799,120.94507575757576,78.1235260770975,142.0625
experiment_5d3b0da8a884020001881773_20250827090613.csv,5d3b0da8a884020001881773,24,73.31627967991605,106.07666666666667,70.2547619047619,86.38131313131315
experiment_5d3b0da8a884020001881773_20250827090909.csv,5d3b0da8a884020001881773,26,72.2522435897436,115.15357142857141,66.25595238095238,98.22777777777777
experiment_5d3b0da8a884020001881773_20250827091048.csv,5d3b0da8a884020001881773,30,81.15818452380952,93.73639455782313,66.97222222222223,75.42323232323231
experiment_5d40a12f4994c40001e4b80c_20250826171318.csv,5d40a12f4994c40001e4b80c,23,88.24603174603175,245.8111111111111,76.14999999999999,188.7037037037037
experiment_5d40a12f4994c40001e4b80c_20250826171605.csv,5d40a12f4994c40001e4b80c,9,75.09850863422294,182.32638888888889,82.97222222222223,222.7
experiment_5d40a12f4994c40001e4b80c_20250826171829.csv,5d40a12f4994c40001e4b80c,9,84.58666666666666,155.25,88.26785714285714,192.04166666666666
experiment_5d40a12f4994c40001e4b80c_20250826172035.csv,5d40a12f4994c40001e4b80c,10,74.71428571428572,185.8,82.0375,230.20833333333334
experiment_5d40a12f4994c40001e4b80c_20250826172259.csv,5d40a12f4994c40001e4b80c,13,75.9436507936508,237.57777777777778,76.74074074074075,162.1875
experiment_5d40a12f4994c40001e4b80c_20250826172528.csv,5d40a12f4994c40001e4b80c,23,89.30882352941177,223.53973407544837,73.90833333333333,258.0
experiment_5d40a12f4994c40001e4b80c_20250826172723.csv,5d40a12f4994c40001e4b80c,16,75.89986772486773,160.7526455026455,84.65625,203.80180375180376
experiment_5d40a12f4994c40001e4b80c_20250826172853.csv,5d40a12f4994c40001e4b80c,11,91.22569444444444,211.54591836734696,76.08333333333334,133.0
experiment_5dafea4de40355001651fa2f_20250827072907.csv,5dafea4de40355001651fa2f,4,87.5,576.6666666666666,87.65423976608186,487.4007936507937
experiment_5dafea4de40355001651fa2f_20250827073139.csv,5dafea4de40355001651fa2f,16,87.91107142857143,240.98280423280423,91.69285714285715,317.625
experiment_5dafea4de40355001651fa2f_20250827073404.csv,5dafea4de40355001651fa2f,15,85.89801587301588,305.9166666666667,82.80714285714285,335.0875
experiment_5dafea4de40355001651fa2f_20250827073623.csv,5dafea4de40355001651fa2f,14,91.53333333333333,223.71666666666664,86.6104938271605,283.34166666666664
experiment_5dafea4de40355001651fa2f_20250827073851.csv,5dafea4de40355001651fa2f,21,84.14656084656085,310.0486111111111,87.72222222222221,266.5083333333333
experiment_5dafea4de40355001651fa2f_20250827074133.csv,5dafea4de40355001651fa2f,24,85.99702380952381,213.10047619047617,84.06607142857145,304.21153846153845
experiment_5dafea4de40355001651fa2f_20250827074355.csv,5dafea4de40355001651fa2f,26,85.30138888888888,314.95757575757574,88.0,336.9166666666667
experiment_5dafea4de40355001651fa2f_20250827074621.csv,5dafea4de40355001651fa2f,25,86.4686755952381,289.0212585034014,90.74711399711401,424.9740740740741
experiment_5ea4cebb8944a8495280db42_20250827131019.csv,5ea4cebb8944a8495280db42,38,81.49007936507937,96.64476190476189,81.88194444444444,82.6452380952381
experiment_5ea4cebb8944a8495280db42_20250827131239.csv,5ea4cebb8944a8495280db42,27,91.36775362318839,118.02976190476191,81.55555555555556,80.9513888888889
experiment_5ea4cebb8944a8495280db42_20250827131357.csv,5ea4cebb8944a8495280db42,28,94.7772932330827,106.11307692307692,79.75555555555556,90.48333333333333
experiment_5ea4cebb8944a8495280db42_20250827131506.csv,5ea4cebb8944a8495280db42,11,100.83333333333334,188.29166666666666,84.22991452991452,99.46061507936508
experiment_5ea4cebb8944a8495280db42_20250827131629.csv,5ea4cebb8944a8495280db42,64,86.2037037037037,78.16666666666667,91.58095238095237,82.78
experiment_5ea4cebb8944a8495280db42_20250827131754.csv,5ea4cebb8944a8495280db42,43,92.41688311688313,42.16,62.8,157.5
experiment_5ea4cebb8944a8495280db42_20250827131916.csv,5ea4cebb8944a8495280db42,38,97.75909090909092,281.79285714285714,98.77777777777777,66.0
experiment_5ea4cebb8944a8495280db42_20250827132017.csv,5ea4cebb8944a8495280db42,54,88.85714285714286,62.895833333333336,97.0,36.042857142857144
experiment_5f29eff59714081a3594a331_20250827002427.csv,5f29eff59714081a3594a331,30,155.59447839741958,187.43101190476187,163.17726757369613,175.21774891774893
experiment_5f29eff59714081a3594a331_20250827002600.csv,5f29eff59714081a3594a331,18,153.73482142857142,93.73333333333333,153.11210317460316,910.1
experiment_5f29eff59714081a3594a331_20250827002741.csv,5f29eff59714081a3594a331,15,161.2320987654321,201.496875,142.44871794871796,330.95
experiment_5f29eff59714081a3594a331_20250827003030.csv,5f29eff59714081a3594a331,26,216.87738095238097,149.45000000000002,174.33688311688312,263.5357142857143
experiment_5f29eff59714081a3594a331_20250827003250.csv,5f29eff59714081a3594a331,18,167.79761904761904,337.02777777777777,171.36263736263737,317.4761904761905
experiment_5f29eff59714081a3594a331_20250827003720.csv,5f29eff59714081a3594a331,24,155.96837912087912,374.6645833333334,160.02683982683982,531.4206349206349
experiment_5f29eff59714081a3594a331_20250827003856.csv,5f29eff59714081a3594a331,17,178.8671875,80.7611111111111,144.85955473098332,234.5680555555556
experiment_5f29eff59714081a3594a331_20250827004004.csv,5f29eff59714081a3594a331,18,139.24935064935065,456.47653061224486,177.71173469387756,88.93333333333334
experiment_5f600669b846780f0fe45709_20250826213524.csv,5f600669b846780f0fe45709,8,67.88095238095238,176.34285714285716,1263.5492063492063,886.8849206349206
experiment_5f600669b846780f0fe45709_20250826214105.csv,5f600669b846780f0fe45709,29,107.5111111111111,232.83523809523814,77.35992063492064,540.269696969697
experiment_5f600669b846780f0fe45709_20250826214342.csv,5f600669b846780f0fe45709,23,72.87083333333334,291.43229166666663,75.20833333333334,230.4431818181818
experiment_5f600669b846780f0fe45709_20250826214807.csv,5f600669b846780f0fe45709,21,66.05185185185185,138.15833333333333,76.5577380952381,197.3314102564103
experiment_5f600669b846780f0fe45709_20250826215049.csv,5f600669b846780f0fe45709,33,69.9375,82.57417582417582,96.2978021978022,103.25915750915752
experiment_5f600669b846780f0fe45709_20250826215513.csv,5f600669b846780f0fe45709,37,76.78163275952008,270.33196181698486,2544.547435897436,118.3125
experiment_5f600669b846780f0fe45709_20250826215949.csv,5f600669b846780f0fe45709,42,71.07922077922079,689.7748917748918,66.6818104514533,284.0880138380138
experiment_5f600669b846780f0fe45709_20250826220343.csv,5f600669b846780f0fe45709,30,1092.9090543443485,224.17893772893774,61.23809523809524,175.27083333333331
experiment_5faeb56b25a37f01d47d326c_20250827155350.csv,5faeb56b25a37f01d47d326c,41,108.52840024898848,287.9468864468864,97.57776455026455,181.41950000000003
experiment_5faeb56b25a37f01d47d326c_20250827155623.csv,5faeb56b25a37f01d47d326c,32,87.32222222222224,521.1777777777778,94.91666666666666,168.125
experiment_5faeb56b25a37f01d47d326c_20250827155839.csv,5faeb56b25a37f01d47d326c,31,93.12619047619046,188.68666666666667,92.04027777777777,207.82886904761904
experiment_5faeb56b25a37f01d47d326c_20250827160020.csv,5faeb56b25a37f01d47d326c,20,100.00000000000001,292.9466666666666,80.65343915343915,193.9879564879565
experiment_5faeb56b25a37f01d47d326c_20250827160239.csv,5faeb56b25a37f01d47d326c,37,82.16111111111111,124.38166666666666,90.23888888888891,132.96825396825398
experiment_5faeb56b25a37f01d47d326c_20250827160447.csv,5faeb56b25a37f01d47d326c,33,89.88126159554731,309.54473684210524,95.90833333333333,158.94603174603176
experiment_5faeb56b25a37f01d47d326c_20250827160635.csv,5faeb56b25a37f01d47d326c,47,82.41751700680273,95.74285714285715,73.02380952380952,200.24545454545455
experiment_5faeb56b25a37f01d47d326c_20250827160757.csv,5faeb56b25a37f01d47d326c,22,86.58013468013468,353.8650793650794,333.96666666666664,411.8216666666667
experiment_5fb551ccab996500099ab1aa_20250819155215.csv,5fb551ccab996500099ab1aa,25,1088.1631221443802,102.50860805860806,77.09305555555555,82.29880952380951
experiment_5fb551ccab996500099ab1aa_20250819155325.csv,5fb551ccab996500099ab1aa,14,319.7885551948052,139.85714285714286,76.15833333333333,109.475
experiment_5fb551ccab996500099ab1aa_20250819155614.csv,5fb551ccab996500099ab1aa,28,76.12915479582145,95.57407407407408,69.6047619047619,96.83333333333334
experiment_5fb551ccab996500099ab1aa_20250819155807.csv,5fb551ccab996500099ab1aa,27,88.21623931623932,143.9252314814815,73.38839285714286,164.11111111111111
experiment_5fb551ccab996500099ab1aa_20250819160110.csv,5fb551ccab996500099ab1aa,37,76.93646616541353,117.16729196729197,77.79406966490299,131.4917205343676
experiment_5fb551ccab996500099ab1aa_20250819160238.csv,5fb551ccab996500099ab1aa,20,75.96666666666668,94.9388888888889,81.05902777777777,146.0
experiment_5fb551ccab996500099ab1aa_20250819160510.csv,5fb551ccab996500099ab1aa,47,500.49216269841276,76.22896825396825,650.5423941798941,95.74243697478992
experiment_5fb551ccab996500099ab1aa_20250819160706.csv,5fb551ccab996500099ab1aa,31,76.41207184628237,91.14739583333333,78.3544191919192,99.21455627705627
experiment_5fbfe145e52a44000a9c2966_20250827123944.csv,5fbfe145e52a44000a9c2966,41,71.95578603495271,214.9303052849928,70.06333333333333,108.20075757575758
experiment_5fbfe145e52a44000a9c2966_20250827124623.csv,5fbfe145e52a44000a9c2966,30,74.68222222222222,263.2035714285714,75.69047619047619,361.0
experiment_5fbfe145e52a44000a9c2966_20250827125522.csv,5fbfe145e52a44000a9c2966,41,74.32895238095237,242.4093471343471,74.425,608.2083333333334
experiment_5fbfe145e52a44000a9c2966_20250827125841.csv,5fbfe145e52a44000a9c2966,21,68.68863636363636,190.89166666666665,75.54805194805195,167.125
experiment_5fbfe145e52a44000a9c2966_20250827130713.csv,5fbfe145e52a44000a9c2966,56,484.4070969434606,192.53902116402116,477.5210251869343,160.69217171717173
experiment_5fbfe145e52a44000a9c2966_20250827131113.csv,5fbfe145e52a44000a9c2966,24,76.4420634920635,94.28055555555555,71.6,163.98
experiment_5fbfe145e52a44000a9c2966_20250827131610.csv,5fbfe145e52a44000a9c2966,31,71.82777777777778,912.4770833333333,75.67670755170755,184.2403439153439
experiment_5fbfe145e52a44000a9c2966_20250827131905.csv,5fbfe145e52a44000a9c2966,20,74.77070707070708,159.7152777777778,70.06666666666666,364.07142857142856
experiment_5fff2877a99bcb65a14a223c_20250827105501.csv,5fff2877a99bcb65a14a223c,3,79.375,197.42857142857142,87.375,1137.2857142857142
experiment_5fff2877a99bcb65a14a223c_20250827105621.csv,5fff2877a99bcb65a14a223c,14,80.8,235.5,76.57142857142857,211.5
experiment_5fff2877a99bcb65a14a223c_20250827105709.csv,5fff2877a99bcb65a14a223c,11,82.83333333333333,170.8,82.7,264.25
experiment_5fff2877a99bcb65a14a223c_20250827105737.csv,5fff2877a99bcb65a14a223c,5,84.83333333333334,384.6,83.25,377.0
experiment_5fff2877a99bcb65a14a223c_20250827105815.csv,5fff2877a99bcb65a14a223c,6,88.83333333333333,162.4,74.8,421.7142857142857
experiment_5fff2877a99bcb65a14a223c_20250827105905.csv,5fff2877a99bcb65a14a223c,4,88.0,157.2,74.625,162.85714285714286
experiment_5fff2877a99bcb65a14a223c_20250827105927.csv,5fff2877a99bcb65a14a223c,6,84.33333333333333,151.2,59.8,859.25
experiment_5fff2877a99bcb65a14a223c_20250827110019.csv,5fff2877a99bcb65a14a223c,4,,,86.0,365.0
experiment_606598de386cd206c99a4648_20250827100151.csv,606598de386cd206c99a4648,37,101.56488095238096,445.6527777777777,100.08333333333334,249.77959183673468
experiment_606598de386cd206c99a4648_20250827100414.csv,606598de386cd206c99a4648,40,94.65277777777777,352.2212121212121,1.4666666666666668,1.3333333333333333
experiment_606598de386cd206c99a4648_20250827100613.csv,606598de386cd206c99a4648,34,108.80326643053918,210.29691358024692,97.49060846560847,219.8587962962963
experiment_606598de386cd206c99a4648_20250827100834.csv,606598de386cd206c99a4648,42,100.03427128427128,237.00738095238094,109.80572916666668,220.34587301587302
experiment_606598de386cd206c99a4648_20250827101057.csv,606598de386cd206c99a4648,42,104.06720717022439,210.12643644234552,117.19817927170868,321.9989795918368
experiment_606598de386cd206c99a4648_20250827101337.csv,606598de386cd206c99a4648,49,105.26309523809525,239.80851851851853,116.19901346503514,243.45458485958486
experiment_606598de386cd206c99a4648_20250827101611.csv,606598de386cd206c99a4648,57,1269.7073660714286,145.66666666666666,99.25509259259258,276.2378787878788
experiment_606598de386cd206c99a4648_20250827101816.csv,606598de386cd206c99a4648,36,108.08330498866212,250.31458333333333,103.60865384615384,283.1875
experiment_6081728972120aa7f9685791_20250819162308.csv,6081728972120aa7f9685791,25,304.3317155067155,252.5236904761905,88.0625,238.08928571428572
experiment_6081728972120aa7f9685791_20250819162608.csv,6081728972120aa7f9685791,21,105.99583333333334,259.77757936507936,105.44047619047619,279.33333333333337
experiment_6081728972120aa7f9685791_20250819162905.csv,6081728972120aa7f9685791,30,1232.8850340136053,271.45083333333343,1157.7239583333335,205.6113906926407
experiment_6081728972120aa7f9685791_20250819163340.csv,6081728972120aa7f9685791,38,690.9501731601731,146.79550264550264,100.83333333333334,199.3
experiment_6081728972120aa7f9685791_20250819163538.csv,6081728972120aa7f9685791,20,108.3628713878714,181.3707311207311,135.202849002849,285.81041666666664
experiment_6081728972120aa7f9685791_20250819164215.csv,6081728972120aa7f9685791,11,115.1030303030303,180.72666666666666,106.96401515151516,209.59375
experiment_6081728972120aa7f9685791_20250819164558.csv,6081728972120aa7f9685791,29,110.7832451499118,176.46428571428572,99.48833333333334,136.03431372549016
experiment_6081728972120aa7f9685791_20250819164901.csv,6081728972120aa7f9685791,19,351.6641166525782,196.84611111111116,97.52499999999999,147.00267857142856
experiment_60984a1b0cce76d16c4ca781_20250826200447.csv,60984a1b0cce76d16c4ca781,25,92.64823232323232,111.99833333333332,100.35777777777778,190.21428571428572
experiment_60984a1b0cce76d16c4ca781_20250826200645.csv,60984a1b0cce76d16c4ca781,26,98.1758792405851,110.22124542124544,91.41333333333333,285.6333333333333
experiment_60984a1b0cce76d16c4ca781_20250826200908.csv,60984a1b0cce76d16c4ca781,37,97.13483044733044,147.03166666666667,94.594708994709,172.92083333333335
experiment_60984a1b0cce76d16c4ca781_20250826201050.csv,60984a1b0cce76d16c4ca781,41,92.90083250083252,148.3272727272727,98.84401154401156,118.49292929292929
experiment_60984a1b0cce76d16c4ca781_20250826201214.csv,60984a1b0cce76d16c4ca781,33,137.87258730158732,119.23689196108553,107.07407407407408,109.43333333333334
experiment_60984a1b0cce76d16c4ca781_20250826201351.csv,60984a1b0cce76d16c4ca781,21,96.81441798941799,97.71481481481482,99.85000000000001,68.57142857142858
experiment_60984a1b0cce76d16c4ca781_20250826201445.csv,60984a1b0cce76d16c4ca781,27,366.6347826086956,108.3025641025641,241.8360544217687,150.79861111111111
experiment_60984a1b0cce76d16c4ca781_20250826201546.csv,60984a1b0cce76d16c4ca781,25,92.571875,101.36054421768708,95.30355503082775,164.43777777777777
experiment_60bf706fc3b12a3c4f11a487_20250827100116.csv,60bf706fc3b12a3c4f11a487,28,125.48435672514621,297.026917989418,116.55,269.5873015873016
experiment_60bf706fc3b12a3c4f11a487_20250827100808.csv,60bf706fc3b12a3c4f11a487,7,122.43622448979592,240.05619047619047,,
experiment_60bf706fc3b12a3c4f11a487_20250827101328.csv,60bf706fc3b12a3c4f11a487,26,1724.0575066137567,242.548287865871,133.23611111111111,144.63333333333333
experiment_60bf706fc3b12a3c4f11a487_20250827101501.csv,60bf706fc3b12a3c4f11a487,11,130.49444444444444,1292.2089285714285,126.92857142857143,153.11111111111111
experiment_60bf706fc3b12a3c4f11a487_20250827102031.csv,60bf706fc3b12a3c4f11a487,22,121.33166666666668,298.802380952381,160.65,1081.5833333333335
experiment_60bf706fc3b12a3c4f11a487_20250827102148.csv,60bf706fc3b12a3c4f11a487,11,179.48484848484847,252.8125,147.575,227.375
experiment_60bf706fc3b12a3c4f11a487_20250827102400.csv,60bf706fc3b12a3c4f11a487,31,136.8528083028083,511.2370238095238,137.48769841269842,188.3047619047619
experiment_60bf706fc3b12a3c4f11a487_20250827103123.csv,60bf706fc3b12a3c4f11a487,14,117.12577380952379,342.20105820105823,164.25,110.875
experiment_60db9412ba928de1fdc2269e_20250827141622.csv,60db9412ba928de1fdc2269e,13,3800.785714285714,1085.5,64.86805555555556,708.5445887445889
experiment_60db9412ba928de1fdc2269e_20250827141823.csv,60db9412ba928de1fdc2269e,9,77.6,448.32923976608186,55.388888888888886,675.4444444444445
experiment_60db9412ba928de1fdc2269e_20250827142119.csv,60db9412ba928de1fdc2269e,7,84.10997023809524,1282.9482456140352,65.38318452380953,382.175
experiment_60db9412ba928de1fdc2269e_20250827142439.csv,60db9412ba928de1fdc2269e,10,55.1031746031746,530.2435897435897,90.27777777777777,758.75
experiment_60db9412ba928de1fdc2269e_20250827142708.csv,60db9412ba928de1fdc2269e,8,78.61742424242424,385.3203703703704,62.27056277056277,606.7730158730159
experiment_60db9412ba928de1fdc2269e_20250827142848.csv,60db9412ba928de1fdc2269e,7,98.53238095238095,708.1726007326008,72.80555555555556,814.4880952380953
experiment_60db9412ba928de1fdc2269e_20250827143129.csv,60db9412ba928de1fdc2269e,6,91.74868990658463,1035.4962292609353,64.85714285714286,1330.1538461538462
experiment_60db9412ba928de1fdc2269e_20250827143453.csv,60db9412ba928de1fdc2269e,4,83.34807302231236,1408.3214285714287,70.82352941176471,393.875
experiment_60efc4347ae709f7f3dd8b04_20250827075231.csv,60efc4347ae709f7f3dd8b04,68,76.56503798489092,70.02180573663624,70.64833333333334,125.96666666666665
experiment_60efc4347ae709f7f3dd8b04_20250827075425.csv,60efc4347ae709f7f3dd8b04,36,78.73967476967476,122.53764880952382,82.6984126984127,706.6916666666667
experiment_60efc4347ae709f7f3dd8b04_20250827075557.csv,60efc4347ae709f7f3dd8b04,26,71.26408730158731,79.24621212121211,78.16217329036877,118.4297619047619
experiment_60efc4347ae709f7f3dd8b04_20250827075848.csv,60efc4347ae709f7f3dd8b04,60,639.9178908128908,112.33775754732277,81.89129791776851,186.36158249158248
experiment_60efc4347ae709f7f3dd8b04_20250827080019.csv,60efc4347ae709f7f3dd8b04,20,78.89250333000334,184.918253968254,73.63690476190477,129.1875
experiment_60efc4347ae709f7f3dd8b04_20250827080214.csv,60efc4347ae709f7f3dd8b04,36,547.8788067226891,112.72210884353741,85.45707070707071,134.9733414733415
experiment_60efc4347ae709f7f3dd8b04_20250827080404.csv,60efc4347ae709f7f3dd8b04,53,236.05683842008605,102.07098997493733,78.28350168350168,102.25540413533834
experiment_60efc4347ae709f7f3dd8b04_20250827080553.csv,60efc4347ae709f7f3dd8b04,20,81.15957177742892,294.2714285714286,79.47323232323232,184.55974025974027
experiment_60f23a36acf5f6c70e990efd_20250826202528.csv,60f23a36acf5f6c70e990efd,49,133.14177830106402,122.79415789776321,247.63883547008547,235.01887254901962
experiment_60f23a36acf5f6c70e990efd_20250826202649.csv,60f23a36acf5f6c70e990efd,26,96.48245722531436,159.3948412698413,939.7236363636364,115.7968253968254
experiment_60f23a36acf5f6c70e990efd_20250826202832.csv,60f23a36acf5f6c70e990efd,43,100.0264705882353,70.48717948717947,92.33236955352339,157.50719954648525
experiment_60f23a36acf5f6c70e990efd_20250826202929.csv,60f23a36acf5f6c70e990efd,15,93.12243589743589,183.6,105.27328296703297,645.7166666666666
experiment_60f23a36acf5f6c70e990efd_20250826203059.csv,60f23a36acf5f6c70e990efd,39,378.724023538269,100.23209706959705,89.755,89.40625
experiment_60f23a36acf5f6c70e990efd_20250826203247.csv,60f23a36acf5f6c70e990efd,27,94.79032738095239,177.3797619047619,93.51061507936508,365.1787878787879
experiment_60f23a36acf5f6c70e990efd_20250826203440.csv,60f23a36acf5f6c70e990efd,45,97.64915838130123,118.2274484287642,96.8264705882353,113.97348484848486
experiment_60f23a36acf5f6c70e990efd_20250826203522.csv,60f23a36acf5f6c70e990efd,23,101.30849673202614,189.55333333333334,86.1031746031746,121.80952380952382
experiment_6136cb52db0f1cb2262bbf5d_20250826171633.csv,6136cb52db0f1cb2262bbf5d,20,133.49107142857144,109.17777777777776,103.3211111111111,95.83333333333331
experiment_6136cb52db0f1cb2262bbf5d_20250826171925.csv,6136cb52db0f1cb2262bbf5d,32,113.60357142857143,121.46666666666665,99.86350008016676,77.7062271062271
experiment_6136cb52db0f1cb2262bbf5d_20250826172151.csv,6136cb52db0f1cb2262bbf5d,23,516.987324929972,118.48055555555557,99.30039682539683,61.99444444444445
experiment_6136cb52db0f1cb2262bbf5d_20250826172433.csv,6136cb52db0f1cb2262bbf5d,25,127.50595238095238,92.84090909090908,102.14534275248562,121.54539188881293
experiment_6136cb52db0f1cb2262bbf5d_20250826172719.csv,6136cb52db0f1cb2262bbf5d,15,123.17559523809524,74.83333333333333,98.66401515151516,131.2828282828283
experiment_6136cb52db0f1cb2262bbf5d_20250826172909.csv,6136cb52db0f1cb2262bbf5d,17,107.93214285714286,45.31666666666666,98.94358974358974,88.72767232767234
experiment_6136cb52db0f1cb2262bbf5d_20250826173134.csv,6136cb52db0f1cb2262bbf5d,28,118.25694444444446,127.20680272108844,104.20734126984128,151.28555555555556
experiment_6136cb52db0f1cb2262bbf5d_20250826173315.csv,6136cb52db0f1cb2262bbf5d,21,110.16339285714287,62.06666666666666,110.44715219421101,158.9784126984127
experiment_6140ef8d27499e70e8740918_20250819164624.csv,6140ef8d27499e70e8740918,123,105.99309523809522,100.95007887592634,253.7838210978836,103.92250613163927
experiment_6140ef8d27499e70e8740918_20250819165019.csv,6140ef8d27499e70e8740918,80,107.92335992367961,137.61318681318681,127.31746031746032,102.125
experiment_6140ef8d27499e70e8740918_20250819165535.csv,6140ef8d27499e70e8740918,148,296.15805378836626,103.77985638699924,1751.0,77.16111111111111
experiment_6140ef8d27499e70e8740918_20250819165712.csv,6140ef8d27499e70e8740918,37,100.159477124183,115.56,104.42,100.71428571428571
experiment_6140ef8d27499e70e8740918_20250819165918.csv,6140ef8d27499e70e8740918,52,101.16086673183449,132.5114638447972,103.61755952380952,48.55555555555555
experiment_6140ef8d27499e70e8740918_20250819170107.csv,6140ef8d27499e70e8740918,33,102.33466295609152,141.94646464646465,124.50505952380952,162.15476190476193
experiment_6140ef8d27499e70e8740918_20250819170250.csv,6140ef8d27499e70e8740918,56,111.03163377192983,126.80263157894736,95.93401875901874,55.34175824175824
experiment_6140ef8d27499e70e8740918_20250819170542.csv,6140ef8d27499e70e8740918,84,338.6496767925561,91.66975546975549,98.8073082010582,70.3359375
experiment_6150ca3f37e1fe330f70311d_20250827083054.csv,6150ca3f37e1fe330f70311d,36,157.13392857142856,395.66666666666663,184.6,454.06666666666666
experiment_6150ca3f37e1fe330f70311d_20250827083229.csv,6150ca3f37e1fe330f70311d,34,149.9,144.61111111111111,162.31875,385.64444444444445
experiment_6150ca3f37e1fe330f70311d_20250827083355.csv,6150ca3f37e1fe330f70311d,29,150.1451388888889,193.06,155.8111111111111,181.16666666666669
experiment_6150ca3f37e1fe330f70311d_20250827083505.csv,6150ca3f37e1fe330f70311d,26,162.44123376623378,192.86666666666665,169.30666666666667,110.33333333333333
experiment_6150ca3f37e1fe330f70311d_20250827083655.csv,6150ca3f37e1fe330f70311d,52,149.00892857142856,124.96153846153847,138.651920995671,98.45833333333333
experiment_6150ca3f37e1fe330f70311d_20250827083752.csv,6150ca3f37e1fe330f70311d,22,170.4611111111111,246.89583333333331,167.51333333333332,345.17361111111114
experiment_6150ca3f37e1fe330f70311d_20250827083942.csv,6150ca3f37e1fe330f70311d,23,157.83694434295455,192.67673992673994,165.24801587301587,250.6111111111111
experiment_6150ca3f37e1fe330f70311d_20250827084050.csv,6150ca3f37e1fe330f70311d,24,152.79297520661157,308.2592592592593,153.81505772005772,110.81296296296296
experiment_615921b85071b9caef6148d8_20250827031630.csv,615921b85071b9caef6148d8,28,124.42051282051281,124.4857142857143,94.04761904761905,41.666666666666664
experiment_615921b85071b9caef6148d8_20250827031858.csv,615921b85071b9caef6148d8,74,111.73511904761905,66.8348484848485,95.42708333333333,62.722727272727276
experiment_615921b85071b9caef6148d8_20250827032049.csv,615921b85071b9caef6148d8,40,296.8176190476191,542.5,189.69226190476186,110.53333333333335
experiment_615921b85071b9caef6148d8_20250827032257.csv,615921b85071b9caef6148d8,37,881.4671182639269,167.29076655052265,119.95454545454547,61.944444444444436
experiment_615921b85071b9caef6148d8_20250827032451.csv,615921b85071b9caef6148d8,45,1573.012554112554,130.81333333333333,112.40515873015873,97.57333333333334
experiment_615921b85071b9caef6148d8_20250827032611.csv,615921b85071b9caef6148d8,37,116.28354978354979,134.33796296296296,107.9875,83.29166666666667
experiment_615921b85071b9caef6148d8_20250827032744.csv,615921b85071b9caef6148d8,51,104.33718487394958,69.36410256410257,100.4781746031746,96.00857142857143
experiment_615921b85071b9caef6148d8_20250827032948.csv,615921b85071b9caef6148d8,40,101.37938034188033,64.36574074074073,142.85108225108226,105.22222222222223
experiment_616f9519fb3906da76b8e173_20250827010929.csv,616f9519fb3906da76b8e173,46,104.83265639589169,65.97067901234567,107.54040404040403,50.62637362637362
experiment_616f9519fb3906da76b8e173_20250827011029.csv,616f9519fb3906da76b8e173,17,99.23395493395492,182.62373737373738,108.26282051282051,84.375
experiment_616f9519fb3906da76b8e173_20250827011130.csv,616f9519fb3906da76b8e173,21,313.7118437118437,144.29734848484847,98.54285714285713,53.90333333333333
experiment_616f9519fb3906da76b8e173_20250827011257.csv,616f9519fb3906da76b8e173,40,95.93770578080924,94.79930830039525,94.45075757575758,98.0
experiment_616f9519fb3906da76b8e173_20250827011345.csv,616f9519fb3906da76b8e173,28,99.99603174603175,107.07179487179488,96.83974358974359,68.51363636363637
experiment_616f9519fb3906da76b8e173_20250827011511.csv,616f9519fb3906da76b8e173,43,101.96022727272727,180.3125,99.25597326649958,81.39142908373677
experiment_616f9519fb3906da76b8e173_20250827011656.csv,616f9519fb3906da76b8e173,48,1101.2729153605014,155.64236010902675,191.49532163742688,141.0489010989011
experiment_616f9519fb3906da76b8e173_20250827011744.csv,616f9519fb3906da76b8e173,17,103.66036820322536,79.06944444444444,108.595,65.16190476190476
experiment_61717173748006894b2b54ff_20250826174044.csv,61717173748006894b2b54ff,13,75.81875,97.27243589743588,72.3525641025641,86.8
experiment_61717173748006894b2b54ff_20250826174129.csv,61717173748006894b2b54ff,15,66.15555555555555,82.07857142857142,68.65,134.22222222222223
experiment_61717173748006894b2b54ff_20250826174846.csv,61717173748006894b2b54ff,11,81.31666666666666,54.45,162.1,143.77777777777777
experiment_61717173748006894b2b54ff_20250826174953.csv,61717173748006894b2b54ff,15,84.51666666666667,319.5625,98.4,60.66666666666667
experiment_61717173748006894b2b54ff_20250826175115.csv,61717173748006894b2b54ff,11,86.11320346320346,98.11309523809523,84.275,79.83333333333333
experiment_61717173748006894b2b54ff_20250826175153.csv,61717173748006894b2b54ff,14,84.21904761904761,106.41666666666667,82.31845238095238,90.65
experiment_61717173748006894b2b54ff_20250826175756.csv,61717173748006894b2b54ff,14,82.54799010513297,176.2277777777778,73.5576923076923,75.95
experiment_61717173748006894b2b54ff_20250826175900.csv,61717173748006894b2b54ff,10,77.65651709401709,335.22499999999997,81.54166666666666,165.91666666666666
experiment_6400e3697879c55c323f34d0_20250826123813.csv,6400e3697879c55c323f34d0,33,106.04528571428573,119.07204968944099,96.23108465608465,139.63839285714286
experiment_6400e3697879c55c323f34d0_20250826124041.csv,6400e3697879c55c323f34d0,47,94.15140692640692,110.76821219715957,94.37181818181818,78.77407407407408
experiment_6400e3697879c55c323f34d0_20250826124436.csv,6400e3697879c55c323f34d0,22,99.02278911564625,170.13194444444446,93.05,109.375
experiment_6400e3697879c55c323f34d0_20250826124619.csv,6400e3697879c55c323f34d0,34,98.31875000000001,96.88154761904761,90.49818181818182,120.6625
experiment_6400e3697879c55c323f34d0_20250826124816.csv,6400e3697879c55c323f34d0,27,122.22222222222223,367.8285714285714,2902.9821428571427,212.22435897435898
experiment_6400e3697879c55c323f34d0_20250826125028.csv,6400e3697879c55c323f34d0,54,101.08827160493827,102.7454481792717,211.44298245614036,140.2361678004535
experiment_6400e3697879c55c323f34d0_20250826125139.csv,6400e3697879c55c323f34d0,25,253.24272727272728,154.45833333333334,101.39966931216931,95.16018518518518
experiment_6400e3697879c55c323f34d0_20250826125335.csv,6400e3697879c55c323f34d0,52,86.87666666666667,276.525,91.25104166666667,77.41369047619048
experiment_649dba79b97070557ebe3d0b_20250827035238.csv,649dba79b97070557ebe3d0b,48,135.53429632867133,242.7307823129252,210.01666666666665,68.23333333333332
experiment_649dba79b97070557ebe3d0b_20250827035613.csv,649dba79b97070557ebe3d0b,56,157.50224665129554,108.65376984126983,125.8638888888889,141.3125
experiment_649dba79b97070557ebe3d0b_20250827035959.csv,649dba79b97070557ebe3d0b,127,124.99400183150183,68.4225,135.54234693877552,225.91538461538462
experiment_649dba79b97070557ebe3d0b_20250827040240.csv,649dba79b97070557ebe3d0b,85,1463.1331662489558,112.55654761904762,130.5544217687075,132.58163265306123
experiment_649dba79b97070557ebe3d0b_20250827040519.csv,649dba79b97070557ebe3d0b,103,118.23927527151211,51.9979797979798,117.46348484848485,59.19166666666666
experiment_649dba79b97070557ebe3d0b_20250827040939.csv,649dba79b97070557ebe3d0b,95,118.09848484848484,330.675,1158.8775910364147,95.01868686868687
experiment_649dba79b97070557ebe3d0b_20250827041158.csv,649dba79b97070557ebe3d0b,75,143.11666666666665,194.06666666666666,590.6051329622759,99.68194444444445
experiment_649dba79b97070557ebe3d0b_20250827041432.csv,649dba79b97070557ebe3d0b,79,133.5159171075838,68.40641025641025,125.62946428571428,68.125
experiment_64e8b6f73929dae22fc25705_20250827034016.csv,64e8b6f73929dae22fc25705,7,99.80374149659863,132.33333333333334,115.9,62.75
experiment_64e8b6f73929dae22fc25705_20250827034105.csv,64e8b6f73929dae22fc25705,17,91.11003607503608,95.156179138322,85.69642857142857,142.96031746031747
experiment_64e8b6f73929dae22fc25705_20250827034148.csv,64e8b6f73929dae22fc25705,9,94.46481481481482,90.83333333333334,98.7,114.80555555555556
experiment_64e8b6f73929dae22fc25705_20250827034238.csv,64e8b6f73929dae22fc25705,22,104.24964285714286,105.5517006802721,94.94920634920635,94.53703703703704
experiment_64e8b6f73929dae22fc25705_20250827034323.csv,64e8b6f73929dae22fc25705,8,98.74027777777778,786.9099264705883,99.75,62.0
experiment_64e8b6f73929dae22fc25705_20250827034458.csv,64e8b6f73929dae22fc25705,22,103.30853886853888,185.3249805749806,98.90401785714286,84.709375
experiment_64e8b6f73929dae22fc25705_20250827034540.csv,64e8b6f73929dae22fc25705,11,97.88214285714285,642.2685185185186,87.2625,74.31818181818181
experiment_64e8b6f73929dae22fc25705_20250827034636.csv,64e8b6f73929dae22fc25705,9,106.75874125874125,363.6875,101.526035868893,510.9
experiment_6527f153bea7b2d7c0d556e4_20250827020003.csv,6527f153bea7b2d7c0d556e4,53,2190.2370421245423,191.24191066066066,83.81037037037038,81.67444444444443
experiment_6527f153bea7b2d7c0d556e4_20250827020215.csv,6527f153bea7b2d7c0d556e4,37,96.07910510542088,102.96965811965812,91.66007395382395,202.2940476190476
experiment_6527f153bea7b2d7c0d556e4_20250827020421.csv,6527f153bea7b2d7c0d556e4,51,1192.902471042471,155.45925925925926,94.52832167832167,69.8216049382716
experiment_6527f153bea7b2d7c0d556e4_20250827020608.csv,6527f153bea7b2d7c0d556e4,21,99.2374255952381,209.82857142857145,95.84545454545454,69.0
experiment_6527f153bea7b2d7c0d556e4_20250827020822.csv,6527f153bea7b2d7c0d556e4,30,2894.154468127002,178.52736295962103,95.41666666666667,176.59375
experiment_6527f153bea7b2d7c0d556e4_20250827021128.csv,6527f153bea7b2d7c0d556e4,38,378.1633087803023,185.13143939393942,88.75,175.48148148148147
experiment_6527f153bea7b2d7c0d556e4_20250827021347.csv,6527f153bea7b2d7c0d556e4,24,518.0804425204426,339.59654789654786,94.74074074074075,74.475
experiment_6527f153bea7b2d7c0d556e4_20250827021555.csv,6527f153bea7b2d7c0d556e4,18,234.01675824175828,114.73518518518517,93.41462585034014,115.65555555555557
experiment_6538097b8793d9b90adc4667_20250827143620.csv,6538097b8793d9b90adc4667,13,71.70854557207498,272.79333333333335,69.27777777777777,95.07142857142858
experiment_6538097b8793d9b90adc4667_20250827143705.csv,6538097b8793d9b90adc4667,14,88.40289115646259,138.88982683982684,89.92083333333333,82.1111111111111
experiment_6538097b8793d9b90adc4667_20250827143856.csv,6538097b8793d9b90adc4667,11,80.47121212121212,100.92647058823529,82.58333333333334,119.625
experiment_6538097b8793d9b90adc4667_20250827143933.csv,6538097b8793d9b90adc4667,12,99.56261904761905,147.75,79.16071428571428,339.7916666666667
experiment_6538097b8793d9b90adc4667_20250827144052.csv,6538097b8793d9b90adc4667,11,82.22333333333333,118.15274725274726,76.83333333333334,86.25
experiment_6538097b8793d9b90adc4667_20250827144122.csv,6538097b8793d9b90adc4667,11,87.55753968253968,130.35714285714286,94.5,72.0
experiment_6538097b8793d9b90adc4667_20250827144346.csv,6538097b8793d9b90adc4667,8,91.81190476190477,137.75,112.25740740740741,155.71428571428572
experiment_6538097b8793d9b90adc4667_20250827144750.csv,6538097b8793d9b90adc4667,9,85.80666666666666,94.825,107.54166666666666,76.8125
experiment_65a3ec77f674ac3e98f0c6ac_20250827081018.csv,65a3ec77f674ac3e98f0c6ac,34,87.96811868686869,214.7795238095238,93.73333333333333,181.85833333333332
experiment_65a3ec77f674ac3e98f0c6ac_20250827081127.csv,65a3ec77f674ac3e98f0c6ac,17,113.84935897435898,252.35,102.29679487179487,236.15333333333336
experiment_65a3ec77f674ac3e98f0c6ac_20250827081246.csv,65a3ec77f674ac3e98f0c6ac,8,88.76923076923077,172.91666666666666,102.76666666666667,584.125
experiment_65a3ec77f674ac3e98f0c6ac_20250827081524.csv,65a3ec77f674ac3e98f0c6ac,37,84.47539682539683,225.74656084656087,2388.153846153846,163.65
experiment_65a3ec77f674ac3e98f0c6ac_20250827081631.csv,65a3ec77f674ac3e98f0c6ac,13,77.11607142857143,158.01538461538462,83.51666666666667,126.54166666666666
experiment_65a3ec77f674ac3e98f0c6ac_20250827081742.csv,65a3ec77f674ac3e98f0c6ac,15,85.34074074074074,474.08611111111105,96.64444444444445,190.9375
experiment_65a3ec77f674ac3e98f0c6ac_20250827081821.csv,65a3ec77f674ac3e98f0c6ac,6,83.2,162.75,70.54166666666667,210.82142857142856
experiment_65a3ec77f674ac3e98f0c6ac_20250827081902.csv,65a3ec77f674ac3e98f0c6ac,6,114.375,184.0,103.30441176470589,225.58333333333334
experiment_65a3f4da297bacfcc92dead2_20250827092530.csv,65a3f4da297bacfcc92dead2,15,190.7974784319322,266.4902597402597,83.13888888888889,93.66666666666667
experiment_65a3f4da297bacfcc92dead2_20250827092700.csv,65a3f4da297bacfcc92dead2,10,413.5206896551724,326.4788431677019,101.375,398.5833333333333
experiment_65a3f4da297bacfcc92dead2_20250827092919.csv,65a3f4da297bacfcc92dead2,21,125.1369395711501,274.85,123.67222222222222,204.88394383394385
experiment_65a3f4da297bacfcc92dead2_20250827093020.csv,65a3f4da297bacfcc92dead2,9,96.55,68.91666666666667,100.8,94.2
experiment_65a3f4da297bacfcc92dead2_20250827093100.csv,65a3f4da297bacfcc92dead2,9,107.5142857142857,136.0,111.4,60.5
experiment_65a3f4da297bacfcc92dead2_20250827093210.csv,65a3f4da297bacfcc92dead2,13,568.6102150537635,140.85365853658539,138.84920634920636,177.44444444444446
experiment_65a3f4da297bacfcc92dead2_20250827093335.csv,65a3f4da297bacfcc92dead2,17,118.41506602641054,284.3333333333333,104.29,46.2
experiment_65a3f4da297bacfcc92dead2_20250827093451.csv,65a3f4da297bacfcc92dead2,11,101.55,361.3897058823529,117.82407407407408,189.14074074074074
experiment_65c7b42c1c15b1064e26f265_20250826224116.csv,65c7b42c1c15b1064e26f265,1,186.82142857142858,2.111111111111111,186.82142857142858,2.111111111111111
experiment_65c7b42c1c15b1064e26f265_20250826224130.csv,65c7b42c1c15b1064e26f265,1,103.76,112.4,103.76,112.4
experiment_65c7b42c1c15b1064e26f265_20250826224151.csv,65c7b42c1c15b1064e26f265,1,97.95,53.3,97.95,53.3
experiment_65c7b42c1c15b1064e26f265_20250826224209.csv,65c7b42c1c15b1064e26f265,1,228.52380952380952,58.44444444444444,228.52380952380952,58.44444444444444
experiment_65c7b42c1c15b1064e26f265_20250826224210.csv,65c7b42c1c15b1064e26f265,1,228.52380952380952,58.44444444444444,228.52380952380952,58.44444444444444
experiment_65c7b42c1c15b1064e26f265_20250826224226.csv,65c7b42c1c15b1064e26f265,1,148.45454545454547,111.88888888888889,148.45454545454547,111.88888888888889
experiment_65c7b42c1c15b1064e26f265_20250826224238.csv,65c7b42c1c15b1064e26f265,1,107.92,88.5,107.92,88.5
experiment_65c7b42c1c15b1064e26f265_20250826224239.csv,65c7b42c1c15b1064e26f265,1,107.92,88.5,107.92,88.5
experiment_65cf6d8a589a67afcab54e6f_20250827123551.csv,65cf6d8a589a67afcab54e6f,114,1466.6829155262083,224.31541666666666,90.41388888888889,140.83809523809524
experiment_65cf6d8a589a67afcab54e6f_20250827124105.csv,65cf6d8a589a67afcab54e6f,58,101.09940476190476,109.7452380952381,93.92592592592592,748.7866666666666
experiment_65cf6d8a589a67afcab54e6f_20250827124307.csv,65cf6d8a589a67afcab54e6f,39,103.2936507936508,522.1777777777777,91.76190476190476,96.88333333333333
experiment_65cf6d8a589a67afcab54e6f_20250827124501.csv,65cf6d8a589a67afcab54e6f,33,112.55555555555556,95.5,101.24033613445377,75.94444444444446
experiment_65cf6d8a589a67afcab54e6f_20250827124735.csv,65cf6d8a589a67afcab54e6f,58,104.72380952380952,2148.759259259259,90.52380952380952,108.46875
experiment_65cf6d8a589a67afcab54e6f_20250827124940.csv,65cf6d8a589a67afcab54e6f,43,97.25,107.7,86.89999999999999,185.29523809523812
experiment_65cf6d8a589a67afcab54e6f_20250827125109.csv,65cf6d8a589a67afcab54e6f,28,1400.4690476190474,98.4375,96.97380952380952,85.55555555555556
experiment_65cf6d8a589a67afcab54e6f_20250827125253.csv,65cf6d8a589a67afcab54e6f,29,97.75357142857142,290.325,98.77777777777777,92.66666666666667
experiment_65eafe348dd7dad3b69be921_20250827113009.csv,65eafe348dd7dad3b69be921,29,102.57262293806411,557.0040966386555,89.77954545454544,250.2922077922078
experiment_65eafe348dd7dad3b69be921_20250827113457.csv,65eafe348dd7dad3b69be921,12,1817.4100773850773,278.06079956240484,103.68055555555556,223.0
experiment_65eafe348dd7dad3b69be921_20250827113736.csv,65eafe348dd7dad3b69be921,19,911.9508894543511,229.79925390701254,97.25656565656566,145.96666666666667
experiment_65eafe348dd7dad3b69be921_20250827114014.csv,65eafe348dd7dad3b69be921,25,89.54073508191155,297.8061375661376,82.24196428571429,124.40937499999998
experiment_65eafe348dd7dad3b69be921_20250827114136.csv,65eafe348dd7dad3b69be921,18,92.98846254755345,173.10714285714283,86.48134920634922,123.39625850340136
experiment_65eafe348dd7dad3b69be921_20250827114334.csv,65eafe348dd7dad3b69be921,30,84.87519841269841,185.762030075188,79.76340388007056,110.77314814814814
experiment_65eafe348dd7dad3b69be921_20250827114531.csv,65eafe348dd7dad3b69be921,23,1977.0275793650794,582.0200396825396,241.62188208616786,165.64374999999998
experiment_65eafe348dd7dad3b69be921_20250827114810.csv,65eafe348dd7dad3b69be921,40,1415.9497023809524,299.09834772115477,169.8969576719577,286.63368055555554
experiment_65f03cac071873738667ccbb_20250827092250.csv,65f03cac071873738667ccbb,39,114.07281746031745,145.80287698412698,2626.555421539245,246.44668294668296
experiment_65f03cac071873738667ccbb_20250827092521.csv,65f03cac071873738667ccbb,39,124.06628151260503,184.90617283950618,114.63639455782311,176.78674242424242
experiment_65f03cac071873738667ccbb_20250827092725.csv,65f03cac071873738667ccbb,28,1300.7926192067737,134.35119047619048,357.04005947755945,199.40094856124267
experiment_65f03cac071873738667ccbb_20250827092927.csv,65f03cac071873738667ccbb,27,115.01115689865688,278.4433760683761,133.0058898329787,179.32492129083036
experiment_65f03cac071873738667ccbb_20250827093155.csv,65f03cac071873738667ccbb,26,1748.2387413091963,435.6589682539683,806.9860317843078,422.42831890331894
experiment_65f03cac071873738667ccbb_20250827093335.csv,65f03cac071873738667ccbb,13,534.1629251700681,168.4271978021978,533.329415954416,659.6875
experiment_65f03cac071873738667ccbb_20250827093525.csv,65f03cac071873738667ccbb,33,438.46764705882356,178.57738095238096,573.9253563596491,177.37193362193364
experiment_65f03cac071873738667ccbb_20250827093626.csv,65f03cac071873738667ccbb,12,118.91666666666667,222.47619047619048,393.09955357142854,162.89652777777778
experiment_65f1ee12589aa15061efa22a_20250826152638.csv,65f1ee12589aa15061efa22a,124,78.83140703890172,212.64236405144212,75.74299903289827,207.44055094765176
experiment_65f1ee12589aa15061efa22a_20250826153420.csv,65f1ee12589aa15061efa22a,49,74.27835127603589,284.60764735914057,105.0625,351.8333333333333
experiment_65f1ee12589aa15061efa22a_20250826154549.csv,65f1ee12589aa15061efa22a,113,137.73467041202503,411.81767061016774,74.64188988095238,318.13147963147964
experiment_65f1ee12589aa15061efa22a_20250826155141.csv,65f1ee12589aa15061efa22a,46,88.72803642435996,241.6784992784993,102.0625,198.0
experiment_65f1ee12589aa15061efa22a_20250826155636.csv,65f1ee12589aa15061efa22a,85,73.84927013405277,174.28015045064228,77.0230876068376,165.49166666666665
experiment_65f1ee12589aa15061efa22a_20250826160304.csv,65f1ee12589aa15061efa22a,98,2342.032840909091,196.55277777777778,4394.361034788729,524.8423848878394
experiment_65f1ee12589aa15061efa22a_20250826160449.csv,65f1ee12589aa15061efa22a,37,75.55303576631701,195.24608843537416,65.48690476190477,234.55714285714282
experiment_65f1ee12589aa15061efa22a_20250826160636.csv,65f1ee12589aa15061efa22a,39,73.71091803819075,217.1810405643739,76.2439393939394,152.0625
experiment_65f333c755d191fcd18fa279_20250826134900.csv,65f333c755d191fcd18fa279,54,117.85609702797203,110.72820512820513,109.20105820105819,99.55555555555556
experiment_65f333c755d191fcd18fa279_20250826135249.csv,65f333c755d191fcd18fa279,50,178.5040404040404,141.4107142857143,115.26668831168831,138.57555555555555
experiment_65f333c755d191fcd18fa279_20250826135554.csv,65f333c755d191fcd18fa279,42,113.21502976190476,198.68238095238095,105.72583333333334,114.48403388278389
experiment_65f333c755d191fcd18fa279_20250826135842.csv,65f333c755d191fcd18fa279,65,122.90694444444443,121.77190476190476,114.24027777777776,183.63888888888889
experiment_65f333c755d191fcd18fa279_20250826140107.csv,65f333c755d191fcd18fa279,37,110.22916666666666,131.9990740740741,104.79761904761907,125.11454545454544
experiment_65f333c755d191fcd18fa279_20250826140358.csv,65f333c755d191fcd18fa279,56,110.54251700680271,98.9936904761905,111.58337334933972,93.94574829931972
experiment_65f333c755d191fcd18fa279_20250826140611.csv,65f333c755d191fcd18fa279,30,110.12581453634085,327.2546296296297,100.43333333333334,61.416666666666664
experiment_65f333c755d191fcd18fa279_20250826141148.csv,65f333c755d191fcd18fa279,42,114.04484126984129,122.5875850340136,121.65205128205127,85.36515151515151
experiment_65fb34c4df61f03ce0dd6dd9_20250827094245.csv,65fb34c4df61f03ce0dd6dd9,19,89.88095238095238,162.95833333333331,83.59166666666667,121.93650793650791
experiment_65fb34c4df61f03ce0dd6dd9_20250827094458.csv,65fb34c4df61f03ce0dd6dd9,17,87.61777777777777,147.755,74.6896551724138,204.73809523809524
experiment_65fb34c4df61f03ce0dd6dd9_20250827094639.csv,65fb34c4df61f03ce0dd6dd9,16,84.36458333333333,136.14247311827958,69.86666666666667,409.73809523809524
experiment_65fb34c4df61f03ce0dd6dd9_20250827094844.csv,65fb34c4df61f03ce0dd6dd9,16,72.63636363636364,161.3,105.18714285714286,325.6333333333333
experiment_65fb34c4df61f03ce0dd6dd9_20250827095006.csv,65fb34c4df61f03ce0dd6dd9,15,85.58267195767195,195.5010582010582,83.4,143.25
experiment_65fb34c4df61f03ce0dd6dd9_20250827095144.csv,65fb34c4df61f03ce0dd6dd9,18,91.1577097505669,199.3563492063492,104.75,163.83333333333334
experiment_65fb34c4df61f03ce0dd6dd9_20250827095330.csv,65fb34c4df61f03ce0dd6dd9,23,80.98611111111113,230.53246753246754,86.35039682539681,171.896768707483
experiment_65fb34c4df61f03ce0dd6dd9_20250827095609.csv,65fb34c4df61f03ce0dd6dd9,33,82.8406746031746,331.34391534391534,89.64063852813852,202.80624574256154
experiment_65fc95c627592d85499ae358_20250819165809.csv,65fc95c627592d85499ae358,31,93.05130952380952,338.50899470899475,80.00227272727274,179.1626984126984
experiment_65fc95c627592d85499ae358_20250819170352.csv,65fc95c627592d85499ae358,75,89.38549311138597,149.86334311656333,93.8047619047619,89.875
experiment_65fc95c627592d85499ae358_20250819170605.csv,65fc95c627592d85499ae358,15,82.49479166666666,200.07857142857142,90.9090909090909,178.22222222222223
experiment_65fc95c627592d85499ae358_20250819171143.csv,65fc95c627592d85499ae358,56,86.74924242424244,282.7321428571429,93.10222222222222,309.77767857142857
experiment_65fc95c627592d85499ae358_20250819171423.csv,65fc95c627592d85499ae358,18,104.93153846153845,136.0462962962963,89.71137566137565,178.70648148148146
experiment_65fc95c627592d85499ae358_20250819172025.csv,65fc95c627592d85499ae358,22,91.58148148148149,224.6095238095238,87.27678571428572,209.0448717948718
experiment_65fc95c627592d85499ae358_20250819172435.csv,65fc95c627592d85499ae358,25,87.27863095238095,142.9390142021721,108.19444444444444,264.3529411764706
experiment_65fc95c627592d85499ae358_20250819172658.csv,65fc95c627592d85499ae358,23,95.88544266191325,161.16776556776557,95.27777777777779,170.76190476190476
experiment_65fda4aa45ba55e983e2a2d9_20250827040319.csv,65fda4aa45ba55e983e2a2d9,30,1607.7745592948718,267.90401154401155,101.40569430569431,301.18739316239316
experiment_65fda4aa45ba55e983e2a2d9_20250827040608.csv,65fda4aa45ba55e983e2a2d9,22,113.37282661782662,773.7316403834262,103.75476190476192,362.7829365079365
experiment_65fda4aa45ba55e983e2a2d9_20250827041057.csv,65fda4aa45ba55e983e2a2d9,29,106.26473922902494,359.5013888888889,103.0546218487395,189.42037037037036
experiment_65fda4aa45ba55e983e2a2d9_20250827041323.csv,65fda4aa45ba55e983e2a2d9,22,107.84947916666667,389.484126984127,105.23242630385487,221.97142857142856
experiment_65fda4aa45ba55e983e2a2d9_20250827041645.csv,65fda4aa45ba55e983e2a2d9,29,112.66986215538849,402.9174107142858,109.45761904761905,102.27777777777777
experiment_65fda4aa45ba55e983e2a2d9_20250827041827.csv,65fda4aa45ba55e983e2a2d9,24,106.71342203548086,145.16225198412698,126.04251700680273,288.9857142857143
experiment_65fda4aa45ba55e983e2a2d9_20250827041958.csv,65fda4aa45ba55e983e2a2d9,20,691.0781179138323,217.48214285714283,116.39047619047619,272.45
experiment_65fda4aa45ba55e983e2a2d9_20250827042205.csv,65fda4aa45ba55e983e2a2d9,24,115.32587719298245,117.07470238095239,124.63333333333335,364.73333333333335
experiment_6614435124bf16e7a24f9662_20250827115207.csv,6614435124bf16e7a24f9662,21,94.350814000814,157.64507575757574,91.475,199.52777777777774
experiment_6614435124bf16e7a24f9662_20250827115412.csv,6614435124bf16e7a24f9662,16,95.47380952380954,154.7547619047619,112.0,278.875
experiment_6614435124bf16e7a24f9662_20250827115723.csv,6614435124bf16e7a24f9662,15,104.86785714285715,221.45000000000002,118.92007575757576,233.27182539682542
experiment_6614435124bf16e7a24f9662_20250827121241.csv,6614435124bf16e7a24f9662,12,98.47222222222223,382.8425925925926,85.31666666666666,357.975
experiment_6614435124bf16e7a24f9662_20250827121659.csv,6614435124bf16e7a24f9662,11,108.10571016285303,404.84007936507936,79.25,8368.2
experiment_6614435124bf16e7a24f9662_20250827122028.csv,6614435124bf16e7a24f9662,9,85.65535714285714,280.4041666666667,73.88888888888889,361.7142857142857
experiment_6614435124bf16e7a24f9662_20250827122304.csv,6614435124bf16e7a24f9662,8,84.30238095238096,355.3333333333333,67.5,353.6666666666667
experiment_6614435124bf16e7a24f9662_20250827122637.csv,6614435124bf16e7a24f9662,9,82.015625,154.72083333333333,77.5625,397.8
experiment_661564c766603e80ca4c3184_20250826163603.csv,661564c766603e80ca4c3184,11,929.9591304347827,67.18939393939394,131.29166666666669,34.83333333333333
experiment_661564c766603e80ca4c3184_20250826163947.csv,661564c766603e80ca4c3184,21,84.45132275132275,276.75104166666665,86.08928571428572,64.98717948717949
experiment_661564c766603e80ca4c3184_20250826164233.csv,661564c766603e80ca4c3184,14,89.77809523809523,165.10333333333332,85.16666666666666,88.5
experiment_661564c766603e80ca4c3184_20250826164520.csv,661564c766603e80ca4c3184,15,80.80555555555556,81.64166666666667,67.16666666666667,82.33333333333333
experiment_661564c766603e80ca4c3184_20250826164819.csv,661564c766603e80ca4c3184,10,79.72619047619047,217.5,77.12857142857143,143.25
experiment_661564c766603e80ca4c3184_20250826165148.csv,661564c766603e80ca4c3184,25,89.35193452380952,116.4125,90.77810846560847,119.0
experiment_661564c766603e80ca4c3184_20250826165745.csv,661564c766603e80ca4c3184,14,87.25,138.63392857142858,82.875,119.08809523809524
experiment_661564c766603e80ca4c3184_20250826165952.csv,661564c766603e80ca4c3184,12,89.08571428571429,189.47333333333333,85.4,58.333333333333336
experiment_663068f52490bf6d13f95968_20250827030140.csv,663068f52490bf6d13f95968,13,79.30227272727272,68.78030303030302,1707.2142857142858,146.25
experiment_663068f52490bf6d13f95968_20250827030416.csv,663068f52490bf6d13f95968,67,405.74169029565445,131.68266017608124,76.59449404761904,112.28154761904761
experiment_663068f52490bf6d13f95968_20250827030442.csv,663068f52490bf6d13f95968,6,77.96031746031747,96.94444444444444,93.65238095238095,163.55555555555554
experiment_663068f52490bf6d13f95968_20250827030614.csv,663068f52490bf6d13f95968,40,77.90128205128204,120.45199999999998,234.9644733755571,145.62437888198758
experiment_663068f52490bf6d13f95968_20250827030627.csv,663068f52490bf6d13f95968,3,100.5,98.8,85.0,92.625
experiment_663068f52490bf6d13f95968_20250827030817.csv,663068f52490bf6d13f95968,29,79.58924603174603,107.76885175010175,85.05,55.5
experiment_663068f52490bf6d13f95968_20250827030835.csv,663068f52490bf6d13f95968,3,105.0,99.2,258.5,88.5
experiment_663068f52490bf6d13f95968_20250827031546.csv,663068f52490bf6d13f95968,35,78.81361607142857,133.0792857142857,84.53333333333335,94.25
experiment_66321cfc446914f3b199e193_20250827105624.csv,66321cfc446914f3b199e193,27,102.51117810760668,267.17755102040815,99.16666666666667,280.8
experiment_66321cfc446914f3b199e193_20250827110215.csv,66321cfc446914f3b199e193,61,96.19740558292283,439.9913533834586,98.01527176527176,307.2169312169312
experiment_66321cfc446914f3b199e193_20250827110448.csv,66321cfc446914f3b199e193,25,97.5404761904762,227.89844877344876,101.14714714714715,277.5388888888889
experiment_66321cfc446914f3b199e193_20250827111048.csv,66321cfc446914f3b199e193,70,89.84248527503242,269.5986909902963,90.50806878306878,331.7683473389356
experiment_66321cfc446914f3b199e193_20250827111258.csv,66321cfc446914f3b199e193,24,100.1417004048583,252.03081232492994,104.22333333333333,130.79583333333335
experiment_66321cfc446914f3b199e193_20250827111743.csv,66321cfc446914f3b199e193,41,2227.445207570207,344.61659451659455,2547.9791666666665,249.20873015873016
experiment_66321cfc446914f3b199e193_20250827112102.csv,66321cfc446914f3b199e193,54,93.48954517704519,300.50166666666667,85.95984848484846,188.2585497835498
experiment_66321cfc446914f3b199e193_20250827112427.csv,66321cfc446914f3b199e193,39,93.531768707483,251.7305785123967,84.46785714285714,280.1515151515152
experiment_663378460f834e9670d1508c_20250827132822.csv,663378460f834e9670d1508c,69,85.0765873015873,149.2388888888889,84.01984126984128,454.1761904761905
experiment_663378460f834e9670d1508c_20250827133253.csv,663378460f834e9670d1508c,42,87.13015873015873,248.15370370370374,82.52020202020202,251.09027777777777
experiment_663378460f834e9670d1508c_20250827133628.csv,663378460f834e9670d1508c,50,72.87732426303855,543.073469387755,208.4772026992615,174.69232804232806
experiment_663378460f834e9670d1508c_20250827133849.csv,663378460f834e9670d1508c,32,88.84413919413919,215.05,84.33333333333334,177.41666666666666
experiment_663378460f834e9670d1508c_20250827134408.csv,663378460f834e9670d1508c,47,81.33783730158731,232.0538690476191,338.6111633249791,228.77470403255637
experiment_663378460f834e9670d1508c_20250827135206.csv,663378460f834e9670d1508c,125,442.7678090428091,208.61630681818178,156.1728835978836,205.90853174603174
experiment_663378460f834e9670d1508c_20250827135723.csv,663378460f834e9670d1508c,72,78.71411736411736,269.6766102944674,82.0709595959596,562.4356261022928
experiment_663378460f834e9670d1508c_20250827140210.csv,663378460f834e9670d1508c,66,158.85454365079363,203.4492968551057,202.2004596032898,207.47727272727275
experiment_6635344fb4ae723326e3ce04_20250826132024.csv,6635344fb4ae723326e3ce04,7,107.75,183.33333333333334,153.5,369.5
experiment_6635344fb4ae723326e3ce04_20250826132250.csv,6635344fb4ae723326e3ce04,9,80.54464285714286,652.4981684981685,87.5,271.6666666666667
experiment_6635344fb4ae723326e3ce04_20250826132502.csv,6635344fb4ae723326e3ce04,11,85.0068783068783,292.415,86.0,227.0
experiment_6635344fb4ae723326e3ce04_20250826132624.csv,6635344fb4ae723326e3ce04,8,111.45238095238095,195.9333333333333,95.44444444444444,267.875
experiment_6635344fb4ae723326e3ce04_20250826132907.csv,6635344fb4ae723326e3ce04,11,84.61731601731603,265.36785714285713,136.0,46.0
experiment_6635344fb4ae723326e3ce04_20250826133223.csv,6635344fb4ae723326e3ce04,10,97.36285714285714,348.58241758241763,92.25,226.66666666666666
experiment_6635344fb4ae723326e3ce04_20250826133323.csv,6635344fb4ae723326e3ce04,9,99.97999999999999,380.9791666666667,81.0,277.0
experiment_6635344fb4ae723326e3ce04_20250826133518.csv,6635344fb4ae723326e3ce04,7,91.31666666666666,333.4603174603175,79.88888888888889,293.75
experiment_6643495b44af166c626762cd_20250819155555.csv,6643495b44af166c626762cd,17,98.94814814814815,181.38722826086956,88.41666666666667,573.9761904761905
experiment_6643495b44af166c626762cd_20250819155834.csv,6643495b44af166c626762cd,55,104.07074829931972,203.72727272727272,93.35443722943724,115.53703703703702
experiment_6643495b44af166c626762cd_20250819155956.csv,6643495b44af166c626762cd,14,118.09350492502666,161.12807486631016,113.27380952380952,82.55555555555556
experiment_6643495b44af166c626762cd_20250819160208.csv,6643495b44af166c626762cd,42,96.43593189964157,205.47023809523813,95.43444444444444,240.62499999999997
experiment_6643495b44af166c626762cd_20250819160307.csv,6643495b44af166c626762cd,20,95.78365800865801,161.2996031746032,91.92321428571428,164.63888888888889
experiment_6643495b44af166c626762cd_20250819160610.csv,6643495b44af166c626762cd,45,100.03254483611624,164.71304302422723,88.78458498023714,322.6303118908382
experiment_6643495b44af166c626762cd_20250819160707.csv,6643495b44af166c626762cd,17,99.96190476190478,121.5095238095238,90.27934472934473,135.56944444444443
experiment_6643495b44af166c626762cd_20250819160831.csv,6643495b44af166c626762cd,23,99.7678469569646,218.68204365079364,88.42756410256409,142.31794871794872
experiment_664b44d8a11f1bcbba9e0494_20250827045451.csv,664b44d8a11f1bcbba9e0494,25,84.43333333333334,124.25333333333333,87.03333333333335,153.34920634920636
experiment_664b44d8a11f1bcbba9e0494_20250827045629.csv,664b44d8a11f1bcbba9e0494,23,83.79155555555556,140.3892857142857,92.59595959595958,141.20555555555555
experiment_664b44d8a11f1bcbba9e0494_20250827045742.csv,664b44d8a11f1bcbba9e0494,27,88.4920634920635,92.43888888888888,94.17857142857143,126.7047619047619
experiment_664b44d8a11f1bcbba9e0494_20250827045845.csv,664b44d8a11f1bcbba9e0494,20,82.27430555555556,159.36944444444444,90.52380952380952,135.1263157894737
experiment_664b44d8a11f1bcbba9e0494_20250827050010.csv,664b44d8a11f1bcbba9e0494,34,85.31688311688312,164.97790404040404,82.96875,124.2251984126984
experiment_664b44d8a11f1bcbba9e0494_20250827050207.csv,664b44d8a11f1bcbba9e0494,45,87.25757575757575,204.65,86.94444444444444,131.9375
experiment_664b44d8a11f1bcbba9e0494_20250827050356.csv,664b44d8a11f1bcbba9e0494,28,80.41666666666667,147.7070707070707,77.66527777777777,168.4034090909091
experiment_664b44d8a11f1bcbba9e0494_20250827050608.csv,664b44d8a11f1bcbba9e0494,52,79.18681318681318,680.1666666666666,88.90714285714286,151.91212121212124
experiment_664c8dd7baa052f7b1e88417_20250826174453.csv,664c8dd7baa052f7b1e88417,27,66.04166666666667,262.4,57.35185185185185,717.5625
experiment_664c8dd7baa052f7b1e88417_20250826174734.csv,664c8dd7baa052f7b1e88417,18,55.37632575757575,456.3422619047619,57.43333333333334,252.16666666666666
experiment_664c8dd7baa052f7b1e88417_20250826175028.csv,664c8dd7baa052f7b1e88417,14,57.62916666666666,221.52500000000003,61.08536585365854,550.95
experiment_664c8dd7baa052f7b1e88417_20250826175139.csv,664c8dd7baa052f7b1e88417,11,62.5625,298.5238095238095,65.53333333333333,232.375
experiment_664c8dd7baa052f7b1e88417_20250826175316.csv,664c8dd7baa052f7b1e88417,21,57.972929292929294,207.07222222222222,44.72222222222223,473.439393939394
experiment_664c8dd7baa052f7b1e88417_20250826175558.csv,664c8dd7baa052f7b1e88417,11,56.932242063492055,282.9828869047619,70.25925925925925,524.4933333333333
experiment_664c8dd7baa052f7b1e88417_20250826175738.csv,664c8dd7baa052f7b1e88417,19,54.99325396825397,301.4260204081633,50.615,461.64428571428573
experiment_664c8dd7baa052f7b1e88417_20250826175848.csv,664c8dd7baa052f7b1e88417,16,56.85650793650793,207.02314814814815,45.28977272727273,299.0952380952381
experiment_664e413a5f3eb7f99d90e15b_20250826191757.csv,664e413a5f3eb7f99d90e15b,61,122.80403726708077,509.5039151637835,134.13597374847376,480.6004718660968
experiment_664e413a5f3eb7f99d90e15b_20250826192354.csv,664e413a5f3eb7f99d90e15b,45,120.51934065934066,716.7424242424242,112.93451345755692,326.958818958819
experiment_664e413a5f3eb7f99d90e15b_20250826192643.csv,664e413a5f3eb7f99d90e15b,5,114.28571428571428,345.9166666666667,85.83333333333333,424.0
experiment_664e413a5f3eb7f99d90e15b_20250826193141.csv,664e413a5f3eb7f99d90e15b,54,127.28588078588078,352.58582427058036,127.05,149.33333333333334
experiment_664e413a5f3eb7f99d90e15b_20250826193708.csv,664e413a5f3eb7f99d90e15b,54,119.32352715643425,238.06841283716284,93.13736263736264,404.4029198635976
experiment_664e413a5f3eb7f99d90e15b_20250826194048.csv,664e413a5f3eb7f99d90e15b,46,113.91000625390869,362.2345227788085,141.64285714285717,534.75
experiment_664e413a5f3eb7f99d90e15b_20250826194611.csv,664e413a5f3eb7f99d90e15b,66,113.99097646797647,278.9521599777035,114.32729640151516,357.78882783882784
experiment_664e413a5f3eb7f99d90e15b_20250826194947.csv,664e413a5f3eb7f99d90e15b,37,111.14859502359502,254.24418402777775,116.81269841269841,154.08214285714286
experiment_664fa86722f5339adebd32ec_20250827145607.csv,664fa86722f5339adebd32ec,10,106.03666666666666,543.6490299823632,118.0,1515.5
experiment_664fa86722f5339adebd32ec_20250827150103.csv,664fa86722f5339adebd32ec,34,562.3336071618118,467.6528275364482,103.5,234.08333333333334
experiment_664fa86722f5339adebd32ec_20250827150309.csv,664fa86722f5339adebd32ec,9,99.72222222222221,291.8627450980392,96.75925925925925,319.3352941176471
experiment_664fa86722f5339adebd32ec_20250827150815.csv,664fa86722f5339adebd32ec,22,101.94298245614036,369.02036650580413,113.8888888888889,633.3
experiment_664fa86722f5339adebd32ec_20250827151110.csv,664fa86722f5339adebd32ec,13,103.78958333333334,269.0405797101449,99.76893939393939,616.35
experiment_664fa86722f5339adebd32ec_20250827151433.csv,664fa86722f5339adebd32ec,10,110.50833333333335,339.8380952380952,106.27838827838828,375.97222222222223
experiment_664fa86722f5339adebd32ec_20250827151627.csv,664fa86722f5339adebd32ec,11,119.52990196078431,356.1361350574713,80.625,322.42857142857144
experiment_664fa86722f5339adebd32ec_20250827151843.csv,664fa86722f5339adebd32ec,8,1583.4416666666666,378.87166666666667,155.55714285714285,582.2111111111111
experiment_666f76b68b89442817be678a_20250827043255.csv,666f76b68b89442817be678a,12,134.27678571428572,2148.25,108.33333333333333,547.5
experiment_666f76b68b89442817be678a_20250827043510.csv,666f76b68b89442817be678a,14,131.08928571428572,736.8666666666667,95.83333333333333,673.2727272727273
experiment_666f76b68b89442817be678a_20250827043631.csv,666f76b68b89442817be678a,10,100.75,586.0,104.71428571428571,630.1666666666666
experiment_666f76b68b89442817be678a_20250827043905.csv,666f76b68b89442817be678a,23,106.55833333333334,707.125,94.45454545454545,643.1
experiment_666f76b68b89442817be678a_20250827044000.csv,666f76b68b89442817be678a,13,91.5,464.22222222222223,81.33333333333333,380.4
experiment_666f76b68b89442817be678a_20250827044216.csv,666f76b68b89442817be678a,14,110.4,868.4444444444445,84.23076923076923,532.25
experiment_666f76b68b89442817be678a_20250827044433.csv,666f76b68b89442817be678a,9,96.11111111111111,546.75,92.2,493.0
experiment_666f76b68b89442817be678a_20250827044818.csv,666f76b68b89442817be678a,21,111.83333333333333,469.9,107.26666666666667,611.6428571428571
experiment_6672bf56d51710391ce2164d_20250827065429.csv,6672bf56d51710391ce2164d,68,99.48333333333333,131.83703703703705,313.3389117826618,86.97979797979798
experiment_6672bf56d51710391ce2164d_20250827065546.csv,6672bf56d51710391ce2164d,30,108.89015151515152,69.96825396825398,95.94666666666667,100.4875
experiment_6672bf56d51710391ce2164d_20250827065631.csv,6672bf56d51710391ce2164d,21,89.5,,91.8,50.666666666666664
experiment_6672bf56d51710391ce2164d_20250827065820.csv,6672bf56d51710391ce2164d,47,118.6948051948052,199.52232142857144,108.625,72.16666666666666
experiment_6672bf56d51710391ce2164d_20250827065928.csv,6672bf56d51710391ce2164d,24,7028.3,126.5,109.4,121.59166666666667
experiment_6672bf56d51710391ce2164d_20250827070122.csv,6672bf56d51710391ce2164d,38,99.3386111111111,100.20381944444445,97.83333333333334,82.67857142857143
experiment_6672bf56d51710391ce2164d_20250827070316.csv,6672bf56d51710391ce2164d,55,100.4146640496103,101.11593406593407,97.41428571428571,54.416666666666664
experiment_6672bf56d51710391ce2164d_20250827070412.csv,6672bf56d51710391ce2164d,25,97.48166666666665,96.13095238095238,99.86666666666667,110.91666666666667
experiment_6672fea3fe6378e257b6ef25_20250826232322.csv,6672fea3fe6378e257b6ef25,39,128.7091066919192,148.1292328042328,127.92239583333333,208.38000000000002
experiment_6672fea3fe6378e257b6ef25_20250826233453.csv,6672fea3fe6378e257b6ef25,78,4692.823630291277,289.43932676518887,170.8467171717172,127.03477443609022
experiment_6672fea3fe6378e257b6ef25_20250826234654.csv,6672fea3fe6378e257b6ef25,50,2389.316310892173,771.9755888376857,126.97291666666666,218.96331168831168
experiment_6672fea3fe6378e257b6ef25_20250826235530.csv,6672fea3fe6378e257b6ef25,69,3368.2974807599808,177.49384920634918,132.21255411255413,1191.1766666666667
experiment_6672fea3fe6378e257b6ef25_20250827001005.csv,6672fea3fe6378e257b6ef25,161,4588.436602806868,295.39067995496566,132.5892089835583,206.30199652777776
experiment_6672fea3fe6378e257b6ef25_20250827001338.csv,6672fea3fe6378e257b6ef25,58,1012.3703986291487,187.41510416666665,1317.4782302543192,223.61805555555557
experiment_6672fea3fe6378e257b6ef25_20250827001601.csv,6672fea3fe6378e257b6ef25,37,125.19039518174132,126.35514775079992,127.34617003367003,407.1727941176471
experiment_6672fea3fe6378e257b6ef25_20250827001819.csv,6672fea3fe6378e257b6ef25,53,127.40413128360697,72.5344149094149,1740.1000000000001,967.2575757575759
experiment_6679a3b7cb020a6e4728eac5_20250826125226.csv,6679a3b7cb020a6e4728eac5,33,96.58453843165383,95.27232142857143,100.2031746031746,192.96700680272107
experiment_6679a3b7cb020a6e4728eac5_20250826125403.csv,6679a3b7cb020a6e4728eac5,40,97.34696969696971,105.67956043956045,87.49889520202021,106.53508771929823
experiment_6679a3b7cb020a6e4728eac5_20250826125556.csv,6679a3b7cb020a6e4728eac5,27,357.0217031425364,128.99735737290086,87.02925170068026,111.57142857142857
experiment_6679a3b7cb020a6e4728eac5_20250826125824.csv,6679a3b7cb020a6e4728eac5,48,90.07592592592593,121.3662037037037,96.65395909645909,112.27666666666666
experiment_6679a3b7cb020a6e4728eac5_20250826125919.csv,6679a3b7cb020a6e4728eac5,19,84.32727272727273,101.29999999999998,89.96428571428572,198.71180555555554
experiment_6679a3b7cb020a6e4728eac5_20250826130229.csv,6679a3b7cb020a6e4728eac5,39,89.45422502334267,90.0333275058275,82.67264367816092,103.23842592592592
experiment_6679a3b7cb020a6e4728eac5_20250826130356.csv,6679a3b7cb020a6e4728eac5,37,89.52706543456543,120.27650793650794,88.6656746031746,103.9
experiment_6679a3b7cb020a6e4728eac5_20250826130646.csv,6679a3b7cb020a6e4728eac5,52,246.60646823571165,138.85874935995906,1394.6916038210154,379.081948051948
experiment_66986ab71f2b54203f26ad32_20250827074414.csv,66986ab71f2b54203f26ad32,22,211.85220057720056,336.32063492063486,103.23809523809524,123.6388888888889
experiment_66986ab71f2b54203f26ad32_20250827075113.csv,66986ab71f2b54203f26ad32,26,96.77875457875459,431.2530303030303,98.99166666666667,122.3125
experiment_66986ab71f2b54203f26ad32_20250827075354.csv,66986ab71f2b54203f26ad32,19,115.7488553113553,154.59583333333333,89.09,134.44
experiment_66986ab71f2b54203f26ad32_20250827075811.csv,66986ab71f2b54203f26ad32,10,98.83333333333333,173.99444444444444,91.75,95.0
experiment_66986ab71f2b54203f26ad32_20250827080128.csv,66986ab71f2b54203f26ad32,12,1154.4522817460318,125.3547619047619,126.42222222222222,678.75
experiment_66986ab71f2b54203f26ad32_20250827080320.csv,66986ab71f2b54203f26ad32,12,101.87666666666667,626.6044444444444,109.91666666666667,1133.4444444444443
experiment_66986ab71f2b54203f26ad32_20250827080446.csv,66986ab71f2b54203f26ad32,10,128.38605442176873,387.4343434343434,103.14285714285714,177.8
experiment_66986ab71f2b54203f26ad32_20250827080610.csv,66986ab71f2b54203f26ad32,12,106.87380952380951,125.19047619047619,100.25,198.0
experiment_66b4f89242c0ff3aab8f8774_20250827110519.csv,66b4f89242c0ff3aab8f8774,27,179.71484593837533,110.73577533577533,84.63095238095238,23.416666666666668
experiment_66b4f89242c0ff3aab8f8774_20250827110707.csv,66b4f89242c0ff3aab8f8774,27,497.9031994047619,113.46515151515153,82.1384962406015,92.73333333333333
experiment_66b4f89242c0ff3aab8f8774_20250827110837.csv,66b4f89242c0ff3aab8f8774,26,94.11933291835254,122.20382395382397,100.44867724867726,45.166666666666664
experiment_66b4f89242c0ff3aab8f8774_20250827111006.csv,66b4f89242c0ff3aab8f8774,31,89.09015151515152,89.28137254901961,90.61458333333333,40.8
experiment_66b4f89242c0ff3aab8f8774_20250827111135.csv,66b4f89242c0ff3aab8f8774,23,702.7677827380952,99.04190476190476,84.375,160.21875
experiment_66b4f89242c0ff3aab8f8774_20250827111254.csv,66b4f89242c0ff3aab8f8774,20,99.4151515151515,68.04464285714286,83.90694444444445,102.59722222222223
experiment_66b4f89242c0ff3aab8f8774_20250827111417.csv,66b4f89242c0ff3aab8f8774,21,83.16166666666666,185.5625,80.59074074074073,145.3095238095238
experiment_66b4f89242c0ff3aab8f8774_20250827111556.csv,66b4f89242c0ff3aab8f8774,45,973.270064935065,88.87356902356902,86.1484126984127,140.7609523809524
experiment_66bb6b7e0ccbed81f3ed30a8_20250827094005.csv,66bb6b7e0ccbed81f3ed30a8,31,71.14642857142857,289.89428571428573,66.46600529100529,255.96825396825398
experiment_66bb6b7e0ccbed81f3ed30a8_20250827094203.csv,66bb6b7e0ccbed81f3ed30a8,28,399.4125,213.79285714285714,70.05285714285715,315.0048076923077
experiment_66bb6b7e0ccbed81f3ed30a8_20250827094339.csv,66bb6b7e0ccbed81f3ed30a8,27,69.60340136054421,293.3462585034014,89.65376984126983,336.71428571428567
experiment_66bb6b7e0ccbed81f3ed30a8_20250827094635.csv,66bb6b7e0ccbed81f3ed30a8,25,73.91836734693878,290.969246031746,61.577083333333334,200.75714285714287
experiment_66bb6b7e0ccbed81f3ed30a8_20250827094749.csv,66bb6b7e0ccbed81f3ed30a8,21,79.30535714285713,302.75,63.51666666666667,278.0133333333333
experiment_66bb6b7e0ccbed81f3ed30a8_20250827095146.csv,66bb6b7e0ccbed81f3ed30a8,25,70.06674603174602,232.5298878205128,60.06944444444445,249.74444444444444
experiment_66bb6b7e0ccbed81f3ed30a8_20250827095354.csv,66bb6b7e0ccbed81f3ed30a8,24,100.70314407814409,269.98333333333335,82.08888888888889,404.8863636363636
experiment_66bb6b7e0ccbed81f3ed30a8_20250827095543.csv,66bb6b7e0ccbed81f3ed30a8,27,68.20506653839988,424.17380952380955,65.03166666666667,319.73428571428565
experiment_6702f60844f21087e0840e3d_20250827133525.csv,6702f60844f21087e0840e3d,12,385.2989400584795,192.8203804347826,645.3520833333333,150.59567901234567
experiment_6702f60844f21087e0840e3d_20250827133955.csv,6702f60844f21087e0840e3d,19,108.19563331405438,173.8919312169312,97.44398148148149,144.9047619047619
experiment_6702f60844f21087e0840e3d_20250827134445.csv,6702f60844f21087e0840e3d,13,91.74880952380953,199.330612244898,113.16712962962964,128.49621212121212
experiment_6702f60844f21087e0840e3d_20250827134606.csv,6702f60844f21087e0840e3d,8,104.91388888888889,270.5625,94.36666666666667,226.2722222222222
experiment_6702f60844f21087e0840e3d_20250827134835.csv,6702f60844f21087e0840e3d,14,100.75753968253967,96.42228835978835,86.00961538461539,340.6545454545455
experiment_6702f60844f21087e0840e3d_20250827134920.csv,6702f60844f21087e0840e3d,18,101.1222222222222,120.69166666666666,95.18518518518519,124.11904761904762
experiment_6702f60844f21087e0840e3d_20250827135301.csv,6702f60844f21087e0840e3d,10,107.80846153846153,131.24583333333334,103.47928571428572,123.4
experiment_6702f60844f21087e0840e3d_20250827135427.csv,6702f60844f21087e0840e3d,17,99.96056149732621,105.80589826839825,215.9310344827586,68.17105263157895
experiment_6725030a6ee43d8130ceefc5_20250826141649.csv,6725030a6ee43d8130ceefc5,29,148.6453445165945,197.66102756892232,91.00694444444444,106.09693877551021
experiment_6725030a6ee43d8130ceefc5_20250826142056.csv,6725030a6ee43d8130ceefc5,46,95.42423245614034,211.4065301120448,106.73452380952381,367.125
experiment_6725030a6ee43d8130ceefc5_20250826142348.csv,6725030a6ee43d8130ceefc5,37,84.75263605442176,148.56886446886446,91.38769841269841,110.54666666666667
experiment_6725030a6ee43d8130ceefc5_20250826142721.csv,6725030a6ee43d8130ceefc5,69,102.29077380952381,116.75,87.2327030812325,102.34747023809524
experiment_6725030a6ee43d8130ceefc5_20250826143040.csv,6725030a6ee43d8130ceefc5,44,95.99505256648114,183.15142265142265,86.97083333333333,152.91666666666669
experiment_6725030a6ee43d8130ceefc5_20250826143420.csv,6725030a6ee43d8130ceefc5,39,97.1857552659618,216.05357142857144,93.33333333333333,516.9111111111112
experiment_6725030a6ee43d8130ceefc5_20250826143716.csv,6725030a6ee43d8130ceefc5,44,94.18805704099823,392.04169501133794,113.875,143.03333333333333
experiment_6725030a6ee43d8130ceefc5_20250826143929.csv,6725030a6ee43d8130ceefc5,38,90.21640211640211,131.6248774509804,96.25294117647059,695.4708333333333
experiment_6725c4a8e3ab0787551acf38_20250827051835.csv,6725c4a8e3ab0787551acf38,16,110.41402116402116,388.84232804232806,115.75,259.92857142857144
experiment_6725c4a8e3ab0787551acf38_20250827052240.csv,6725c4a8e3ab0787551acf38,39,112.21575268817203,399.57,3750.081632653061,408.3888888888889
experiment_6725c4a8e3ab0787551acf38_20250827052811.csv,6725c4a8e3ab0787551acf38,42,,,114.5875,505.0
experiment_6725c4a8e3ab0787551acf38_20250827052959.csv,6725c4a8e3ab0787551acf38,13,139.19841269841268,536.3944444444445,109.03333333333335,303.25
experiment_6725c4a8e3ab0787551acf38_20250827053420.csv,6725c4a8e3ab0787551acf38,56,119.14455782312926,488.90666666666664,103.60624999999999,539.390625
experiment_6725c4a8e3ab0787551acf38_20250827054055.csv,6725c4a8e3ab0787551acf38,68,110.56163194444446,284.66971726190474,108.13247863247862,451.3541666666667
experiment_6725c4a8e3ab0787551acf38_20250827055027.csv,6725c4a8e3ab0787551acf38,85,117.27914078674948,394.238446969697,105.54040616246499,490.4984359272164
experiment_6725c4a8e3ab0787551acf38_20250827055451.csv,6725c4a8e3ab0787551acf38,58,105.53166666666667,330.1016666666667,110.02651515151516,578.3
experiment_67356f7cf6ff16fe3322a837_20250826204640.csv,67356f7cf6ff16fe3322a837,9,137.15178571428572,321.1119318181818,312.55,358.3
experiment_67356f7cf6ff16fe3322a837_20250826205335.csv,67356f7cf6ff16fe3322a837,13,155.62749202551834,255.12498873675347,124.04385964912281,266.0882352941177
experiment_67356f7cf6ff16fe3322a837_20250826205624.csv,67356f7cf6ff16fe3322a837,15,125.19607142857141,263.32054673721336,113.17857142857143,262.7692307692308
experiment_67356f7cf6ff16fe3322a837_20250826210047.csv,67356f7cf6ff16fe3322a837,12,211.5,458.85714285714283,133.81041666666667,209.0625
experiment_67356f7cf6ff16fe3322a837_20250826210334.csv,67356f7cf6ff16fe3322a837,17,124.50446428571429,175.51488095238093,147.0,48.0
experiment_67356f7cf6ff16fe3322a837_20250826210919.csv,67356f7cf6ff16fe3322a837,21,144.19177489177488,232.021875,139.64226190476194,422.23863636363643
experiment_67356f7cf6ff16fe3322a837_20250826211026.csv,67356f7cf6ff16fe3322a837,11,143.95555555555555,112.80000000000001,128.17361111111111,425.6502976190476
experiment_67356f7cf6ff16fe3322a837_20250826211152.csv,67356f7cf6ff16fe3322a837,11,120.42445607553367,163.48673469387754,90.55555555555556,290.9375
experiment_673d0377254c407e5da57f97_20250827103338.csv,673d0377254c407e5da57f97,15,102.89333333333335,383.1333333333333,101.77272727272728,127.8
experiment_673d0377254c407e5da57f97_20250827103431.csv,673d0377254c407e5da57f97,19,91.61333333333333,153.06833333333333,94.18831168831169,161.71052631578948
experiment_673d0377254c407e5da57f97_20250827103530.csv,673d0377254c407e5da57f97,11,105.2,295.7857142857143,89.94285714285714,181.19047619047618
experiment_673d0377254c407e5da57f97_20250827103628.csv,673d0377254c407e5da57f97,10,125.60227272727273,156.07738095238096,92.51785714285715,167.95238095238096
experiment_673d0377254c407e5da57f97_20250827103656.csv,673d0377254c407e5da57f97,10,84.0,49.0,78.75,106.83333333333334
experiment_673d0377254c407e5da57f97_20250827103742.csv,673d0377254c407e5da57f97,9,101.83333333333333,139.4,105.80208333333334,123.13095238095238
experiment_673d0377254c407e5da57f97_20250827103842.csv,673d0377254c407e5da57f97,8,91.33333333333333,127.0,101.57692307692308,43.166666666666664
experiment_673d0377254c407e5da57f97_20250827103934.csv,673d0377254c407e5da57f97,10,88.84285714285716,139.075,112.39285714285714,129.7
experiment_673f7365f63a4a3036aae1f2_20250827084022.csv,673f7365f63a4a3036aae1f2,56,111.86814058956915,230.0801169590643,130.36613756613758,228.99537037037032
experiment_673f7365f63a4a3036aae1f2_20250827084625.csv,673f7365f63a4a3036aae1f2,42,124.30456349206348,213.456512605042,127.45560224089637,157.26960784313724
experiment_673f7365f63a4a3036aae1f2_20250827085135.csv,673f7365f63a4a3036aae1f2,53,110.0220238095238,153.67069597069596,127.7512121212121,188.8183673469388
experiment_673f7365f63a4a3036aae1f2_20250827085743.csv,673f7365f63a4a3036aae1f2,28,133.27329988851724,266.71843434343435,146.35999999999999,151.18333333333334
experiment_673f7365f63a4a3036aae1f2_20250827090455.csv,673f7365f63a4a3036aae1f2,35,130.74238095238096,215.8592757936508,148.58629870129866,309.5059964726631
experiment_673f7365f63a4a3036aae1f2_20250827090828.csv,673f7365f63a4a3036aae1f2,24,140.0225,160.57395382395381,114.69447278911564,193.97125850340134
experiment_673f7365f63a4a3036aae1f2_20250827091439.csv,673f7365f63a4a3036aae1f2,26,132.95679012345678,171.7874183006536,148.92857142857144,183.13541666666669
experiment_673f7365f63a4a3036aae1f2_20250827091805.csv,673f7365f63a4a3036aae1f2,32,135.95492424242423,466.3071428571429,136.14812925170068,137.96055555555557
experiment_67430c9cce2366e644146584_20250826130000.csv,67430c9cce2366e644146584,24,83.025,156.04285714285714,78.68888888888888,87.30357142857143
experiment_67430c9cce2366e644146584_20250826130049.csv,67430c9cce2366e644146584,8,95.17142857142856,167.15,120.52631578947368,112.14285714285714
experiment_67430c9cce2366e644146584_20250826130140.csv,67430c9cce2366e644146584,29,78.56972455648926,139.43417366946778,179.4091931216931,102.4060606060606
experiment_67430c9cce2366e644146584_20250826130246.csv,67430c9cce2366e644146584,17,293.728108003108,163.61428571428573,84.30714285714285,122.83333333333333
experiment_67430c9cce2366e644146584_20250826130352.csv,67430c9cce2366e644146584,19,904.035065710872,166.73967163788595,71.6875,100.975
experiment_67430c9cce2366e644146584_20250826130445.csv,67430c9cce2366e644146584,23,177.45365961199295,130.34481792717088,75.37777777777778,83.125
experiment_67430c9cce2366e644146584_20250826130615.csv,67430c9cce2366e644146584,41,125.05511117670207,122.9586545729403,85.89899749373433,148.11111111111111
experiment_67430c9cce2366e644146584_20250826130746.csv,67430c9cce2366e644146584,16,78.675,146.05833333333334,80.86530612244897,157.65102040816325
experiment_67450bce7a49cb1c784dcc2b_20250827065436.csv,67450bce7a49cb1c784dcc2b,16,95.73055555555554,68.01785714285715,126.60833333333332,127.66666666666667
experiment_67450bce7a49cb1c784dcc2b_20250827065809.csv,67450bce7a49cb1c784dcc2b,42,105.19404761904762,82.25,114.07281746031744,61.86296296296296
experiment_67450bce7a49cb1c784dcc2b_20250827070247.csv,67450bce7a49cb1c784dcc2b,60,125.89000000000001,169.4,111.04285714285714,40.0
experiment_67450bce7a49cb1c784dcc2b_20250827071642.csv,67450bce7a49cb1c784dcc2b,45,123.51861471861471,149.76666666666668,119.7969696969697,171.96190476190478
experiment_67450bce7a49cb1c784dcc2b_20250827071753.csv,67450bce7a49cb1c784dcc2b,27,229.9851851851852,51.4025974025974,102.61309523809524,61.833333333333336
experiment_67450bce7a49cb1c784dcc2b_20250827071937.csv,67450bce7a49cb1c784dcc2b,39,118.46258503401361,517.3055555555555,103.57692307692308,124.8939393939394
experiment_67450bce7a49cb1c784dcc2b_20250827072032.csv,67450bce7a49cb1c784dcc2b,25,123.74568288854003,120.05555555555557,122.08333333333333,160.0
experiment_67450bce7a49cb1c784dcc2b_20250827072143.csv,67450bce7a49cb1c784dcc2b,16,118.23482142857142,124.95887445887446,111.44285714285715,137.875
experiment_676797a573d3cbf6add72f02_20250827070828.csv,676797a573d3cbf6add72f02,8,128.8525641025641,220.67857142857142,135.84615384615384,246.375
experiment_676797a573d3cbf6add72f02_20250827071011.csv,676797a573d3cbf6add72f02,18,117.62,203.0,116.89650793650794,204.64052287581703
experiment_676797a573d3cbf6add72f02_20250827071225.csv,676797a573d3cbf6add72f02,11,111.32291666666667,289.7857142857143,123.57142857142857,499.57142857142856
experiment_676797a573d3cbf6add72f02_20250827071429.csv,676797a573d3cbf6add72f02,11,118.33293650793651,388.8719696969697,104.71428571428572,86.4
experiment_676797a573d3cbf6add72f02_20250827071601.csv,676797a573d3cbf6add72f02,16,136.94149659863947,92.1,122.04,192.375
experiment_676797a573d3cbf6add72f02_20250827071725.csv,676797a573d3cbf6add72f02,19,131.11666666666667,188.23611111111111,108.35,173.125
experiment_676797a573d3cbf6add72f02_20250827072002.csv,676797a573d3cbf6add72f02,17,485.9567297933666,367.92380952380955,126.5,180.0
experiment_676797a573d3cbf6add72f02_20250827072125.csv,676797a573d3cbf6add72f02,10,123.30151515151515,261.84523809523813,141.93650793650795,153.91666666666666
experiment_67709b0a96dcc9c2a7b0a06e_20250826184356.csv,67709b0a96dcc9c2a7b0a06e,28,93.80555555555554,379.2626262626263,99.86666666666666,241.86666666666665
experiment_67709b0a96dcc9c2a7b0a06e_20250826184357.csv,67709b0a96dcc9c2a7b0a06e,28,93.80555555555554,379.2626262626263,99.86666666666666,241.86666666666665
experiment_67709b0a96dcc9c2a7b0a06e_20250826184705.csv,67709b0a96dcc9c2a7b0a06e,38,89.10608465608465,286.8055555555556,74.63888888888889,133.8984126984127
experiment_67709b0a96dcc9c2a7b0a06e_20250826191927.csv,67709b0a96dcc9c2a7b0a06e,22,256.2836090010618,323.9293650793651,75.41666666666666,168.5
experiment_67709b0a96dcc9c2a7b0a06e_20250826192205.csv,67709b0a96dcc9c2a7b0a06e,28,112.51055555555556,163.0875,106.55555555555556,345.8055555555555
experiment_67709b0a96dcc9c2a7b0a06e_20250826192538.csv,67709b0a96dcc9c2a7b0a06e,21,107.9576388888889,195.10333530106257,94.3287037037037,134.9152777777778
experiment_67709b0a96dcc9c2a7b0a06e_20250826192903.csv,67709b0a96dcc9c2a7b0a06e,23,110.11572649572648,630.843899782135,110.19718614718614,223.64749999999998
experiment_67709b0a96dcc9c2a7b0a06e_20250826192905.csv,67709b0a96dcc9c2a7b0a06e,23,110.11572649572648,630.843899782135,110.19718614718614,223.64749999999998
experiment_67acbb030811018b016dcaf7_20250827045345.csv,67acbb030811018b016dcaf7,23,126.52864727864726,257.0921095008052,155.25,153.5
experiment_67acbb030811018b016dcaf7_20250827045441.csv,67acbb030811018b016dcaf7,21,125.35060359231412,119.2734375,149.28571428571428,155.26666666666665
experiment_67acbb030811018b016dcaf7_20250827045529.csv,67acbb030811018b016dcaf7,14,129.539146567718,115.41481481481479,140.65,157.7
experiment_67acbb030811018b016dcaf7_20250827045608.csv,67acbb030811018b016dcaf7,14,134.82803030303032,91.12777777777778,112.4360544217687,113.28809523809524
experiment_67acbb030811018b016dcaf7_20250827045711.csv,67acbb030811018b016dcaf7,28,121.96333333333332,87.81354166666667,122.10104166666667,65.93333333333332
experiment_67acbb030811018b016dcaf7_20250827045801.csv,67acbb030811018b016dcaf7,24,127.08304988662132,138.87401315789472,118.83333333333333,42.666666666666664
experiment_67acbb030811018b016dcaf7_20250827045845.csv,67acbb030811018b016dcaf7,16,140.42207792207793,121.13214285714285,121.88585858585857,110.69722222222222
experiment_67acbb030811018b016dcaf7_20250827045936.csv,67acbb030811018b016dcaf7,14,136.50520833333331,204.63583333333332,126.1228354978355,153.20238095238096
experiment_67bb91a04f5f96b7ac52242d_20250826203847.csv,67bb91a04f5f96b7ac52242d,53,80.44427609427609,252.0917291967292,77.86309523809524,514.1349206349206
experiment_67bb91a04f5f96b7ac52242d_20250826204356.csv,67bb91a04f5f96b7ac52242d,83,74.67318840579708,237.17490545852615,78.57142857142857,230.19444444444446
experiment_67bb91a04f5f96b7ac52242d_20250826204756.csv,67bb91a04f5f96b7ac52242d,68,75.86669642857143,198.23006763269922,72.90277777777779,185.0666666666667
experiment_67bb91a04f5f96b7ac52242d_20250826205112.csv,67bb91a04f5f96b7ac52242d,50,67.72736507936507,259.28179271708683,79.52626262626262,210.21166666666667
experiment_67bb91a04f5f96b7ac52242d_20250826205405.csv,67bb91a04f5f96b7ac52242d,53,77.88779273728721,199.0050629447181,76.6968954248366,204.2302380952381
experiment_67bb91a04f5f96b7ac52242d_20250826205740.csv,67bb91a04f5f96b7ac52242d,40,79.84920634920636,228.15451388888889,70.09642857142856,147.10761904761904
experiment_67bb91a04f5f96b7ac52242d_20250826210002.csv,67bb91a04f5f96b7ac52242d,41,78.15899470899471,178.80766369047618,76.87698412698413,169.17176870748298
experiment_67bb91a04f5f96b7ac52242d_20250826210430.csv,67bb91a04f5f96b7ac52242d,36,87.86175424192666,237.90557025279247,76.17278911564627,272.968253968254
experiment_67d01f812bf82a710cd2193f_20250826194028.csv,67d01f812bf82a710cd2193f,34,97.70370370370371,602.0180555555556,98.72023809523809,434.46000000000004
experiment_67d01f812bf82a710cd2193f_20250826194359.csv,67d01f812bf82a710cd2193f,25,100.97478870336012,474.8861111111111,78.50865800865802,487.20666666666665
experiment_67d01f812bf82a710cd2193f_20250826194644.csv,67d01f812bf82a710cd2193f,27,70.82142857142858,364.63578643578643,70.93197278911565,492.9670995670995
experiment_67d01f812bf82a710cd2193f_20250826194928.csv,67d01f812bf82a710cd2193f,25,90.76083099906629,432.9193732193732,73.18148148148147,277.1759259259259
experiment_67d01f812bf82a710cd2193f_20250826195238.csv,67d01f812bf82a710cd2193f,19,102.5670918367347,357.3313492063492,67.76666666666667,398.54999999999995
experiment_67d01f812bf82a710cd2193f_20250826195514.csv,67d01f812bf82a710cd2193f,26,73.5287037037037,412.33452380952383,67.28571428571429,324.0
experiment_67d01f812bf82a710cd2193f_20250826195742.csv,67d01f812bf82a710cd2193f,20,101.05246913580247,499.0715058750773,73.36755952380952,349.13461538461536
experiment_67d01f812bf82a710cd2193f_20250826200038.csv,67d01f812bf82a710cd2193f,25,83.53373917748917,461.68818681318686,68.22571428571429,346.38666666666666
experiment_67d80b3db0cac8b1bd982fb2_20250827121337.csv,67d80b3db0cac8b1bd982fb2,29,89.2171626984127,575.1012362637363,99.25,216.96666666666667
experiment_67d80b3db0cac8b1bd982fb2_20250827121340.csv,67d80b3db0cac8b1bd982fb2,29,89.2171626984127,575.1012362637363,99.25,216.96666666666667
experiment_67d80b3db0cac8b1bd982fb2_20250827121343.csv,67d80b3db0cac8b1bd982fb2,29,89.2171626984127,575.1012362637363,99.25,216.96666666666667
experiment_67d80b3db0cac8b1bd982fb2_20250827121352.csv,67d80b3db0cac8b1bd982fb2,29,89.2171626984127,575.1012362637363,99.25,216.96666666666667
experiment_67d80b3db0cac8b1bd982fb2_20250827121418.csv,67d80b3db0cac8b1bd982fb2,29,89.2171626984127,575.1012362637363,99.25,216.96666666666667
experiment_67d80b3db0cac8b1bd982fb2_20250827121517.csv,67d80b3db0cac8b1bd982fb2,29,89.2171626984127,575.1012362637363,99.25,216.96666666666667
experiment_67d80b3db0cac8b1bd982fb2_20250827121617.csv,67d80b3db0cac8b1bd982fb2,25,9.38962962962963,102.09636752136751,8.995833333333334,100.93121693121692
experiment_67d80b3db0cac8b1bd982fb2_20250827121739.csv,67d80b3db0cac8b1bd982fb2,18,11.754761904761903,99.28585858585858,11.216836734693876,156.6625850340136
