filename,PARTICIPANT_ID,total_rows,backspaces,ERROR_RATE_FILE
experiment_5962a9280b835400010a7617_20250819171658.csv,5962a9280b835400010a7617,278,15,0.053957
experiment_5962a9280b835400010a7617_20250819171842.csv,5962a9280b835400010a7617,153,7,0.045752
experiment_5962a9280b835400010a7617_20250819172140.csv,5962a9280b835400010a7617,382,32,0.08377
experiment_5962a9280b835400010a7617_20250819172308.csv,5962a9280b835400010a7617,89,11,0.123596
experiment_5962a9280b835400010a7617_20250819172535.csv,5962a9280b835400010a7617,226,31,0.137168
experiment_5962a9280b835400010a7617_20250819172701.csv,5962a9280b835400010a7617,210,5,0.02381
experiment_5962a9280b835400010a7617_20250819172849.csv,5962a9280b835400010a7617,238,7,0.029412
experiment_5962a9280b835400010a7617_20250819173056.csv,5962a9280b835400010a7617,260,14,0.053846
experiment_5accb373436f5500010037ee_20250826220942.csv,5accb373436f5500010037ee,133,4,0.030075
experiment_5accb373436f5500010037ee_20250826221152.csv,5accb373436f5500010037ee,207,16,0.077295
experiment_5accb373436f5500010037ee_20250826221422.csv,5accb373436f5500010037ee,147,0,0.0
experiment_5accb373436f5500010037ee_20250826221929.csv,5accb373436f5500010037ee,270,8,0.02963
experiment_5accb373436f5500010037ee_20250826222104.csv,5accb373436f5500010037ee,178,5,0.02809
experiment_5accb373436f5500010037ee_20250826222601.csv,5accb373436f5500010037ee,299,1,0.003344
experiment_5accb373436f5500010037ee_20250826223512.csv,5accb373436f5500010037ee,232,12,0.051724
experiment_5accb373436f5500010037ee_20250826223839.csv,5accb373436f5500010037ee,117,1,0.008547
experiment_5adae3ebdec767000128c131_20250819161542.csv,5adae3ebdec767000128c131,127,5,0.03937
experiment_5adae3ebdec767000128c131_20250819161703.csv,5adae3ebdec767000128c131,91,0,0.0
experiment_5adae3ebdec767000128c131_20250819161830.csv,5adae3ebdec767000128c131,81,0,0.0
experiment_5adae3ebdec767000128c131_20250819161945.csv,5adae3ebdec767000128c131,100,10,0.1
experiment_5adae3ebdec767000128c131_20250819162111.csv,5adae3ebdec767000128c131,114,0,0.0
experiment_5adae3ebdec767000128c131_20250819162323.csv,5adae3ebdec767000128c131,130,0,0.0
experiment_5adae3ebdec767000128c131_20250819162433.csv,5adae3ebdec767000128c131,97,0,0.0
experiment_5adae3ebdec767000128c131_20250819162658.csv,5adae3ebdec767000128c131,160,5,0.03125
experiment_5bf368846edd7200017136c7_20250819173015.csv,5bf368846edd7200017136c7,114,9,0.078947
experiment_5bf368846edd7200017136c7_20250819173115.csv,5bf368846edd7200017136c7,110,0,0.0
experiment_5bf368846edd7200017136c7_20250819173224.csv,5bf368846edd7200017136c7,140,7,0.05
experiment_5bf368846edd7200017136c7_20250819173345.csv,5bf368846edd7200017136c7,119,0,0.0
experiment_5bf368846edd7200017136c7_20250819173434.csv,5bf368846edd7200017136c7,84,0,0.0
experiment_5bf368846edd7200017136c7_20250819173531.csv,5bf368846edd7200017136c7,75,1,0.013333
experiment_5bf368846edd7200017136c7_20250819173657.csv,5bf368846edd7200017136c7,135,2,0.014815
experiment_5bf368846edd7200017136c7_20250819173744.csv,5bf368846edd7200017136c7,35,0,0.0
experiment_5c4f5967aac8be0001716a65_20250827072337.csv,5c4f5967aac8be0001716a65,208,18,0.086538
experiment_5c4f5967aac8be0001716a65_20250827072604.csv,5c4f5967aac8be0001716a65,203,16,0.078818
experiment_5c4f5967aac8be0001716a65_20250827072740.csv,5c4f5967aac8be0001716a65,133,8,0.06015
experiment_5c4f5967aac8be0001716a65_20250827072858.csv,5c4f5967aac8be0001716a65,158,40,0.253165
experiment_5c4f5967aac8be0001716a65_20250827073017.csv,5c4f5967aac8be0001716a65,184,14,0.076087
experiment_5c4f5967aac8be0001716a65_20250827073135.csv,5c4f5967aac8be0001716a65,179,4,0.022346
experiment_5c4f5967aac8be0001716a65_20250827073247.csv,5c4f5967aac8be0001716a65,184,14,0.076087
experiment_5c4f5967aac8be0001716a65_20250827073348.csv,5c4f5967aac8be0001716a65,143,4,0.027972
experiment_5caa534a19731a00190bb935_20250826134753.csv,5caa534a19731a00190bb935,139,11,0.079137
experiment_5caa534a19731a00190bb935_20250826134934.csv,5caa534a19731a00190bb935,152,10,0.065789
experiment_5caa534a19731a00190bb935_20250826135056.csv,5caa534a19731a00190bb935,142,8,0.056338
experiment_5caa534a19731a00190bb935_20250826135247.csv,5caa534a19731a00190bb935,124,9,0.072581
experiment_5caa534a19731a00190bb935_20250826135512.csv,5caa534a19731a00190bb935,204,6,0.029412
experiment_5caa534a19731a00190bb935_20250826135711.csv,5caa534a19731a00190bb935,182,11,0.06044
experiment_5caa534a19731a00190bb935_20250826135920.csv,5caa534a19731a00190bb935,179,25,0.139665
experiment_5caa534a19731a00190bb935_20250826140059.csv,5caa534a19731a00190bb935,144,9,0.0625
experiment_5cab22cd68194f001511b2d6_20250826123221.csv,5cab22cd68194f001511b2d6,153,46,0.300654
experiment_5cab22cd68194f001511b2d6_20250826123421.csv,5cab22cd68194f001511b2d6,196,51,0.260204
experiment_5cab22cd68194f001511b2d6_20250826123618.csv,5cab22cd68194f001511b2d6,173,23,0.132948
experiment_5cab22cd68194f001511b2d6_20250826123817.csv,5cab22cd68194f001511b2d6,315,11,0.034921
experiment_5cab22cd68194f001511b2d6_20250826124016.csv,5cab22cd68194f001511b2d6,312,15,0.048077
experiment_5cab22cd68194f001511b2d6_20250826124150.csv,5cab22cd68194f001511b2d6,240,4,0.016667
experiment_5cab22cd68194f001511b2d6_20250826124351.csv,5cab22cd68194f001511b2d6,316,12,0.037975
experiment_5cab22cd68194f001511b2d6_20250826124438.csv,5cab22cd68194f001511b2d6,68,5,0.073529
experiment_5ced66139b5b490001b688ed_20250819173629.csv,5ced66139b5b490001b688ed,228,76,0.333333
experiment_5ced66139b5b490001b688ed_20250819173808.csv,5ced66139b5b490001b688ed,243,12,0.049383
experiment_5ced66139b5b490001b688ed_20250819173856.csv,5ced66139b5b490001b688ed,100,3,0.03
experiment_5ced66139b5b490001b688ed_20250819173958.csv,5ced66139b5b490001b688ed,147,2,0.013605
experiment_5ced66139b5b490001b688ed_20250819174044.csv,5ced66139b5b490001b688ed,92,0,0.0
experiment_5ced66139b5b490001b688ed_20250819174211.csv,5ced66139b5b490001b688ed,168,1,0.005952
experiment_5ced66139b5b490001b688ed_20250819174300.csv,5ced66139b5b490001b688ed,118,10,0.084746
experiment_5ced66139b5b490001b688ed_20250819174412.csv,5ced66139b5b490001b688ed,204,10,0.04902
experiment_5d3b0da8a884020001881773_20250827085711.csv,5d3b0da8a884020001881773,487,13,0.026694
experiment_5d3b0da8a884020001881773_20250827085854.csv,5d3b0da8a884020001881773,183,0,0.0
experiment_5d3b0da8a884020001881773_20250827085949.csv,5d3b0da8a884020001881773,147,1,0.006803
experiment_5d3b0da8a884020001881773_20250827090043.csv,5d3b0da8a884020001881773,134,7,0.052239
experiment_5d3b0da8a884020001881773_20250827090418.csv,5d3b0da8a884020001881773,225,8,0.035556
experiment_5d3b0da8a884020001881773_20250827090613.csv,5d3b0da8a884020001881773,170,0,0.0
experiment_5d3b0da8a884020001881773_20250827090909.csv,5d3b0da8a884020001881773,186,11,0.05914
experiment_5d3b0da8a884020001881773_20250827091048.csv,5d3b0da8a884020001881773,187,2,0.010695
experiment_5d40a12f4994c40001e4b80c_20250826171318.csv,5d40a12f4994c40001e4b80c,140,0,0.0
experiment_5d40a12f4994c40001e4b80c_20250826171605.csv,5d40a12f4994c40001e4b80c,79,0,0.0
experiment_5d40a12f4994c40001e4b80c_20250826171829.csv,5d40a12f4994c40001e4b80c,53,0,0.0
experiment_5d40a12f4994c40001e4b80c_20250826172035.csv,5d40a12f4994c40001e4b80c,54,0,0.0
experiment_5d40a12f4994c40001e4b80c_20250826172259.csv,5d40a12f4994c40001e4b80c,75,0,0.0
experiment_5d40a12f4994c40001e4b80c_20250826172528.csv,5d40a12f4994c40001e4b80c,134,0,0.0
experiment_5d40a12f4994c40001e4b80c_20250826172723.csv,5d40a12f4994c40001e4b80c,98,4,0.040816
experiment_5d40a12f4994c40001e4b80c_20250826172853.csv,5d40a12f4994c40001e4b80c,70,1,0.014286
experiment_5dafea4de40355001651fa2f_20250827072907.csv,5dafea4de40355001651fa2f,76,1,0.013158
experiment_5dafea4de40355001651fa2f_20250827073139.csv,5dafea4de40355001651fa2f,79,0,0.0
experiment_5dafea4de40355001651fa2f_20250827073404.csv,5dafea4de40355001651fa2f,88,0,0.0
experiment_5dafea4de40355001651fa2f_20250827073623.csv,5dafea4de40355001651fa2f,71,0,0.0
experiment_5dafea4de40355001651fa2f_20250827073851.csv,5dafea4de40355001651fa2f,118,1,0.008475
experiment_5dafea4de40355001651fa2f_20250827074133.csv,5dafea4de40355001651fa2f,131,0,0.0
experiment_5dafea4de40355001651fa2f_20250827074355.csv,5dafea4de40355001651fa2f,121,0,0.0
experiment_5dafea4de40355001651fa2f_20250827074621.csv,5dafea4de40355001651fa2f,133,1,0.007519
experiment_5ea4cebb8944a8495280db42_20250827131019.csv,5ea4cebb8944a8495280db42,228,11,0.048246
experiment_5ea4cebb8944a8495280db42_20250827131239.csv,5ea4cebb8944a8495280db42,190,27,0.142105
experiment_5ea4cebb8944a8495280db42_20250827131357.csv,5ea4cebb8944a8495280db42,194,18,0.092784
experiment_5ea4cebb8944a8495280db42_20250827131506.csv,5ea4cebb8944a8495280db42,133,25,0.18797
experiment_5ea4cebb8944a8495280db42_20250827131629.csv,5ea4cebb8944a8495280db42,350,20,0.057143
experiment_5ea4cebb8944a8495280db42_20250827131754.csv,5ea4cebb8944a8495280db42,314,31,0.098726
experiment_5ea4cebb8944a8495280db42_20250827131916.csv,5ea4cebb8944a8495280db42,234,20,0.08547
experiment_5ea4cebb8944a8495280db42_20250827132017.csv,5ea4cebb8944a8495280db42,296,18,0.060811
experiment_5f29eff59714081a3594a331_20250827002427.csv,5f29eff59714081a3594a331,188,18,0.095745
experiment_5f29eff59714081a3594a331_20250827002600.csv,5f29eff59714081a3594a331,104,4,0.038462
experiment_5f29eff59714081a3594a331_20250827002741.csv,5f29eff59714081a3594a331,99,7,0.070707
experiment_5f29eff59714081a3594a331_20250827003030.csv,5f29eff59714081a3594a331,190,14,0.073684
experiment_5f29eff59714081a3594a331_20250827003250.csv,5f29eff59714081a3594a331,122,10,0.081967
experiment_5f29eff59714081a3594a331_20250827003720.csv,5f29eff59714081a3594a331,215,18,0.083721
experiment_5f29eff59714081a3594a331_20250827003856.csv,5f29eff59714081a3594a331,134,23,0.171642
experiment_5f29eff59714081a3594a331_20250827004004.csv,5f29eff59714081a3594a331,126,10,0.079365
experiment_5f600669b846780f0fe45709_20250826213524.csv,5f600669b846780f0fe45709,83,23,0.277108
experiment_5f600669b846780f0fe45709_20250826214105.csv,5f600669b846780f0fe45709,196,10,0.05102
experiment_5f600669b846780f0fe45709_20250826214342.csv,5f600669b846780f0fe45709,125,4,0.032
experiment_5f600669b846780f0fe45709_20250826214807.csv,5f600669b846780f0fe45709,174,34,0.195402
experiment_5f600669b846780f0fe45709_20250826215049.csv,5f600669b846780f0fe45709,231,21,0.090909
experiment_5f600669b846780f0fe45709_20250826215513.csv,5f600669b846780f0fe45709,349,48,0.137536
experiment_5f600669b846780f0fe45709_20250826215949.csv,5f600669b846780f0fe45709,244,13,0.053279
experiment_5f600669b846780f0fe45709_20250826220343.csv,5f600669b846780f0fe45709,259,34,0.131274
experiment_5faeb56b25a37f01d47d326c_20250827155350.csv,5faeb56b25a37f01d47d326c,310,40,0.129032
experiment_5faeb56b25a37f01d47d326c_20250827155623.csv,5faeb56b25a37f01d47d326c,263,43,0.163498
experiment_5faeb56b25a37f01d47d326c_20250827155839.csv,5faeb56b25a37f01d47d326c,187,15,0.080214
experiment_5faeb56b25a37f01d47d326c_20250827160020.csv,5faeb56b25a37f01d47d326c,169,16,0.094675
experiment_5faeb56b25a37f01d47d326c_20250827160239.csv,5faeb56b25a37f01d47d326c,245,21,0.085714
experiment_5faeb56b25a37f01d47d326c_20250827160447.csv,5faeb56b25a37f01d47d326c,271,32,0.118081
experiment_5faeb56b25a37f01d47d326c_20250827160635.csv,5faeb56b25a37f01d47d326c,305,16,0.052459
experiment_5faeb56b25a37f01d47d326c_20250827160757.csv,5faeb56b25a37f01d47d326c,261,24,0.091954
experiment_5fb551ccab996500099ab1aa_20250819155215.csv,5fb551ccab996500099ab1aa,253,56,0.221344
experiment_5fb551ccab996500099ab1aa_20250819155325.csv,5fb551ccab996500099ab1aa,103,14,0.135922
experiment_5fb551ccab996500099ab1aa_20250819155614.csv,5fb551ccab996500099ab1aa,229,54,0.235808
experiment_5fb551ccab996500099ab1aa_20250819155807.csv,5fb551ccab996500099ab1aa,168,25,0.14881
experiment_5fb551ccab996500099ab1aa_20250819160110.csv,5fb551ccab996500099ab1aa,359,57,0.158774
experiment_5fb551ccab996500099ab1aa_20250819160238.csv,5fb551ccab996500099ab1aa,129,21,0.162791
experiment_5fb551ccab996500099ab1aa_20250819160510.csv,5fb551ccab996500099ab1aa,326,53,0.162577
experiment_5fb551ccab996500099ab1aa_20250819160706.csv,5fb551ccab996500099ab1aa,168,11,0.065476
experiment_5fbfe145e52a44000a9c2966_20250827123944.csv,5fbfe145e52a44000a9c2966,247,29,0.117409
experiment_5fbfe145e52a44000a9c2966_20250827124623.csv,5fbfe145e52a44000a9c2966,186,18,0.096774
experiment_5fbfe145e52a44000a9c2966_20250827125522.csv,5fbfe145e52a44000a9c2966,261,23,0.088123
experiment_5fbfe145e52a44000a9c2966_20250827125841.csv,5fbfe145e52a44000a9c2966,131,18,0.137405
experiment_5fbfe145e52a44000a9c2966_20250827130713.csv,5fbfe145e52a44000a9c2966,359,44,0.122563
experiment_5fbfe145e52a44000a9c2966_20250827131113.csv,5fbfe145e52a44000a9c2966,110,6,0.054545
experiment_5fbfe145e52a44000a9c2966_20250827131610.csv,5fbfe145e52a44000a9c2966,200,24,0.12
experiment_5fbfe145e52a44000a9c2966_20250827131905.csv,5fbfe145e52a44000a9c2966,111,6,0.054054
experiment_5fff2877a99bcb65a14a223c_20250827105501.csv,5fff2877a99bcb65a14a223c,21,0,0.0
experiment_5fff2877a99bcb65a14a223c_20250827105621.csv,5fff2877a99bcb65a14a223c,70,1,0.014286
experiment_5fff2877a99bcb65a14a223c_20250827105709.csv,5fff2877a99bcb65a14a223c,49,1,0.020408
experiment_5fff2877a99bcb65a14a223c_20250827105737.csv,5fff2877a99bcb65a14a223c,27,0,0.0
experiment_5fff2877a99bcb65a14a223c_20250827105815.csv,5fff2877a99bcb65a14a223c,36,6,0.166667
experiment_5fff2877a99bcb65a14a223c_20250827105905.csv,5fff2877a99bcb65a14a223c,42,3,0.071429
experiment_5fff2877a99bcb65a14a223c_20250827105927.csv,5fff2877a99bcb65a14a223c,26,1,0.038462
experiment_5fff2877a99bcb65a14a223c_20250827110019.csv,5fff2877a99bcb65a14a223c,93,53,0.569892
experiment_606598de386cd206c99a4648_20250827100151.csv,606598de386cd206c99a4648,234,22,0.094017
experiment_606598de386cd206c99a4648_20250827100414.csv,606598de386cd206c99a4648,260,4,0.015385
experiment_606598de386cd206c99a4648_20250827100613.csv,606598de386cd206c99a4648,211,1,0.004739
experiment_606598de386cd206c99a4648_20250827100834.csv,606598de386cd206c99a4648,247,6,0.024291
experiment_606598de386cd206c99a4648_20250827101057.csv,606598de386cd206c99a4648,276,7,0.025362
experiment_606598de386cd206c99a4648_20250827101337.csv,606598de386cd206c99a4648,309,20,0.064725
experiment_606598de386cd206c99a4648_20250827101611.csv,606598de386cd206c99a4648,360,28,0.077778
experiment_606598de386cd206c99a4648_20250827101816.csv,606598de386cd206c99a4648,205,0,0.0
experiment_6081728972120aa7f9685791_20250819162308.csv,6081728972120aa7f9685791,177,13,0.073446
experiment_6081728972120aa7f9685791_20250819162608.csv,6081728972120aa7f9685791,132,5,0.037879
experiment_6081728972120aa7f9685791_20250819162905.csv,6081728972120aa7f9685791,326,20,0.06135
experiment_6081728972120aa7f9685791_20250819163340.csv,6081728972120aa7f9685791,259,7,0.027027
experiment_6081728972120aa7f9685791_20250819163538.csv,6081728972120aa7f9685791,141,12,0.085106
experiment_6081728972120aa7f9685791_20250819164215.csv,6081728972120aa7f9685791,93,3,0.032258
experiment_6081728972120aa7f9685791_20250819164558.csv,6081728972120aa7f9685791,152,12,0.078947
experiment_6081728972120aa7f9685791_20250819164901.csv,6081728972120aa7f9685791,165,21,0.127273
experiment_60984a1b0cce76d16c4ca781_20250826200447.csv,60984a1b0cce76d16c4ca781,164,9,0.054878
experiment_60984a1b0cce76d16c4ca781_20250826200645.csv,60984a1b0cce76d16c4ca781,189,10,0.05291
experiment_60984a1b0cce76d16c4ca781_20250826200908.csv,60984a1b0cce76d16c4ca781,234,14,0.059829
experiment_60984a1b0cce76d16c4ca781_20250826201050.csv,60984a1b0cce76d16c4ca781,271,15,0.055351
experiment_60984a1b0cce76d16c4ca781_20250826201214.csv,60984a1b0cce76d16c4ca781,260,39,0.15
experiment_60984a1b0cce76d16c4ca781_20250826201351.csv,60984a1b0cce76d16c4ca781,148,11,0.074324
experiment_60984a1b0cce76d16c4ca781_20250826201445.csv,60984a1b0cce76d16c4ca781,171,16,0.093567
experiment_60984a1b0cce76d16c4ca781_20250826201546.csv,60984a1b0cce76d16c4ca781,171,11,0.064327
experiment_60bf706fc3b12a3c4f11a487_20250827100116.csv,60bf706fc3b12a3c4f11a487,190,24,0.126316
experiment_60bf706fc3b12a3c4f11a487_20250827100808.csv,60bf706fc3b12a3c4f11a487,64,2,0.03125
experiment_60bf706fc3b12a3c4f11a487_20250827101328.csv,60bf706fc3b12a3c4f11a487,228,48,0.210526
experiment_60bf706fc3b12a3c4f11a487_20250827101501.csv,60bf706fc3b12a3c4f11a487,63,1,0.015873
experiment_60bf706fc3b12a3c4f11a487_20250827102031.csv,60bf706fc3b12a3c4f11a487,122,6,0.04918
experiment_60bf706fc3b12a3c4f11a487_20250827102148.csv,60bf706fc3b12a3c4f11a487,76,9,0.118421
experiment_60bf706fc3b12a3c4f11a487_20250827102400.csv,60bf706fc3b12a3c4f11a487,158,5,0.031646
experiment_60bf706fc3b12a3c4f11a487_20250827103123.csv,60bf706fc3b12a3c4f11a487,84,8,0.095238
experiment_60db9412ba928de1fdc2269e_20250827141622.csv,60db9412ba928de1fdc2269e,99,1,0.010101
experiment_60db9412ba928de1fdc2269e_20250827141823.csv,60db9412ba928de1fdc2269e,64,0,0.0
experiment_60db9412ba928de1fdc2269e_20250827142119.csv,60db9412ba928de1fdc2269e,74,0,0.0
experiment_60db9412ba928de1fdc2269e_20250827142439.csv,60db9412ba928de1fdc2269e,76,1,0.013158
experiment_60db9412ba928de1fdc2269e_20250827142708.csv,60db9412ba928de1fdc2269e,70,0,0.0
experiment_60db9412ba928de1fdc2269e_20250827142848.csv,60db9412ba928de1fdc2269e,51,0,0.0
experiment_60db9412ba928de1fdc2269e_20250827143129.csv,60db9412ba928de1fdc2269e,135,5,0.037037
experiment_60db9412ba928de1fdc2269e_20250827143453.csv,60db9412ba928de1fdc2269e,68,0,0.0
experiment_60efc4347ae709f7f3dd8b04_20250827075231.csv,60efc4347ae709f7f3dd8b04,409,16,0.03912
experiment_60efc4347ae709f7f3dd8b04_20250827075425.csv,60efc4347ae709f7f3dd8b04,239,5,0.020921
experiment_60efc4347ae709f7f3dd8b04_20250827075557.csv,60efc4347ae709f7f3dd8b04,172,5,0.02907
experiment_60efc4347ae709f7f3dd8b04_20250827075848.csv,60efc4347ae709f7f3dd8b04,537,110,0.204842
experiment_60efc4347ae709f7f3dd8b04_20250827080019.csv,60efc4347ae709f7f3dd8b04,128,4,0.03125
experiment_60efc4347ae709f7f3dd8b04_20250827080214.csv,60efc4347ae709f7f3dd8b04,272,42,0.154412
experiment_60efc4347ae709f7f3dd8b04_20250827080404.csv,60efc4347ae709f7f3dd8b04,354,26,0.073446
experiment_60efc4347ae709f7f3dd8b04_20250827080553.csv,60efc4347ae709f7f3dd8b04,160,17,0.10625
experiment_60f23a36acf5f6c70e990efd_20250826202528.csv,60f23a36acf5f6c70e990efd,355,31,0.087324
experiment_60f23a36acf5f6c70e990efd_20250826202649.csv,60f23a36acf5f6c70e990efd,203,32,0.157635
experiment_60f23a36acf5f6c70e990efd_20250826202832.csv,60f23a36acf5f6c70e990efd,298,35,0.11745
experiment_60f23a36acf5f6c70e990efd_20250826202929.csv,60f23a36acf5f6c70e990efd,106,8,0.075472
experiment_60f23a36acf5f6c70e990efd_20250826203059.csv,60f23a36acf5f6c70e990efd,293,37,0.12628
experiment_60f23a36acf5f6c70e990efd_20250826203247.csv,60f23a36acf5f6c70e990efd,213,21,0.098592
experiment_60f23a36acf5f6c70e990efd_20250826203440.csv,60f23a36acf5f6c70e990efd,334,17,0.050898
experiment_60f23a36acf5f6c70e990efd_20250826203522.csv,60f23a36acf5f6c70e990efd,147,7,0.047619
experiment_6136cb52db0f1cb2262bbf5d_20250826171633.csv,6136cb52db0f1cb2262bbf5d,134,0,0.0
experiment_6136cb52db0f1cb2262bbf5d_20250826171925.csv,6136cb52db0f1cb2262bbf5d,186,1,0.005376
experiment_6136cb52db0f1cb2262bbf5d_20250826172151.csv,6136cb52db0f1cb2262bbf5d,145,9,0.062069
experiment_6136cb52db0f1cb2262bbf5d_20250826172433.csv,6136cb52db0f1cb2262bbf5d,167,7,0.041916
experiment_6136cb52db0f1cb2262bbf5d_20250826172719.csv,6136cb52db0f1cb2262bbf5d,109,7,0.06422
experiment_6136cb52db0f1cb2262bbf5d_20250826172909.csv,6136cb52db0f1cb2262bbf5d,112,3,0.026786
experiment_6136cb52db0f1cb2262bbf5d_20250826173134.csv,6136cb52db0f1cb2262bbf5d,177,10,0.056497
experiment_6136cb52db0f1cb2262bbf5d_20250826173315.csv,6136cb52db0f1cb2262bbf5d,138,4,0.028986
experiment_6140ef8d27499e70e8740918_20250819164624.csv,6140ef8d27499e70e8740918,721,46,0.0638
experiment_6140ef8d27499e70e8740918_20250819165019.csv,6140ef8d27499e70e8740918,446,28,0.06278
experiment_6140ef8d27499e70e8740918_20250819165535.csv,6140ef8d27499e70e8740918,857,48,0.056009
experiment_6140ef8d27499e70e8740918_20250819165712.csv,6140ef8d27499e70e8740918,192,4,0.020833
experiment_6140ef8d27499e70e8740918_20250819165918.csv,6140ef8d27499e70e8740918,273,5,0.018315
experiment_6140ef8d27499e70e8740918_20250819170107.csv,6140ef8d27499e70e8740918,182,5,0.027473
experiment_6140ef8d27499e70e8740918_20250819170250.csv,6140ef8d27499e70e8740918,336,20,0.059524
experiment_6140ef8d27499e70e8740918_20250819170542.csv,6140ef8d27499e70e8740918,517,54,0.104449
experiment_6150ca3f37e1fe330f70311d_20250827083054.csv,6150ca3f37e1fe330f70311d,289,45,0.155709
experiment_6150ca3f37e1fe330f70311d_20250827083229.csv,6150ca3f37e1fe330f70311d,195,8,0.041026
experiment_6150ca3f37e1fe330f70311d_20250827083355.csv,6150ca3f37e1fe330f70311d,147,1,0.006803
experiment_6150ca3f37e1fe330f70311d_20250827083505.csv,6150ca3f37e1fe330f70311d,138,1,0.007246
experiment_6150ca3f37e1fe330f70311d_20250827083655.csv,6150ca3f37e1fe330f70311d,287,8,0.027875
experiment_6150ca3f37e1fe330f70311d_20250827083752.csv,6150ca3f37e1fe330f70311d,140,6,0.042857
experiment_6150ca3f37e1fe330f70311d_20250827083942.csv,6150ca3f37e1fe330f70311d,123,0,0.0
experiment_6150ca3f37e1fe330f70311d_20250827084050.csv,6150ca3f37e1fe330f70311d,133,2,0.015038
experiment_615921b85071b9caef6148d8_20250827031630.csv,615921b85071b9caef6148d8,208,23,0.110577
experiment_615921b85071b9caef6148d8_20250827031858.csv,615921b85071b9caef6148d8,490,47,0.095918
experiment_615921b85071b9caef6148d8_20250827032049.csv,615921b85071b9caef6148d8,271,23,0.084871
experiment_615921b85071b9caef6148d8_20250827032257.csv,615921b85071b9caef6148d8,310,57,0.183871
experiment_615921b85071b9caef6148d8_20250827032451.csv,615921b85071b9caef6148d8,342,57,0.166667
experiment_615921b85071b9caef6148d8_20250827032611.csv,615921b85071b9caef6148d8,251,27,0.10757
experiment_615921b85071b9caef6148d8_20250827032744.csv,615921b85071b9caef6148d8,341,32,0.093842
experiment_615921b85071b9caef6148d8_20250827032948.csv,615921b85071b9caef6148d8,462,138,0.298701
experiment_616f9519fb3906da76b8e173_20250827010929.csv,616f9519fb3906da76b8e173,241,10,0.041494
experiment_616f9519fb3906da76b8e173_20250827011029.csv,616f9519fb3906da76b8e173,110,13,0.118182
experiment_616f9519fb3906da76b8e173_20250827011130.csv,616f9519fb3906da76b8e173,185,42,0.227027
experiment_616f9519fb3906da76b8e173_20250827011257.csv,616f9519fb3906da76b8e173,247,26,0.105263
experiment_616f9519fb3906da76b8e173_20250827011345.csv,616f9519fb3906da76b8e173,144,5,0.034722
experiment_616f9519fb3906da76b8e173_20250827011511.csv,616f9519fb3906da76b8e173,234,17,0.07265
experiment_616f9519fb3906da76b8e173_20250827011656.csv,616f9519fb3906da76b8e173,347,57,0.164265
experiment_616f9519fb3906da76b8e173_20250827011744.csv,616f9519fb3906da76b8e173,121,15,0.123967
experiment_61717173748006894b2b54ff_20250826174044.csv,61717173748006894b2b54ff,113,24,0.212389
experiment_61717173748006894b2b54ff_20250826174129.csv,61717173748006894b2b54ff,99,15,0.151515
experiment_61717173748006894b2b54ff_20250826174846.csv,61717173748006894b2b54ff,108,26,0.240741
experiment_61717173748006894b2b54ff_20250826174953.csv,61717173748006894b2b54ff,87,10,0.114943
experiment_61717173748006894b2b54ff_20250826175115.csv,61717173748006894b2b54ff,163,58,0.355828
experiment_61717173748006894b2b54ff_20250826175153.csv,61717173748006894b2b54ff,93,6,0.064516
experiment_61717173748006894b2b54ff_20250826175756.csv,61717173748006894b2b54ff,143,41,0.286713
experiment_61717173748006894b2b54ff_20250826175900.csv,61717173748006894b2b54ff,77,12,0.155844
experiment_6400e3697879c55c323f34d0_20250826123813.csv,6400e3697879c55c323f34d0,180,1,0.005556
experiment_6400e3697879c55c323f34d0_20250826124041.csv,6400e3697879c55c323f34d0,275,6,0.021818
experiment_6400e3697879c55c323f34d0_20250826124436.csv,6400e3697879c55c323f34d0,187,22,0.117647
experiment_6400e3697879c55c323f34d0_20250826124619.csv,6400e3697879c55c323f34d0,237,17,0.07173
experiment_6400e3697879c55c323f34d0_20250826124816.csv,6400e3697879c55c323f34d0,212,29,0.136792
experiment_6400e3697879c55c323f34d0_20250826125028.csv,6400e3697879c55c323f34d0,342,25,0.073099
experiment_6400e3697879c55c323f34d0_20250826125139.csv,6400e3697879c55c323f34d0,155,12,0.077419
experiment_6400e3697879c55c323f34d0_20250826125335.csv,6400e3697879c55c323f34d0,299,9,0.0301
experiment_649dba79b97070557ebe3d0b_20250827035238.csv,649dba79b97070557ebe3d0b,331,23,0.069486
experiment_649dba79b97070557ebe3d0b_20250827035613.csv,649dba79b97070557ebe3d0b,359,19,0.052925
experiment_649dba79b97070557ebe3d0b_20250827035959.csv,649dba79b97070557ebe3d0b,735,37,0.05034
experiment_649dba79b97070557ebe3d0b_20250827040240.csv,649dba79b97070557ebe3d0b,550,47,0.085455
experiment_649dba79b97070557ebe3d0b_20250827040519.csv,649dba79b97070557ebe3d0b,638,40,0.062696
experiment_649dba79b97070557ebe3d0b_20250827040939.csv,649dba79b97070557ebe3d0b,603,45,0.074627
experiment_649dba79b97070557ebe3d0b_20250827041158.csv,649dba79b97070557ebe3d0b,496,41,0.082661
experiment_649dba79b97070557ebe3d0b_20250827041432.csv,649dba79b97070557ebe3d0b,486,17,0.034979
experiment_64e8b6f73929dae22fc25705_20250827034016.csv,64e8b6f73929dae22fc25705,49,3,0.061224
experiment_64e8b6f73929dae22fc25705_20250827034105.csv,64e8b6f73929dae22fc25705,119,9,0.07563
experiment_64e8b6f73929dae22fc25705_20250827034148.csv,64e8b6f73929dae22fc25705,51,3,0.058824
experiment_64e8b6f73929dae22fc25705_20250827034238.csv,64e8b6f73929dae22fc25705,148,10,0.067568
experiment_64e8b6f73929dae22fc25705_20250827034323.csv,64e8b6f73929dae22fc25705,51,6,0.117647
experiment_64e8b6f73929dae22fc25705_20250827034458.csv,64e8b6f73929dae22fc25705,148,11,0.074324
experiment_64e8b6f73929dae22fc25705_20250827034540.csv,64e8b6f73929dae22fc25705,73,5,0.068493
experiment_64e8b6f73929dae22fc25705_20250827034636.csv,64e8b6f73929dae22fc25705,71,12,0.169014
experiment_6527f153bea7b2d7c0d556e4_20250827020003.csv,6527f153bea7b2d7c0d556e4,535,100,0.186916
experiment_6527f153bea7b2d7c0d556e4_20250827020215.csv,6527f153bea7b2d7c0d556e4,255,21,0.082353
experiment_6527f153bea7b2d7c0d556e4_20250827020421.csv,6527f153bea7b2d7c0d556e4,355,30,0.084507
experiment_6527f153bea7b2d7c0d556e4_20250827020608.csv,6527f153bea7b2d7c0d556e4,139,8,0.057554
experiment_6527f153bea7b2d7c0d556e4_20250827020822.csv,6527f153bea7b2d7c0d556e4,339,70,0.20649
experiment_6527f153bea7b2d7c0d556e4_20250827021128.csv,6527f153bea7b2d7c0d556e4,337,43,0.127596
experiment_6527f153bea7b2d7c0d556e4_20250827021347.csv,6527f153bea7b2d7c0d556e4,242,14,0.057851
experiment_6527f153bea7b2d7c0d556e4_20250827021555.csv,6527f153bea7b2d7c0d556e4,140,18,0.128571
experiment_6538097b8793d9b90adc4667_20250827143620.csv,6538097b8793d9b90adc4667,103,20,0.194175
experiment_6538097b8793d9b90adc4667_20250827143705.csv,6538097b8793d9b90adc4667,89,8,0.089888
experiment_6538097b8793d9b90adc4667_20250827143856.csv,6538097b8793d9b90adc4667,69,7,0.101449
experiment_6538097b8793d9b90adc4667_20250827143933.csv,6538097b8793d9b90adc4667,81,2,0.024691
experiment_6538097b8793d9b90adc4667_20250827144052.csv,6538097b8793d9b90adc4667,84,17,0.202381
experiment_6538097b8793d9b90adc4667_20250827144122.csv,6538097b8793d9b90adc4667,64,6,0.09375
experiment_6538097b8793d9b90adc4667_20250827144346.csv,6538097b8793d9b90adc4667,69,13,0.188406
experiment_6538097b8793d9b90adc4667_20250827144750.csv,6538097b8793d9b90adc4667,87,18,0.206897
experiment_65a3ec77f674ac3e98f0c6ac_20250827081018.csv,65a3ec77f674ac3e98f0c6ac,230,30,0.130435
experiment_65a3ec77f674ac3e98f0c6ac_20250827081127.csv,65a3ec77f674ac3e98f0c6ac,114,20,0.175439
experiment_65a3ec77f674ac3e98f0c6ac_20250827081246.csv,65a3ec77f674ac3e98f0c6ac,50,1,0.02
experiment_65a3ec77f674ac3e98f0c6ac_20250827081524.csv,65a3ec77f674ac3e98f0c6ac,219,24,0.109589
experiment_65a3ec77f674ac3e98f0c6ac_20250827081631.csv,65a3ec77f674ac3e98f0c6ac,91,14,0.153846
experiment_65a3ec77f674ac3e98f0c6ac_20250827081742.csv,65a3ec77f674ac3e98f0c6ac,73,2,0.027397
experiment_65a3ec77f674ac3e98f0c6ac_20250827081821.csv,65a3ec77f674ac3e98f0c6ac,31,2,0.064516
experiment_65a3ec77f674ac3e98f0c6ac_20250827081902.csv,65a3ec77f674ac3e98f0c6ac,37,5,0.135135
experiment_65a3f4da297bacfcc92dead2_20250827092530.csv,65a3f4da297bacfcc92dead2,190,12,0.063158
experiment_65a3f4da297bacfcc92dead2_20250827092700.csv,65a3f4da297bacfcc92dead2,171,19,0.111111
experiment_65a3f4da297bacfcc92dead2_20250827092919.csv,65a3f4da297bacfcc92dead2,228,24,0.105263
experiment_65a3f4da297bacfcc92dead2_20250827093020.csv,65a3f4da297bacfcc92dead2,97,13,0.134021
experiment_65a3f4da297bacfcc92dead2_20250827093100.csv,65a3f4da297bacfcc92dead2,51,1,0.019608
experiment_65a3f4da297bacfcc92dead2_20250827093210.csv,65a3f4da297bacfcc92dead2,153,17,0.111111
experiment_65a3f4da297bacfcc92dead2_20250827093335.csv,65a3f4da297bacfcc92dead2,185,19,0.102703
experiment_65a3f4da297bacfcc92dead2_20250827093451.csv,65a3f4da297bacfcc92dead2,134,22,0.164179
experiment_65c7b42c1c15b1064e26f265_20250826224116.csv,65c7b42c1c15b1064e26f265,28,0,0.0
experiment_65c7b42c1c15b1064e26f265_20250826224130.csv,65c7b42c1c15b1064e26f265,25,0,0.0
experiment_65c7b42c1c15b1064e26f265_20250826224151.csv,65c7b42c1c15b1064e26f265,20,0,0.0
experiment_65c7b42c1c15b1064e26f265_20250826224209.csv,65c7b42c1c15b1064e26f265,21,0,0.0
experiment_65c7b42c1c15b1064e26f265_20250826224210.csv,65c7b42c1c15b1064e26f265,21,0,0.0
experiment_65c7b42c1c15b1064e26f265_20250826224226.csv,65c7b42c1c15b1064e26f265,33,0,0.0
experiment_65c7b42c1c15b1064e26f265_20250826224238.csv,65c7b42c1c15b1064e26f265,25,0,0.0
experiment_65c7b42c1c15b1064e26f265_20250826224239.csv,65c7b42c1c15b1064e26f265,25,0,0.0
experiment_65cf6d8a589a67afcab54e6f_20250827123551.csv,65cf6d8a589a67afcab54e6f,938,104,0.110874
experiment_65cf6d8a589a67afcab54e6f_20250827124105.csv,65cf6d8a589a67afcab54e6f,488,73,0.14959
experiment_65cf6d8a589a67afcab54e6f_20250827124307.csv,65cf6d8a589a67afcab54e6f,262,13,0.049618
experiment_65cf6d8a589a67afcab54e6f_20250827124501.csv,65cf6d8a589a67afcab54e6f,209,11,0.052632
experiment_65cf6d8a589a67afcab54e6f_20250827124735.csv,65cf6d8a589a67afcab54e6f,344,22,0.063953
experiment_65cf6d8a589a67afcab54e6f_20250827124940.csv,65cf6d8a589a67afcab54e6f,313,30,0.095847
experiment_65cf6d8a589a67afcab54e6f_20250827125109.csv,65cf6d8a589a67afcab54e6f,227,41,0.180617
experiment_65cf6d8a589a67afcab54e6f_20250827125253.csv,65cf6d8a589a67afcab54e6f,188,19,0.101064
experiment_65eafe348dd7dad3b69be921_20250827113009.csv,65eafe348dd7dad3b69be921,194,16,0.082474
experiment_65eafe348dd7dad3b69be921_20250827113457.csv,65eafe348dd7dad3b69be921,498,192,0.385542
experiment_65eafe348dd7dad3b69be921_20250827113736.csv,65eafe348dd7dad3b69be921,224,38,0.169643
experiment_65eafe348dd7dad3b69be921_20250827114014.csv,65eafe348dd7dad3b69be921,172,11,0.063953
experiment_65eafe348dd7dad3b69be921_20250827114136.csv,65eafe348dd7dad3b69be921,117,10,0.08547
experiment_65eafe348dd7dad3b69be921_20250827114334.csv,65eafe348dd7dad3b69be921,182,1,0.005495
experiment_65eafe348dd7dad3b69be921_20250827114531.csv,65eafe348dd7dad3b69be921,226,29,0.128319
experiment_65eafe348dd7dad3b69be921_20250827114810.csv,65eafe348dd7dad3b69be921,302,53,0.175497
experiment_65f03cac071873738667ccbb_20250827092250.csv,65f03cac071873738667ccbb,289,40,0.138408
experiment_65f03cac071873738667ccbb_20250827092521.csv,65f03cac071873738667ccbb,358,28,0.078212
experiment_65f03cac071873738667ccbb_20250827092725.csv,65f03cac071873738667ccbb,344,23,0.06686
experiment_65f03cac071873738667ccbb_20250827092927.csv,65f03cac071873738667ccbb,239,27,0.112971
experiment_65f03cac071873738667ccbb_20250827093155.csv,65f03cac071873738667ccbb,389,29,0.07455
experiment_65f03cac071873738667ccbb_20250827093335.csv,65f03cac071873738667ccbb,167,23,0.137725
experiment_65f03cac071873738667ccbb_20250827093525.csv,65f03cac071873738667ccbb,258,25,0.096899
experiment_65f03cac071873738667ccbb_20250827093626.csv,65f03cac071873738667ccbb,106,15,0.141509
experiment_65f1ee12589aa15061efa22a_20250826152638.csv,65f1ee12589aa15061efa22a,896,69,0.077009
experiment_65f1ee12589aa15061efa22a_20250826153420.csv,65f1ee12589aa15061efa22a,373,54,0.144772
experiment_65f1ee12589aa15061efa22a_20250826154549.csv,65f1ee12589aa15061efa22a,956,127,0.132845
experiment_65f1ee12589aa15061efa22a_20250826155141.csv,65f1ee12589aa15061efa22a,425,80,0.188235
experiment_65f1ee12589aa15061efa22a_20250826155636.csv,65f1ee12589aa15061efa22a,560,42,0.075
experiment_65f1ee12589aa15061efa22a_20250826160304.csv,65f1ee12589aa15061efa22a,651,83,0.127496
experiment_65f1ee12589aa15061efa22a_20250826160449.csv,65f1ee12589aa15061efa22a,250,17,0.068
experiment_65f1ee12589aa15061efa22a_20250826160636.csv,65f1ee12589aa15061efa22a,247,12,0.048583
experiment_65f333c755d191fcd18fa279_20250826134900.csv,65f333c755d191fcd18fa279,377,24,0.06366
experiment_65f333c755d191fcd18fa279_20250826135249.csv,65f333c755d191fcd18fa279,364,29,0.07967
experiment_65f333c755d191fcd18fa279_20250826135554.csv,65f333c755d191fcd18fa279,327,27,0.082569
experiment_65f333c755d191fcd18fa279_20250826135842.csv,65f333c755d191fcd18fa279,363,10,0.027548
experiment_65f333c755d191fcd18fa279_20250826140107.csv,65f333c755d191fcd18fa279,225,13,0.057778
experiment_65f333c755d191fcd18fa279_20250826140358.csv,65f333c755d191fcd18fa279,334,7,0.020958
experiment_65f333c755d191fcd18fa279_20250826140611.csv,65f333c755d191fcd18fa279,204,6,0.029412
experiment_65f333c755d191fcd18fa279_20250826141148.csv,65f333c755d191fcd18fa279,281,19,0.067616
experiment_65fb34c4df61f03ce0dd6dd9_20250827094245.csv,65fb34c4df61f03ce0dd6dd9,103,3,0.029126
experiment_65fb34c4df61f03ce0dd6dd9_20250827094458.csv,65fb34c4df61f03ce0dd6dd9,105,8,0.07619
experiment_65fb34c4df61f03ce0dd6dd9_20250827094639.csv,65fb34c4df61f03ce0dd6dd9,117,23,0.196581
experiment_65fb34c4df61f03ce0dd6dd9_20250827094844.csv,65fb34c4df61f03ce0dd6dd9,112,11,0.098214
experiment_65fb34c4df61f03ce0dd6dd9_20250827095006.csv,65fb34c4df61f03ce0dd6dd9,72,1,0.013889
experiment_65fb34c4df61f03ce0dd6dd9_20250827095144.csv,65fb34c4df61f03ce0dd6dd9,95,0,0.0
experiment_65fb34c4df61f03ce0dd6dd9_20250827095330.csv,65fb34c4df61f03ce0dd6dd9,118,5,0.042373
experiment_65fb34c4df61f03ce0dd6dd9_20250827095609.csv,65fb34c4df61f03ce0dd6dd9,229,18,0.078603
experiment_65fc95c627592d85499ae358_20250819165809.csv,65fc95c627592d85499ae358,192,15,0.078125
experiment_65fc95c627592d85499ae358_20250819170352.csv,65fc95c627592d85499ae358,432,34,0.078704
experiment_65fc95c627592d85499ae358_20250819170605.csv,65fc95c627592d85499ae358,91,2,0.021978
experiment_65fc95c627592d85499ae358_20250819171143.csv,65fc95c627592d85499ae358,315,8,0.025397
experiment_65fc95c627592d85499ae358_20250819171423.csv,65fc95c627592d85499ae358,109,6,0.055046
experiment_65fc95c627592d85499ae358_20250819172025.csv,65fc95c627592d85499ae358,134,5,0.037313
experiment_65fc95c627592d85499ae358_20250819172435.csv,65fc95c627592d85499ae358,150,5,0.033333
experiment_65fc95c627592d85499ae358_20250819172658.csv,65fc95c627592d85499ae358,145,12,0.082759
experiment_65fda4aa45ba55e983e2a2d9_20250827040319.csv,65fda4aa45ba55e983e2a2d9,232,10,0.043103
experiment_65fda4aa45ba55e983e2a2d9_20250827040608.csv,65fda4aa45ba55e983e2a2d9,143,3,0.020979
experiment_65fda4aa45ba55e983e2a2d9_20250827041057.csv,65fda4aa45ba55e983e2a2d9,196,12,0.061224
experiment_65fda4aa45ba55e983e2a2d9_20250827041323.csv,65fda4aa45ba55e983e2a2d9,158,9,0.056962
experiment_65fda4aa45ba55e983e2a2d9_20250827041645.csv,65fda4aa45ba55e983e2a2d9,182,6,0.032967
experiment_65fda4aa45ba55e983e2a2d9_20250827041827.csv,65fda4aa45ba55e983e2a2d9,174,19,0.109195
experiment_65fda4aa45ba55e983e2a2d9_20250827041958.csv,65fda4aa45ba55e983e2a2d9,134,13,0.097015
experiment_65fda4aa45ba55e983e2a2d9_20250827042205.csv,65fda4aa45ba55e983e2a2d9,125,0,0.0
experiment_6614435124bf16e7a24f9662_20250827115207.csv,6614435124bf16e7a24f9662,121,12,0.099174
experiment_6614435124bf16e7a24f9662_20250827115412.csv,6614435124bf16e7a24f9662,109,5,0.045872
experiment_6614435124bf16e7a24f9662_20250827115723.csv,6614435124bf16e7a24f9662,116,19,0.163793
experiment_6614435124bf16e7a24f9662_20250827121241.csv,6614435124bf16e7a24f9662,86,7,0.081395
experiment_6614435124bf16e7a24f9662_20250827121659.csv,6614435124bf16e7a24f9662,114,20,0.175439
experiment_6614435124bf16e7a24f9662_20250827122028.csv,6614435124bf16e7a24f9662,60,7,0.116667
experiment_6614435124bf16e7a24f9662_20250827122304.csv,6614435124bf16e7a24f9662,61,3,0.04918
experiment_6614435124bf16e7a24f9662_20250827122637.csv,6614435124bf16e7a24f9662,82,14,0.170732
experiment_661564c766603e80ca4c3184_20250826163603.csv,661564c766603e80ca4c3184,89,20,0.224719
experiment_661564c766603e80ca4c3184_20250826163947.csv,661564c766603e80ca4c3184,138,19,0.137681
experiment_661564c766603e80ca4c3184_20250826164233.csv,661564c766603e80ca4c3184,75,8,0.106667
experiment_661564c766603e80ca4c3184_20250826164520.csv,661564c766603e80ca4c3184,75,2,0.026667
experiment_661564c766603e80ca4c3184_20250826164819.csv,661564c766603e80ca4c3184,58,0,0.0
experiment_661564c766603e80ca4c3184_20250826165148.csv,661564c766603e80ca4c3184,155,6,0.03871
experiment_661564c766603e80ca4c3184_20250826165745.csv,661564c766603e80ca4c3184,88,5,0.056818
experiment_661564c766603e80ca4c3184_20250826165952.csv,661564c766603e80ca4c3184,195,75,0.384615
experiment_663068f52490bf6d13f95968_20250827030140.csv,663068f52490bf6d13f95968,86,8,0.093023
experiment_663068f52490bf6d13f95968_20250827030416.csv,663068f52490bf6d13f95968,446,58,0.130045
experiment_663068f52490bf6d13f95968_20250827030442.csv,663068f52490bf6d13f95968,40,2,0.05
experiment_663068f52490bf6d13f95968_20250827030614.csv,663068f52490bf6d13f95968,245,17,0.069388
experiment_663068f52490bf6d13f95968_20250827030627.csv,663068f52490bf6d13f95968,22,0,0.0
experiment_663068f52490bf6d13f95968_20250827030817.csv,663068f52490bf6d13f95968,180,3,0.016667
experiment_663068f52490bf6d13f95968_20250827030835.csv,663068f52490bf6d13f95968,16,0,0.0
experiment_663068f52490bf6d13f95968_20250827031546.csv,663068f52490bf6d13f95968,191,1,0.005236
experiment_66321cfc446914f3b199e193_20250827105624.csv,66321cfc446914f3b199e193,147,0,0.0
experiment_66321cfc446914f3b199e193_20250827110215.csv,66321cfc446914f3b199e193,364,23,0.063187
experiment_66321cfc446914f3b199e193_20250827110448.csv,66321cfc446914f3b199e193,171,11,0.064327
experiment_66321cfc446914f3b199e193_20250827111048.csv,66321cfc446914f3b199e193,426,25,0.058685
experiment_66321cfc446914f3b199e193_20250827111258.csv,66321cfc446914f3b199e193,121,0,0.0
experiment_66321cfc446914f3b199e193_20250827111743.csv,66321cfc446914f3b199e193,350,35,0.1
experiment_66321cfc446914f3b199e193_20250827112102.csv,66321cfc446914f3b199e193,271,7,0.02583
experiment_66321cfc446914f3b199e193_20250827112427.csv,66321cfc446914f3b199e193,256,14,0.054688
experiment_663378460f834e9670d1508c_20250827132822.csv,663378460f834e9670d1508c,379,0,0.0
experiment_663378460f834e9670d1508c_20250827133253.csv,663378460f834e9670d1508c,258,4,0.015504
experiment_663378460f834e9670d1508c_20250827133628.csv,663378460f834e9670d1508c,331,15,0.045317
experiment_663378460f834e9670d1508c_20250827133849.csv,663378460f834e9670d1508c,193,0,0.0
experiment_663378460f834e9670d1508c_20250827134408.csv,663378460f834e9670d1508c,568,154,0.271127
experiment_663378460f834e9670d1508c_20250827135206.csv,663378460f834e9670d1508c,797,53,0.066499
experiment_663378460f834e9670d1508c_20250827135723.csv,663378460f834e9670d1508c,464,15,0.032328
experiment_663378460f834e9670d1508c_20250827140210.csv,663378460f834e9670d1508c,512,24,0.046875
experiment_6635344fb4ae723326e3ce04_20250826132024.csv,6635344fb4ae723326e3ce04,50,2,0.04
experiment_6635344fb4ae723326e3ce04_20250826132250.csv,6635344fb4ae723326e3ce04,53,3,0.056604
experiment_6635344fb4ae723326e3ce04_20250826132502.csv,6635344fb4ae723326e3ce04,62,0,0.0
experiment_6635344fb4ae723326e3ce04_20250826132624.csv,6635344fb4ae723326e3ce04,52,0,0.0
experiment_6635344fb4ae723326e3ce04_20250826132907.csv,6635344fb4ae723326e3ce04,83,7,0.084337
experiment_6635344fb4ae723326e3ce04_20250826133223.csv,6635344fb4ae723326e3ce04,58,4,0.068966
experiment_6635344fb4ae723326e3ce04_20250826133323.csv,6635344fb4ae723326e3ce04,46,0,0.0
experiment_6635344fb4ae723326e3ce04_20250826133518.csv,6635344fb4ae723326e3ce04,53,5,0.09434
experiment_6643495b44af166c626762cd_20250819155555.csv,6643495b44af166c626762cd,102,7,0.068627
experiment_6643495b44af166c626762cd_20250819155834.csv,6643495b44af166c626762cd,325,18,0.055385
experiment_6643495b44af166c626762cd_20250819155956.csv,6643495b44af166c626762cd,124,12,0.096774
experiment_6643495b44af166c626762cd_20250819160208.csv,6643495b44af166c626762cd,250,2,0.008
experiment_6643495b44af166c626762cd_20250819160307.csv,6643495b44af166c626762cd,114,2,0.017544
experiment_6643495b44af166c626762cd_20250819160610.csv,6643495b44af166c626762cd,335,29,0.086567
experiment_6643495b44af166c626762cd_20250819160707.csv,6643495b44af166c626762cd,103,0,0.0
experiment_6643495b44af166c626762cd_20250819160831.csv,6643495b44af166c626762cd,156,10,0.064103
experiment_664b44d8a11f1bcbba9e0494_20250827045451.csv,664b44d8a11f1bcbba9e0494,142,3,0.021127
experiment_664b44d8a11f1bcbba9e0494_20250827045629.csv,664b44d8a11f1bcbba9e0494,183,19,0.103825
experiment_664b44d8a11f1bcbba9e0494_20250827045742.csv,664b44d8a11f1bcbba9e0494,179,10,0.055866
experiment_664b44d8a11f1bcbba9e0494_20250827045845.csv,664b44d8a11f1bcbba9e0494,145,11,0.075862
experiment_664b44d8a11f1bcbba9e0494_20250827050010.csv,664b44d8a11f1bcbba9e0494,204,5,0.02451
experiment_664b44d8a11f1bcbba9e0494_20250827050207.csv,664b44d8a11f1bcbba9e0494,278,5,0.017986
experiment_664b44d8a11f1bcbba9e0494_20250827050356.csv,664b44d8a11f1bcbba9e0494,187,16,0.085561
experiment_664b44d8a11f1bcbba9e0494_20250827050608.csv,664b44d8a11f1bcbba9e0494,317,13,0.041009
experiment_664c8dd7baa052f7b1e88417_20250826174453.csv,664c8dd7baa052f7b1e88417,188,4,0.021277
experiment_664c8dd7baa052f7b1e88417_20250826174734.csv,664c8dd7baa052f7b1e88417,111,2,0.018018
experiment_664c8dd7baa052f7b1e88417_20250826175028.csv,664c8dd7baa052f7b1e88417,208,73,0.350962
experiment_664c8dd7baa052f7b1e88417_20250826175139.csv,664c8dd7baa052f7b1e88417,61,0,0.0
experiment_664c8dd7baa052f7b1e88417_20250826175316.csv,664c8dd7baa052f7b1e88417,119,2,0.016807
experiment_664c8dd7baa052f7b1e88417_20250826175558.csv,664c8dd7baa052f7b1e88417,154,8,0.051948
experiment_664c8dd7baa052f7b1e88417_20250826175738.csv,664c8dd7baa052f7b1e88417,126,0,0.0
experiment_664c8dd7baa052f7b1e88417_20250826175848.csv,664c8dd7baa052f7b1e88417,99,0,0.0
experiment_664e413a5f3eb7f99d90e15b_20250826191757.csv,664e413a5f3eb7f99d90e15b,490,70,0.142857
experiment_664e413a5f3eb7f99d90e15b_20250826192354.csv,664e413a5f3eb7f99d90e15b,316,21,0.066456
experiment_664e413a5f3eb7f99d90e15b_20250826192643.csv,664e413a5f3eb7f99d90e15b,26,5,0.192308
experiment_664e413a5f3eb7f99d90e15b_20250826193141.csv,664e413a5f3eb7f99d90e15b,279,8,0.028674
experiment_664e413a5f3eb7f99d90e15b_20250826193708.csv,664e413a5f3eb7f99d90e15b,371,39,0.105121
experiment_664e413a5f3eb7f99d90e15b_20250826194048.csv,664e413a5f3eb7f99d90e15b,289,18,0.062284
experiment_664e413a5f3eb7f99d90e15b_20250826194611.csv,664e413a5f3eb7f99d90e15b,388,25,0.064433
experiment_664e413a5f3eb7f99d90e15b_20250826194947.csv,664e413a5f3eb7f99d90e15b,235,20,0.085106
experiment_664fa86722f5339adebd32ec_20250827145607.csv,664fa86722f5339adebd32ec,55,1,0.018182
experiment_664fa86722f5339adebd32ec_20250827150103.csv,664fa86722f5339adebd32ec,271,42,0.154982
experiment_664fa86722f5339adebd32ec_20250827150309.csv,664fa86722f5339adebd32ec,58,6,0.103448
experiment_664fa86722f5339adebd32ec_20250827150815.csv,664fa86722f5339adebd32ec,170,26,0.152941
experiment_664fa86722f5339adebd32ec_20250827151110.csv,664fa86722f5339adebd32ec,205,67,0.326829
experiment_664fa86722f5339adebd32ec_20250827151433.csv,664fa86722f5339adebd32ec,121,33,0.272727
experiment_664fa86722f5339adebd32ec_20250827151627.csv,664fa86722f5339adebd32ec,90,15,0.166667
experiment_664fa86722f5339adebd32ec_20250827151843.csv,664fa86722f5339adebd32ec,74,19,0.256757
experiment_666f76b68b89442817be678a_20250827043255.csv,666f76b68b89442817be678a,88,2,0.022727
experiment_666f76b68b89442817be678a_20250827043510.csv,666f76b68b89442817be678a,109,1,0.009174
experiment_666f76b68b89442817be678a_20250827043631.csv,666f76b68b89442817be678a,61,2,0.032787
experiment_666f76b68b89442817be678a_20250827043905.csv,666f76b68b89442817be678a,141,8,0.056738
experiment_666f76b68b89442817be678a_20250827044000.csv,666f76b68b89442817be678a,59,0,0.0
experiment_666f76b68b89442817be678a_20250827044216.csv,666f76b68b89442817be678a,99,7,0.070707
experiment_666f76b68b89442817be678a_20250827044433.csv,666f76b68b89442817be678a,81,9,0.111111
experiment_666f76b68b89442817be678a_20250827044818.csv,666f76b68b89442817be678a,193,25,0.129534
experiment_6672bf56d51710391ce2164d_20250827065429.csv,6672bf56d51710391ce2164d,514,62,0.120623
experiment_6672bf56d51710391ce2164d_20250827065546.csv,6672bf56d51710391ce2164d,164,4,0.02439
experiment_6672bf56d51710391ce2164d_20250827065631.csv,6672bf56d51710391ce2164d,110,4,0.036364
experiment_6672bf56d51710391ce2164d_20250827065820.csv,6672bf56d51710391ce2164d,327,21,0.06422
experiment_6672bf56d51710391ce2164d_20250827065928.csv,6672bf56d51710391ce2164d,182,10,0.054945
experiment_6672bf56d51710391ce2164d_20250827070122.csv,6672bf56d51710391ce2164d,254,9,0.035433
experiment_6672bf56d51710391ce2164d_20250827070316.csv,6672bf56d51710391ce2164d,369,37,0.100271
experiment_6672bf56d51710391ce2164d_20250827070412.csv,6672bf56d51710391ce2164d,132,4,0.030303
experiment_6672fea3fe6378e257b6ef25_20250826232322.csv,6672fea3fe6378e257b6ef25,241,13,0.053942
experiment_6672fea3fe6378e257b6ef25_20250826233453.csv,6672fea3fe6378e257b6ef25,687,86,0.125182
experiment_6672fea3fe6378e257b6ef25_20250826234654.csv,6672fea3fe6378e257b6ef25,403,54,0.133995
experiment_6672fea3fe6378e257b6ef25_20250826235530.csv,6672fea3fe6378e257b6ef25,460,36,0.078261
experiment_6672fea3fe6378e257b6ef25_20250827001005.csv,6672fea3fe6378e257b6ef25,1306,151,0.11562
experiment_6672fea3fe6378e257b6ef25_20250827001338.csv,6672fea3fe6378e257b6ef25,421,48,0.114014
experiment_6672fea3fe6378e257b6ef25_20250827001601.csv,6672fea3fe6378e257b6ef25,268,36,0.134328
experiment_6672fea3fe6378e257b6ef25_20250827001819.csv,6672fea3fe6378e257b6ef25,319,24,0.075235
experiment_6679a3b7cb020a6e4728eac5_20250826125226.csv,6679a3b7cb020a6e4728eac5,209,11,0.052632
experiment_6679a3b7cb020a6e4728eac5_20250826125403.csv,6679a3b7cb020a6e4728eac5,278,23,0.082734
experiment_6679a3b7cb020a6e4728eac5_20250826125556.csv,6679a3b7cb020a6e4728eac5,296,53,0.179054
experiment_6679a3b7cb020a6e4728eac5_20250826125824.csv,6679a3b7cb020a6e4728eac5,287,28,0.097561
experiment_6679a3b7cb020a6e4728eac5_20250826125919.csv,6679a3b7cb020a6e4728eac5,117,7,0.059829
experiment_6679a3b7cb020a6e4728eac5_20250826130229.csv,6679a3b7cb020a6e4728eac5,281,36,0.128114
experiment_6679a3b7cb020a6e4728eac5_20250826130356.csv,6679a3b7cb020a6e4728eac5,213,19,0.089202
experiment_6679a3b7cb020a6e4728eac5_20250826130646.csv,6679a3b7cb020a6e4728eac5,451,89,0.197339
experiment_66986ab71f2b54203f26ad32_20250827074414.csv,66986ab71f2b54203f26ad32,137,8,0.058394
experiment_66986ab71f2b54203f26ad32_20250827075113.csv,66986ab71f2b54203f26ad32,204,4,0.019608
experiment_66986ab71f2b54203f26ad32_20250827075354.csv,66986ab71f2b54203f26ad32,150,7,0.046667
experiment_66986ab71f2b54203f26ad32_20250827075811.csv,66986ab71f2b54203f26ad32,49,0,0.0
experiment_66986ab71f2b54203f26ad32_20250827080128.csv,66986ab71f2b54203f26ad32,80,0,0.0
experiment_66986ab71f2b54203f26ad32_20250827080320.csv,66986ab71f2b54203f26ad32,70,2,0.028571
experiment_66986ab71f2b54203f26ad32_20250827080446.csv,66986ab71f2b54203f26ad32,81,9,0.111111
experiment_66986ab71f2b54203f26ad32_20250827080610.csv,66986ab71f2b54203f26ad32,54,0,0.0
experiment_66b4f89242c0ff3aab8f8774_20250827110519.csv,66b4f89242c0ff3aab8f8774,214,25,0.116822
experiment_66b4f89242c0ff3aab8f8774_20250827110707.csv,66b4f89242c0ff3aab8f8774,172,25,0.145349
experiment_66b4f89242c0ff3aab8f8774_20250827110837.csv,66b4f89242c0ff3aab8f8774,215,17,0.07907
experiment_66b4f89242c0ff3aab8f8774_20250827111006.csv,66b4f89242c0ff3aab8f8774,165,11,0.066667
experiment_66b4f89242c0ff3aab8f8774_20250827111135.csv,66b4f89242c0ff3aab8f8774,215,36,0.167442
experiment_66b4f89242c0ff3aab8f8774_20250827111254.csv,66b4f89242c0ff3aab8f8774,125,9,0.072
experiment_66b4f89242c0ff3aab8f8774_20250827111417.csv,66b4f89242c0ff3aab8f8774,124,11,0.08871
experiment_66b4f89242c0ff3aab8f8774_20250827111556.csv,66b4f89242c0ff3aab8f8774,312,60,0.192308
experiment_66bb6b7e0ccbed81f3ed30a8_20250827094005.csv,66bb6b7e0ccbed81f3ed30a8,223,4,0.017937
experiment_66bb6b7e0ccbed81f3ed30a8_20250827094203.csv,66bb6b7e0ccbed81f3ed30a8,184,2,0.01087
experiment_66bb6b7e0ccbed81f3ed30a8_20250827094339.csv,66bb6b7e0ccbed81f3ed30a8,162,3,0.018519
experiment_66bb6b7e0ccbed81f3ed30a8_20250827094635.csv,66bb6b7e0ccbed81f3ed30a8,153,2,0.013072
experiment_66bb6b7e0ccbed81f3ed30a8_20250827094749.csv,66bb6b7e0ccbed81f3ed30a8,122,0,0.0
experiment_66bb6b7e0ccbed81f3ed30a8_20250827095146.csv,66bb6b7e0ccbed81f3ed30a8,144,2,0.013889
experiment_66bb6b7e0ccbed81f3ed30a8_20250827095354.csv,66bb6b7e0ccbed81f3ed30a8,176,0,0.0
experiment_66bb6b7e0ccbed81f3ed30a8_20250827095543.csv,66bb6b7e0ccbed81f3ed30a8,176,1,0.005682
experiment_6702f60844f21087e0840e3d_20250827133525.csv,6702f60844f21087e0840e3d,167,50,0.299401
experiment_6702f60844f21087e0840e3d_20250827133955.csv,6702f60844f21087e0840e3d,136,13,0.095588
experiment_6702f60844f21087e0840e3d_20250827134445.csv,6702f60844f21087e0840e3d,98,11,0.112245
experiment_6702f60844f21087e0840e3d_20250827134606.csv,6702f60844f21087e0840e3d,63,3,0.047619
experiment_6702f60844f21087e0840e3d_20250827134835.csv,6702f60844f21087e0840e3d,101,5,0.049505
experiment_6702f60844f21087e0840e3d_20250827134920.csv,6702f60844f21087e0840e3d,80,0,0.0
experiment_6702f60844f21087e0840e3d_20250827135301.csv,6702f60844f21087e0840e3d,58,7,0.12069
experiment_6702f60844f21087e0840e3d_20250827135427.csv,6702f60844f21087e0840e3d,141,27,0.191489
experiment_6725030a6ee43d8130ceefc5_20250826141649.csv,6725030a6ee43d8130ceefc5,184,9,0.048913
experiment_6725030a6ee43d8130ceefc5_20250826142056.csv,6725030a6ee43d8130ceefc5,336,23,0.068452
experiment_6725030a6ee43d8130ceefc5_20250826142348.csv,6725030a6ee43d8130ceefc5,235,6,0.025532
experiment_6725030a6ee43d8130ceefc5_20250826142721.csv,6725030a6ee43d8130ceefc5,360,1,0.002778
experiment_6725030a6ee43d8130ceefc5_20250826143040.csv,6725030a6ee43d8130ceefc5,266,11,0.041353
experiment_6725030a6ee43d8130ceefc5_20250826143420.csv,6725030a6ee43d8130ceefc5,376,46,0.12234
experiment_6725030a6ee43d8130ceefc5_20250826143716.csv,6725030a6ee43d8130ceefc5,269,9,0.033457
experiment_6725030a6ee43d8130ceefc5_20250826143929.csv,6725030a6ee43d8130ceefc5,232,13,0.056034
experiment_6725c4a8e3ab0787551acf38_20250827051835.csv,6725c4a8e3ab0787551acf38,111,9,0.081081
experiment_6725c4a8e3ab0787551acf38_20250827052240.csv,6725c4a8e3ab0787551acf38,227,8,0.035242
experiment_6725c4a8e3ab0787551acf38_20250827052811.csv,6725c4a8e3ab0787551acf38,386,34,0.088083
experiment_6725c4a8e3ab0787551acf38_20250827052959.csv,6725c4a8e3ab0787551acf38,71,2,0.028169
experiment_6725c4a8e3ab0787551acf38_20250827053420.csv,6725c4a8e3ab0787551acf38,273,8,0.029304
experiment_6725c4a8e3ab0787551acf38_20250827054055.csv,6725c4a8e3ab0787551acf38,440,8,0.018182
experiment_6725c4a8e3ab0787551acf38_20250827055027.csv,6725c4a8e3ab0787551acf38,574,45,0.078397
experiment_6725c4a8e3ab0787551acf38_20250827055451.csv,6725c4a8e3ab0787551acf38,312,17,0.054487
experiment_67356f7cf6ff16fe3322a837_20250826204640.csv,67356f7cf6ff16fe3322a837,74,3,0.040541
experiment_67356f7cf6ff16fe3322a837_20250826205335.csv,67356f7cf6ff16fe3322a837,111,14,0.126126
experiment_67356f7cf6ff16fe3322a837_20250826205624.csv,67356f7cf6ff16fe3322a837,97,3,0.030928
experiment_67356f7cf6ff16fe3322a837_20250826210047.csv,67356f7cf6ff16fe3322a837,62,0,0.0
experiment_67356f7cf6ff16fe3322a837_20250826210334.csv,67356f7cf6ff16fe3322a837,103,11,0.106796
experiment_67356f7cf6ff16fe3322a837_20250826210919.csv,67356f7cf6ff16fe3322a837,156,22,0.141026
experiment_67356f7cf6ff16fe3322a837_20250826211026.csv,67356f7cf6ff16fe3322a837,61,2,0.032787
experiment_67356f7cf6ff16fe3322a837_20250826211152.csv,67356f7cf6ff16fe3322a837,84,12,0.142857
experiment_673d0377254c407e5da57f97_20250827103338.csv,673d0377254c407e5da57f97,97,11,0.113402
experiment_673d0377254c407e5da57f97_20250827103431.csv,673d0377254c407e5da57f97,107,10,0.093458
experiment_673d0377254c407e5da57f97_20250827103530.csv,673d0377254c407e5da57f97,74,4,0.054054
experiment_673d0377254c407e5da57f97_20250827103628.csv,673d0377254c407e5da57f97,85,4,0.047059
experiment_673d0377254c407e5da57f97_20250827103656.csv,673d0377254c407e5da57f97,44,0,0.0
experiment_673d0377254c407e5da57f97_20250827103742.csv,673d0377254c407e5da57f97,61,3,0.04918
experiment_673d0377254c407e5da57f97_20250827103842.csv,673d0377254c407e5da57f97,65,6,0.092308
experiment_673d0377254c407e5da57f97_20250827103934.csv,673d0377254c407e5da57f97,73,6,0.082192
experiment_673f7365f63a4a3036aae1f2_20250827084022.csv,673f7365f63a4a3036aae1f2,354,8,0.022599
experiment_673f7365f63a4a3036aae1f2_20250827084625.csv,673f7365f63a4a3036aae1f2,232,2,0.008621
experiment_673f7365f63a4a3036aae1f2_20250827085135.csv,673f7365f63a4a3036aae1f2,339,19,0.056047
experiment_673f7365f63a4a3036aae1f2_20250827085743.csv,673f7365f63a4a3036aae1f2,178,6,0.033708
experiment_673f7365f63a4a3036aae1f2_20250827090455.csv,673f7365f63a4a3036aae1f2,218,2,0.009174
experiment_673f7365f63a4a3036aae1f2_20250827090828.csv,673f7365f63a4a3036aae1f2,136,1,0.007353
experiment_673f7365f63a4a3036aae1f2_20250827091439.csv,673f7365f63a4a3036aae1f2,170,9,0.052941
experiment_673f7365f63a4a3036aae1f2_20250827091805.csv,673f7365f63a4a3036aae1f2,200,2,0.01
experiment_67430c9cce2366e644146584_20250826130000.csv,67430c9cce2366e644146584,246,25,0.101626
experiment_67430c9cce2366e644146584_20250826130049.csv,67430c9cce2366e644146584,65,11,0.169231
experiment_67430c9cce2366e644146584_20250826130140.csv,67430c9cce2366e644146584,162,5,0.030864
experiment_67430c9cce2366e644146584_20250826130246.csv,67430c9cce2366e644146584,133,18,0.135338
experiment_67430c9cce2366e644146584_20250826130352.csv,67430c9cce2366e644146584,201,39,0.19403
experiment_67430c9cce2366e644146584_20250826130445.csv,67430c9cce2366e644146584,143,1,0.006993
experiment_67430c9cce2366e644146584_20250826130615.csv,67430c9cce2366e644146584,230,7,0.030435
experiment_67430c9cce2366e644146584_20250826130746.csv,67430c9cce2366e644146584,97,3,0.030928
experiment_67450bce7a49cb1c784dcc2b_20250827065436.csv,67450bce7a49cb1c784dcc2b,105,3,0.028571
experiment_67450bce7a49cb1c784dcc2b_20250827065809.csv,67450bce7a49cb1c784dcc2b,265,24,0.090566
experiment_67450bce7a49cb1c784dcc2b_20250827070247.csv,67450bce7a49cb1c784dcc2b,349,23,0.065903
experiment_67450bce7a49cb1c784dcc2b_20250827071642.csv,67450bce7a49cb1c784dcc2b,333,48,0.144144
experiment_67450bce7a49cb1c784dcc2b_20250827071753.csv,67450bce7a49cb1c784dcc2b,182,22,0.120879
experiment_67450bce7a49cb1c784dcc2b_20250827071937.csv,67450bce7a49cb1c784dcc2b,237,14,0.059072
experiment_67450bce7a49cb1c784dcc2b_20250827072032.csv,67450bce7a49cb1c784dcc2b,145,13,0.089655
experiment_67450bce7a49cb1c784dcc2b_20250827072143.csv,67450bce7a49cb1c784dcc2b,104,7,0.067308
experiment_676797a573d3cbf6add72f02_20250827070828.csv,676797a573d3cbf6add72f02,66,9,0.136364
experiment_676797a573d3cbf6add72f02_20250827071011.csv,676797a573d3cbf6add72f02,140,21,0.15
experiment_676797a573d3cbf6add72f02_20250827071225.csv,676797a573d3cbf6add72f02,102,16,0.156863
experiment_676797a573d3cbf6add72f02_20250827071429.csv,676797a573d3cbf6add72f02,100,11,0.11
experiment_676797a573d3cbf6add72f02_20250827071601.csv,676797a573d3cbf6add72f02,99,6,0.060606
experiment_676797a573d3cbf6add72f02_20250827071725.csv,676797a573d3cbf6add72f02,103,12,0.116505
experiment_676797a573d3cbf6add72f02_20250827072002.csv,676797a573d3cbf6add72f02,158,23,0.14557
experiment_676797a573d3cbf6add72f02_20250827072125.csv,676797a573d3cbf6add72f02,104,24,0.230769
experiment_67709b0a96dcc9c2a7b0a06e_20250826184356.csv,67709b0a96dcc9c2a7b0a06e,169,1,0.005917
experiment_67709b0a96dcc9c2a7b0a06e_20250826184357.csv,67709b0a96dcc9c2a7b0a06e,169,1,0.005917
experiment_67709b0a96dcc9c2a7b0a06e_20250826184705.csv,67709b0a96dcc9c2a7b0a06e,228,15,0.065789
experiment_67709b0a96dcc9c2a7b0a06e_20250826191927.csv,67709b0a96dcc9c2a7b0a06e,249,49,0.196787
experiment_67709b0a96dcc9c2a7b0a06e_20250826192205.csv,67709b0a96dcc9c2a7b0a06e,157,3,0.019108
experiment_67709b0a96dcc9c2a7b0a06e_20250826192538.csv,67709b0a96dcc9c2a7b0a06e,131,0,0.0
experiment_67709b0a96dcc9c2a7b0a06e_20250826192903.csv,67709b0a96dcc9c2a7b0a06e,154,4,0.025974
experiment_67709b0a96dcc9c2a7b0a06e_20250826192905.csv,67709b0a96dcc9c2a7b0a06e,154,4,0.025974
experiment_67acbb030811018b016dcaf7_20250827045345.csv,67acbb030811018b016dcaf7,146,14,0.09589
experiment_67acbb030811018b016dcaf7_20250827045441.csv,67acbb030811018b016dcaf7,130,10,0.076923
experiment_67acbb030811018b016dcaf7_20250827045529.csv,67acbb030811018b016dcaf7,82,3,0.036585
experiment_67acbb030811018b016dcaf7_20250827045608.csv,67acbb030811018b016dcaf7,83,4,0.048193
experiment_67acbb030811018b016dcaf7_20250827045711.csv,67acbb030811018b016dcaf7,154,3,0.019481
experiment_67acbb030811018b016dcaf7_20250827045801.csv,67acbb030811018b016dcaf7,145,13,0.089655
experiment_67acbb030811018b016dcaf7_20250827045845.csv,67acbb030811018b016dcaf7,136,15,0.110294
experiment_67acbb030811018b016dcaf7_20250827045936.csv,67acbb030811018b016dcaf7,97,7,0.072165
experiment_67bb91a04f5f96b7ac52242d_20250826203847.csv,67bb91a04f5f96b7ac52242d,351,35,0.099715
experiment_67bb91a04f5f96b7ac52242d_20250826204356.csv,67bb91a04f5f96b7ac52242d,484,15,0.030992
experiment_67bb91a04f5f96b7ac52242d_20250826204756.csv,67bb91a04f5f96b7ac52242d,407,23,0.056511
experiment_67bb91a04f5f96b7ac52242d_20250826205112.csv,67bb91a04f5f96b7ac52242d,306,18,0.058824
experiment_67bb91a04f5f96b7ac52242d_20250826205405.csv,67bb91a04f5f96b7ac52242d,322,17,0.052795
experiment_67bb91a04f5f96b7ac52242d_20250826205740.csv,67bb91a04f5f96b7ac52242d,266,24,0.090226
experiment_67bb91a04f5f96b7ac52242d_20250826210002.csv,67bb91a04f5f96b7ac52242d,209,5,0.023923
experiment_67bb91a04f5f96b7ac52242d_20250826210430.csv,67bb91a04f5f96b7ac52242d,222,9,0.040541
experiment_67d01f812bf82a710cd2193f_20250826194028.csv,67d01f812bf82a710cd2193f,197,3,0.015228
experiment_67d01f812bf82a710cd2193f_20250826194359.csv,67d01f812bf82a710cd2193f,176,2,0.011364
experiment_67d01f812bf82a710cd2193f_20250826194644.csv,67d01f812bf82a710cd2193f,169,2,0.011834
experiment_67d01f812bf82a710cd2193f_20250826194928.csv,67d01f812bf82a710cd2193f,163,0,0.0
experiment_67d01f812bf82a710cd2193f_20250826195238.csv,67d01f812bf82a710cd2193f,110,0,0.0
experiment_67d01f812bf82a710cd2193f_20250826195514.csv,67d01f812bf82a710cd2193f,139,0,0.0
experiment_67d01f812bf82a710cd2193f_20250826195742.csv,67d01f812bf82a710cd2193f,122,5,0.040984
experiment_67d01f812bf82a710cd2193f_20250826200038.csv,67d01f812bf82a710cd2193f,170,2,0.011765
experiment_67d80b3db0cac8b1bd982fb2_20250827121337.csv,67d80b3db0cac8b1bd982fb2,191,11,0.057592
experiment_67d80b3db0cac8b1bd982fb2_20250827121340.csv,67d80b3db0cac8b1bd982fb2,191,11,0.057592
experiment_67d80b3db0cac8b1bd982fb2_20250827121343.csv,67d80b3db0cac8b1bd982fb2,191,11,0.057592
experiment_67d80b3db0cac8b1bd982fb2_20250827121352.csv,67d80b3db0cac8b1bd982fb2,191,11,0.057592
experiment_67d80b3db0cac8b1bd982fb2_20250827121418.csv,67d80b3db0cac8b1bd982fb2,191,11,0.057592
experiment_67d80b3db0cac8b1bd982fb2_20250827121517.csv,67d80b3db0cac8b1bd982fb2,191,11,0.057592
experiment_67d80b3db0cac8b1bd982fb2_20250827121617.csv,67d80b3db0cac8b1bd982fb2,152,0,0.0
experiment_67d80b3db0cac8b1bd982fb2_20250827121739.csv,67d80b3db0cac8b1bd982fb2,114,0,0.0
