filename,PARTICIPANT_ID,CONDITION,words,duration_seconds,WPM_file,PARTICIPANT_ID_flight_dwell,words_flight_dwell,mean_dwell_per_word_ms,mean_flight_per_word_ms
experiment_5962a9280b835400010a7617_20250819171658.csv,5962a9280b835400010a7617,,45,99.9,27.027027,5962a9280b835400010a7617,45,78.898485,215.527313
experiment_5962a9280b835400010a7617_20250819171842.csv,5962a9280b835400010a7617,,25,46.241,32.438745,5962a9280b835400010a7617,25,85.831853,142.203429
experiment_5962a9280b835400010a7617_20250819172140.csv,5962a9280b835400010a7617,,58,103.874,33.502128,5962a9280b835400010a7617,58,118.092879,130.409678
experiment_5962a9280b835400010a7617_20250819172308.csv,5962a9280b835400010a7617,,13,23.766,32.819995,5962a9280b835400010a7617,13,177.430678,184.088333
experiment_5962a9280b835400010a7617_20250819172535.csv,5962a9280b835400010a7617,,30,104.048,17.299708,5962a9280b835400010a7617,30,622.253488,176.981323
experiment_5962a9280b835400010a7617_20250819172701.csv,5962a9280b835400010a7617,,43,57.15,45.144357,5962a9280b835400010a7617,43,94.430196,133.052308
experiment_5962a9280b835400010a7617_20250819172849.csv,5962a9280b835400010a7617,,39,62.553,37.408278,5962a9280b835400010a7617,39,84.810285,118.844234
experiment_5962a9280b835400010a7617_20250819173056.csv,5962a9280b835400010a7617,,44,95.432,27.663677,5962a9280b835400010a7617,44,81.068171,177.5911
experiment_5accb373436f5500010037ee_20250826220942.csv,5accb373436f5500010037ee,,22,89.991,14.668133,5accb373436f5500010037ee,22,75.067316,189.959011
experiment_5accb373436f5500010037ee_20250826221152.csv,5accb373436f5500010037ee,,24,77.726,18.526619,5accb373436f5500010037ee,24,166.954636,270.309188
experiment_5accb373436f5500010037ee_20250826221422.csv,5accb373436f5500010037ee,,27,120.835,13.406712,5accb373436f5500010037ee,27,69.744474,285.844031
experiment_5accb373436f5500010037ee_20250826221929.csv,5accb373436f5500010037ee,,51,144.548,21.169439,5accb373436f5500010037ee,51,72.819841,298.9008
experiment_5accb373436f5500010037ee_20250826222104.csv,5accb373436f5500010037ee,,28,55.369,30.341888,5accb373436f5500010037ee,28,80.87208,283.917222
experiment_5accb373436f5500010037ee_20250826222601.csv,5accb373436f5500010037ee,,55,262.01,12.594939,5accb373436f5500010037ee,55,67.157597,255.868161
experiment_5accb373436f5500010037ee_20250826223512.csv,5accb373436f5500010037ee,,29,375.515,4.633636,5accb373436f5500010037ee,29,2566.618911,745.258376
experiment_5accb373436f5500010037ee_20250826223839.csv,5accb373436f5500010037ee,,20,51.81,23.161552,5accb373436f5500010037ee,20,71.385159,246.605392
experiment_5adae3ebdec767000128c131_20250819161542.csv,5adae3ebdec767000128c131,,25,90.173,16.634691,5adae3ebdec767000128c131,25,137.69146,335.059535
experiment_5adae3ebdec767000128c131_20250819161703.csv,5adae3ebdec767000128c131,,15,28.264,31.842627,5adae3ebdec767000128c131,15,366.022698,279.5
experiment_5adae3ebdec767000128c131_20250819161830.csv,5adae3ebdec767000128c131,,17,30.159,33.82075,5adae3ebdec767000128c131,17,139.17451,259.522549
experiment_5adae3ebdec767000128c131_20250819161945.csv,5adae3ebdec767000128c131,,13,49.286,15.825995,5adae3ebdec767000128c131,13,138.995081,316.126923
experiment_5adae3ebdec767000128c131_20250819162111.csv,5adae3ebdec767000128c131,,21,48.591,25.930728,5adae3ebdec767000128c131,21,129.062698,274.584127
experiment_5adae3ebdec767000128c131_20250819162323.csv,5adae3ebdec767000128c131,,27,86.631,18.700003,5adae3ebdec767000128c131,27,725.991446,633.695679
experiment_5adae3ebdec767000128c131_20250819162433.csv,5adae3ebdec767000128c131,,20,43.839,27.372887,5adae3ebdec767000128c131,20,127.634524,280.175
experiment_5adae3ebdec767000128c131_20250819162658.csv,5adae3ebdec767000128c131,,26,109.702,14.220342,5adae3ebdec767000128c131,26,121.672436,337.745839
experiment_5bf368846edd7200017136c7_20250819173015.csv,5bf368846edd7200017136c7,,19,17.806,64.023363,5bf368846edd7200017136c7,19,128.634419,100.34127
experiment_5bf368846edd7200017136c7_20250819173115.csv,5bf368846edd7200017136c7,,21,19.335,65.166796,5bf368846edd7200017136c7,21,139.11884,69.520833
experiment_5bf368846edd7200017136c7_20250819173224.csv,5bf368846edd7200017136c7,,18,35.971,30.024186,5bf368846edd7200017136c7,18,130.895913,99.34792
experiment_5bf368846edd7200017136c7_20250819173345.csv,5bf368846edd7200017136c7,,18,37.945,28.462248,5bf368846edd7200017136c7,18,136.443298,129.32398
experiment_5bf368846edd7200017136c7_20250819173434.csv,5bf368846edd7200017136c7,,15,15.772,57.06315,5bf368846edd7200017136c7,15,141.688016,76.560606
experiment_5bf368846edd7200017136c7_20250819173531.csv,5bf368846edd7200017136c7,,14,20.591,40.794522,5bf368846edd7200017136c7,14,150.690306,111.95303
experiment_5bf368846edd7200017136c7_20250819173657.csv,5bf368846edd7200017136c7,,23,31.352,44.016331,5bf368846edd7200017136c7,23,135.988958,215.691667
experiment_5bf368846edd7200017136c7_20250819173744.csv,5bf368846edd7200017136c7,,7,4.386,95.759234,5bf368846edd7200017136c7,7,139.07619,50.233333
experiment_5c4f5967aac8be0001716a65_20250827072337.csv,5c4f5967aac8be0001716a65,,31,56.044,33.188209,5c4f5967aac8be0001716a65,31,115.290543,153.218573
experiment_5c4f5967aac8be0001716a65_20250827072604.csv,5c4f5967aac8be0001716a65,,31,80.299,23.163427,5c4f5967aac8be0001716a65,31,181.181247,272.426094
experiment_5c4f5967aac8be0001716a65_20250827072740.csv,5c4f5967aac8be0001716a65,,21,40.93,30.784266,5c4f5967aac8be0001716a65,21,132.519346,227.251111
experiment_5c4f5967aac8be0001716a65_20250827072858.csv,5c4f5967aac8be0001716a65,,12,52.403,13.739671,5c4f5967aac8be0001716a65,12,154.9375,134.910145
experiment_5c4f5967aac8be0001716a65_20250827073017.csv,5c4f5967aac8be0001716a65,,29,48.72,35.714286,5c4f5967aac8be0001716a65,29,162.949836,116.197222
experiment_5c4f5967aac8be0001716a65_20250827073135.csv,5c4f5967aac8be0001716a65,,31,27.201,68.379839,5c4f5967aac8be0001716a65,31,450.910934,77.971212
experiment_5c4f5967aac8be0001716a65_20250827073247.csv,5c4f5967aac8be0001716a65,,29,48.284,36.036782,5c4f5967aac8be0001716a65,29,120.491163,91.724972
experiment_5c4f5967aac8be0001716a65_20250827073348.csv,5c4f5967aac8be0001716a65,,22,34.604,38.145879,5c4f5967aac8be0001716a65,22,287.71232,98.516005
experiment_5caa534a19731a00190bb935_20250826134753.csv,5caa534a19731a00190bb935,,19,79.743,14.295926,5caa534a19731a00190bb935,19,79.371188,422.738841
experiment_5caa534a19731a00190bb935_20250826134934.csv,5caa534a19731a00190bb935,,25,68.33,21.95229,5caa534a19731a00190bb935,25,82.545427,204.761673
experiment_5caa534a19731a00190bb935_20250826135056.csv,5caa534a19731a00190bb935,,24,53.741,26.795184,5caa534a19731a00190bb935,24,81.023511,143.735417
experiment_5caa534a19731a00190bb935_20250826135247.csv,5caa534a19731a00190bb935,,22,71.282,18.517999,5caa534a19731a00190bb935,22,80.934756,147.830774
experiment_5caa534a19731a00190bb935_20250826135512.csv,5caa534a19731a00190bb935,,37,69.653,31.872281,5caa534a19731a00190bb935,37,77.726746,144.020525
experiment_5caa534a19731a00190bb935_20250826135711.csv,5caa534a19731a00190bb935,,28,72.915,23.040527,5caa534a19731a00190bb935,28,78.689385,174.257487
experiment_5caa534a19731a00190bb935_20250826135920.csv,5caa534a19731a00190bb935,,22,72.784,18.135854,5caa534a19731a00190bb935,22,77.40784,200.040064
experiment_5caa534a19731a00190bb935_20250826140059.csv,5caa534a19731a00190bb935,,22,62.101,21.255696,5caa534a19731a00190bb935,22,76.091017,193.112001
experiment_5cab22cd68194f001511b2d6_20250826123221.csv,5cab22cd68194f001511b2d6,,12,118.967,6.052098,5cab22cd68194f001511b2d6,12,109.96952,396.827071
experiment_5cab22cd68194f001511b2d6_20250826123421.csv,5cab22cd68194f001511b2d6,,16,79.997,12.00045,5cab22cd68194f001511b2d6,16,566.798443,188.614039
experiment_5cab22cd68194f001511b2d6_20250826123618.csv,5cab22cd68194f001511b2d6,,22,85.088,15.513351,5cab22cd68194f001511b2d6,22,117.94338,132.558438
experiment_5cab22cd68194f001511b2d6_20250826123817.csv,5cab22cd68194f001511b2d6,,51,83.851,36.493304,5cab22cd68194f001511b2d6,51,121.94031,145.422443
experiment_5cab22cd68194f001511b2d6_20250826124016.csv,5cab22cd68194f001511b2d6,,54,69.031,46.935435,5cab22cd68194f001511b2d6,54,105.033949,116.683266
experiment_5cab22cd68194f001511b2d6_20250826124150.csv,5cab22cd68194f001511b2d6,,39,46.519,50.302027,5cab22cd68194f001511b2d6,39,229.16629,114.257598
experiment_5cab22cd68194f001511b2d6_20250826124351.csv,5cab22cd68194f001511b2d6,,43,77.118,33.455224,5cab22cd68194f001511b2d6,43,196.817248,176.415965
experiment_5cab22cd68194f001511b2d6_20250826124438.csv,5cab22cd68194f001511b2d6,,12,15.885,45.325779,5cab22cd68194f001511b2d6,12,128.146528,110.58
experiment_5ced66139b5b490001b688ed_20250819173629.csv,5ced66139b5b490001b688ed,,16,100.996,9.505327,5ced66139b5b490001b688ed,16,695.8111,265.805969
experiment_5ced66139b5b490001b688ed_20250819173808.csv,5ced66139b5b490001b688ed,,41,55.567,44.27088,5ced66139b5b490001b688ed,41,97.323206,101.001634
experiment_5ced66139b5b490001b688ed_20250819173856.csv,5ced66139b5b490001b688ed,,20,17.978,66.748248,5ced66139b5b490001b688ed,20,100.349008,91.03125
experiment_5ced66139b5b490001b688ed_20250819173958.csv,5ced66139b5b490001b688ed,,25,33.812,44.362948,5ced66139b5b490001b688ed,25,100.494121,89.1725
experiment_5ced66139b5b490001b688ed_20250819174044.csv,5ced66139b5b490001b688ed,,17,19.179,53.183169,5ced66139b5b490001b688ed,17,102.235201,121.669048
experiment_5ced66139b5b490001b688ed_20250819174211.csv,5ced66139b5b490001b688ed,,29,34.335,50.677152,5ced66139b5b490001b688ed,29,103.553688,112.308025
experiment_5ced66139b5b490001b688ed_20250819174300.csv,5ced66139b5b490001b688ed,,18,28.779,37.527364,5ced66139b5b490001b688ed,18,104.815525,131.736263
experiment_5ced66139b5b490001b688ed_20250819174412.csv,5ced66139b5b490001b688ed,,30,44.375,40.56338,5ced66139b5b490001b688ed,30,98.988463,79.141758
experiment_5d3b0da8a884020001881773_20250827085711.csv,5d3b0da8a884020001881773,,61,203.202,18.011634,5d3b0da8a884020001881773,61,73.550215,124.057917
experiment_5d3b0da8a884020001881773_20250827085854.csv,5d3b0da8a884020001881773,,30,35.724,50.386295,5d3b0da8a884020001881773,30,75.939881,117.597186
experiment_5d3b0da8a884020001881773_20250827085949.csv,5d3b0da8a884020001881773,,24,28.925,49.783924,5d3b0da8a884020001881773,24,76.109116,95.304825
experiment_5d3b0da8a884020001881773_20250827090043.csv,5d3b0da8a884020001881773,,20,24.942,48.111619,5d3b0da8a884020001881773,20,73.494246,102.825
experiment_5d3b0da8a884020001881773_20250827090418.csv,5d3b0da8a884020001881773,,38,53.346,42.739849,5d3b0da8a884020001881773,38,79.036571,128.398284
experiment_5d3b0da8a884020001881773_20250827090613.csv,5d3b0da8a884020001881773,,24,33.291,43.254934,5d3b0da8a884020001881773,24,72.407561,95.760053
experiment_5d3b0da8a884020001881773_20250827090909.csv,5d3b0da8a884020001881773,,26,34.491,45.22919,5d3b0da8a884020001881773,26,69.023471,104.850914
experiment_5d3b0da8a884020001881773_20250827091048.csv,5d3b0da8a884020001881773,,30,36.221,49.694928,5d3b0da8a884020001881773,30,75.941046,93.518723
experiment_5d40a12f4994c40001e4b80c_20250826171318.csv,5d40a12f4994c40001e4b80c,,23,86.743,15.909065,5d40a12f4994c40001e4b80c,23,85.360663,214.731746
experiment_5d40a12f4994c40001e4b80c_20250826171605.csv,5d40a12f4994c40001e4b80c,,9,26.876,20.092276,5d40a12f4994c40001e4b80c,9,76.848223,192.419792
experiment_5d40a12f4994c40001e4b80c_20250826171829.csv,5d40a12f4994c40001e4b80c,,9,16.385,32.956973,5d40a12f4994c40001e4b80c,9,86.222751,171.601852
experiment_5d40a12f4994c40001e4b80c_20250826172035.csv,5d40a12f4994c40001e4b80c,,10,17.775,33.755274,5d40a12f4994c40001e4b80c,10,80.572857,219.10625
experiment_5d40a12f4994c40001e4b80c_20250826172259.csv,5d40a12f4994c40001e4b80c,,13,24.61,31.694433,5d40a12f4994c40001e4b80c,13,82.337241,203.186806
experiment_5d40a12f4994c40001e4b80c_20250826172528.csv,5d40a12f4994c40001e4b80c,,23,63.53,21.722021,5d40a12f4994c40001e4b80c,23,84.436957,221.727814
experiment_5d40a12f4994c40001e4b80c_20250826172723.csv,5d40a12f4994c40001e4b80c,,16,31.99,30.009378,5d40a12f4994c40001e4b80c,16,77.959301,182.392429
experiment_5d40a12f4994c40001e4b80c_20250826172853.csv,5d40a12f4994c40001e4b80c,,11,23.08,28.596187,5d40a12f4994c40001e4b80c,11,87.401515,200.332143
experiment_5dafea4de40355001651fa2f_20250827072907.csv,5dafea4de40355001651fa2f,,4,40.011,5.99835,5dafea4de40355001651fa2f,4,87.74068,487.400794
experiment_5dafea4de40355001651fa2f_20250827073139.csv,5dafea4de40355001651fa2f,,16,42.066,22.821281,5dafea4de40355001651fa2f,16,89.202604,266.810374
experiment_5dafea4de40355001651fa2f_20250827073404.csv,5dafea4de40355001651fa2f,,15,46.536,19.339866,5dafea4de40355001651fa2f,15,85.53,337.601111
experiment_5dafea4de40355001651fa2f_20250827073623.csv,5dafea4de40355001651fa2f,,14,33.187,25.311116,5dafea4de40355001651fa2f,14,88.368651,264.995513
experiment_5dafea4de40355001651fa2f_20250827073851.csv,5dafea4de40355001651fa2f,,21,56.646,22.243406,5dafea4de40355001651fa2f,21,84.620484,298.063012
experiment_5dafea4de40355001651fa2f_20250827074133.csv,5dafea4de40355001651fa2f,,24,61.8,23.300971,5dafea4de40355001651fa2f,24,84.870635,264.598033
experiment_5dafea4de40355001651fa2f_20250827074355.csv,5dafea4de40355001651fa2f,,26,55.819,27.947473,5dafea4de40355001651fa2f,26,86.685577,288.013714
experiment_5dafea4de40355001651fa2f_20250827074621.csv,5dafea4de40355001651fa2f,,25,69.97,21.437759,5dafea4de40355001651fa2f,25,88.008913,342.220186
experiment_5ea4cebb8944a8495280db42_20250827131019.csv,5ea4cebb8944a8495280db42,,38,46.952,48.560232,5ea4cebb8944a8495280db42,38,84.532968,102.754377
experiment_5ea4cebb8944a8495280db42_20250827131239.csv,5ea4cebb8944a8495280db42,,27,40.714,39.789753,5ea4cebb8944a8495280db42,27,88.713009,103.207775
experiment_5ea4cebb8944a8495280db42_20250827131357.csv,5ea4cebb8944a8495280db42,,28,36.147,46.476886,5ea4cebb8944a8495280db42,28,88.338165,93.474758
experiment_5ea4cebb8944a8495280db42_20250827131506.csv,5ea4cebb8944a8495280db42,,11,29.339,22.495654,5ea4cebb8944a8495280db42,11,89.323805,108.949246
experiment_5ea4cebb8944a8495280db42_20250827131629.csv,5ea4cebb8944a8495280db42,,64,57.547,66.728066,5ea4cebb8944a8495280db42,64,87.505414,75.783665
experiment_5ea4cebb8944a8495280db42_20250827131754.csv,5ea4cebb8944a8495280db42,,43,59.887,43.081136,5ea4cebb8944a8495280db42,43,231.887185,84.452006
experiment_5ea4cebb8944a8495280db42_20250827131916.csv,5ea4cebb8944a8495280db42,,38,48.001,47.49901,5ea4cebb8944a8495280db42,38,94.19897,109.306399
experiment_5ea4cebb8944a8495280db42_20250827132017.csv,5ea4cebb8944a8495280db42,,54,44.556,72.717479,5ea4cebb8944a8495280db42,54,87.778115,63.993854
experiment_5f29eff59714081a3594a331_20250827002427.csv,5f29eff59714081a3594a331,,30,63.096,28.527957,5f29eff59714081a3594a331,30,155.194843,171.157402
experiment_5f29eff59714081a3594a331_20250827002600.csv,5f29eff59714081a3594a331,,18,67.071,16.102339,5f29eff59714081a3594a331,18,156.629277,377.680586
experiment_5f29eff59714081a3594a331_20250827002741.csv,5f29eff59714081a3594a331,,15,48.652,18.498726,5f29eff59714081a3594a331,15,161.294644,238.822917
experiment_5f29eff59714081a3594a331_20250827003030.csv,5f29eff59714081a3594a331,,26,79.85,19.536631,5f29eff59714081a3594a331,26,187.132093,430.328431
experiment_5f29eff59714081a3594a331_20250827003250.csv,5f29eff59714081a3594a331,,18,44.945,24.029369,5f29eff59714081a3594a331,18,172.234585,267.057692
experiment_5f29eff59714081a3594a331_20250827003720.csv,5f29eff59714081a3594a331,,24,205.313,7.013682,5f29eff59714081a3594a331,24,153.724034,279.307313
experiment_5f29eff59714081a3594a331_20250827003856.csv,5f29eff59714081a3594a331,,17,43.514,23.440732,5f29eff59714081a3594a331,17,166.102359,154.280128
experiment_5f29eff59714081a3594a331_20250827004004.csv,5f29eff59714081a3594a331,,18,43.447,24.857873,5f29eff59714081a3594a331,18,155.616348,279.059944
experiment_5f600669b846780f0fe45709_20250826213524.csv,5f600669b846780f0fe45709,,8,114.895,4.177727,5f600669b846780f0fe45709,8,514.28631,476.240476
experiment_5f600669b846780f0fe45709_20250826214105.csv,5f600669b846780f0fe45709,,29,78.038,22.29683,5f600669b846780f0fe45709,29,87.613753,316.180019
experiment_5f600669b846780f0fe45709_20250826214342.csv,5f600669b846780f0fe45709,,23,85.239,16.189772,5f600669b846780f0fe45709,23,81.741511,411.859607
experiment_5f600669b846780f0fe45709_20250826214807.csv,5f600669b846780f0fe45709,,21,108.151,11.650378,5f600669b846780f0fe45709,21,612.736079,213.437389
experiment_5f600669b846780f0fe45709_20250826215049.csv,5f600669b846780f0fe45709,,33,102.206,19.37264,5f600669b846780f0fe45709,33,81.970346,304.762992
experiment_5f600669b846780f0fe45709_20250826215513.csv,5f600669b846780f0fe45709,,37,141.319,15.70914,5f600669b846780f0fe45709,37,1052.998175,225.812887
experiment_5f600669b846780f0fe45709_20250826215949.csv,5f600669b846780f0fe45709,,42,129.83,19.409998,5f600669b846780f0fe45709,42,70.700003,355.504414
experiment_5f600669b846780f0fe45709_20250826220343.csv,5f600669b846780f0fe45709,,30,112.326,16.024785,5f600669b846780f0fe45709,30,511.449479,181.716285
experiment_5faeb56b25a37f01d47d326c_20250827155350.csv,5faeb56b25a37f01d47d326c,,41,103.149,23.848995,5faeb56b25a37f01d47d326c,41,96.794263,205.018536
experiment_5faeb56b25a37f01d47d326c_20250827155623.csv,5faeb56b25a37f01d47d326c,,32,104.039,18.454618,5faeb56b25a37f01d47d326c,32,85.821689,175.307249
experiment_5faeb56b25a37f01d47d326c_20250827155839.csv,5faeb56b25a37f01d47d326c,,31,54.694,34.007387,5faeb56b25a37f01d47d326c,31,82.665259,168.649362
experiment_5faeb56b25a37f01d47d326c_20250827160020.csv,5faeb56b25a37f01d47d326c,,20,53.06,22.615907,5faeb56b25a37f01d47d326c,20,112.519683,191.266324
experiment_5faeb56b25a37f01d47d326c_20250827160239.csv,5faeb56b25a37f01d47d326c,,37,84.345,26.32047,5faeb56b25a37f01d47d326c,37,377.384653,179.431629
experiment_5faeb56b25a37f01d47d326c_20250827160447.csv,5faeb56b25a37f01d47d326c,,33,86.06,23.007204,5faeb56b25a37f01d47d326c,33,84.499471,186.261636
experiment_5faeb56b25a37f01d47d326c_20250827160635.csv,5faeb56b25a37f01d47d326c,,47,84.286,33.457514,5faeb56b25a37f01d47d326c,47,340.444706,118.043047
experiment_5faeb56b25a37f01d47d326c_20250827160757.csv,5faeb56b25a37f01d47d326c,,22,70.755,18.655925,5faeb56b25a37f01d47d326c,22,138.193893,298.311117
experiment_5fb551ccab996500099ab1aa_20250819155215.csv,5fb551ccab996500099ab1aa,,25,67.442,22.241333,5fb551ccab996500099ab1aa,25,642.822278,101.214782
experiment_5fb551ccab996500099ab1aa_20250819155325.csv,5fb551ccab996500099ab1aa,,14,23.517,35.718842,5fb551ccab996500099ab1aa,14,143.787206,99.979121
experiment_5fb551ccab996500099ab1aa_20250819155614.csv,5fb551ccab996500099ab1aa,,28,84.994,19.766101,5fb551ccab996500099ab1aa,28,457.295909,118.104706
experiment_5fb551ccab996500099ab1aa_20250819155807.csv,5fb551ccab996500099ab1aa,,27,34.333,47.184924,5fb551ccab996500099ab1aa,27,81.427528,135.678382
experiment_5fb551ccab996500099ab1aa_20250819160110.csv,5fb551ccab996500099ab1aa,,37,126.852,17.500709,5fb551ccab996500099ab1aa,37,148.775237,158.12055
experiment_5fb551ccab996500099ab1aa_20250819160238.csv,5fb551ccab996500099ab1aa,,20,27.081,44.31151,5fb551ccab996500099ab1aa,20,260.065694,122.11582
experiment_5fb551ccab996500099ab1aa_20250819160510.csv,5fb551ccab996500099ab1aa,,47,88.368,31.912004,5fb551ccab996500099ab1aa,47,565.813175,87.420446
experiment_5fb551ccab996500099ab1aa_20250819160706.csv,5fb551ccab996500099ab1aa,,31,46.068,40.375098,5fb551ccab996500099ab1aa,31,77.096377,102.599532
experiment_5fbfe145e52a44000a9c2966_20250827123944.csv,5fbfe145e52a44000a9c2966,,41,158.512,15.51933,5fbfe145e52a44000a9c2966,41,71.724999,203.071467
experiment_5fbfe145e52a44000a9c2966_20250827124623.csv,5fbfe145e52a44000a9c2966,,30,76.724,23.460716,5fbfe145e52a44000a9c2966,30,74.317791,250.492113
experiment_5fbfe145e52a44000a9c2966_20250827125522.csv,5fbfe145e52a44000a9c2966,,41,117.767,20.888704,5fbfe145e52a44000a9c2966,41,74.408219,246.60164
experiment_5fbfe145e52a44000a9c2966_20250827125841.csv,5fbfe145e52a44000a9c2966,,21,57.622,21.866648,5fbfe145e52a44000a9c2966,21,71.536291,162.914352
experiment_5fbfe145e52a44000a9c2966_20250827130713.csv,5fbfe145e52a44000a9c2966,,56,147.843,22.726812,5fbfe145e52a44000a9c2966,56,408.736849,177.500194
experiment_5fbfe145e52a44000a9c2966_20250827131113.csv,5fbfe145e52a44000a9c2966,,24,40.249,35.777286,5fbfe145e52a44000a9c2966,24,72.489352,131.098452
experiment_5fbfe145e52a44000a9c2966_20250827131610.csv,5fbfe145e52a44000a9c2966,,31,97.294,19.117315,5fbfe145e52a44000a9c2966,31,72.388265,261.065814
experiment_5fbfe145e52a44000a9c2966_20250827131905.csv,5fbfe145e52a44000a9c2966,,20,41.473,28.934487,5fbfe145e52a44000a9c2966,20,71.758795,140.119398
experiment_5fff2877a99bcb65a14a223c_20250827105501.csv,5fff2877a99bcb65a14a223c,,3,9.325,19.302949,5fff2877a99bcb65a14a223c,3,84.708333,824.0
experiment_5fff2877a99bcb65a14a223c_20250827105621.csv,5fff2877a99bcb65a14a223c,,14,26.436,31.774852,5fff2877a99bcb65a14a223c,14,79.918793,332.758844
experiment_5fff2877a99bcb65a14a223c_20250827105709.csv,5fff2877a99bcb65a14a223c,,11,20.397,32.3577,5fff2877a99bcb65a14a223c,11,79.587879,288.03
experiment_5fff2877a99bcb65a14a223c_20250827105737.csv,5fff2877a99bcb65a14a223c,,5,14.054,21.346236,5fff2877a99bcb65a14a223c,5,83.643333,367.64
experiment_5fff2877a99bcb65a14a223c_20250827105815.csv,5fff2877a99bcb65a14a223c,,6,18.265,19.709828,5fff2877a99bcb65a14a223c,6,84.722222,339.972857
experiment_5fff2877a99bcb65a14a223c_20250827105905.csv,5fff2877a99bcb65a14a223c,,4,14.666,16.36438,5fff2877a99bcb65a14a223c,4,78.836397,223.395982
experiment_5fff2877a99bcb65a14a223c_20250827105927.csv,5fff2877a99bcb65a14a223c,,6,10.754,33.475916,5fff2877a99bcb65a14a223c,6,76.838889,372.09
experiment_5fff2877a99bcb65a14a223c_20250827110019.csv,5fff2877a99bcb65a14a223c,,4,26.268,9.136592,5fff2877a99bcb65a14a223c,4,85.075,440.083333
experiment_606598de386cd206c99a4648_20250827100151.csv,606598de386cd206c99a4648,,37,100.333,22.126319,606598de386cd206c99a4648,37,868.9783,333.636879
experiment_606598de386cd206c99a4648_20250827100414.csv,606598de386cd206c99a4648,,40,103.019,23.296673,606598de386cd206c99a4648,40,89.785069,211.522074
experiment_606598de386cd206c99a4648_20250827100613.csv,606598de386cd206c99a4648,,34,76.029,26.831867,606598de386cd206c99a4648,34,103.15003,193.048267
experiment_606598de386cd206c99a4648_20250827100834.csv,606598de386cd206c99a4648,,42,107.184,23.510972,606598de386cd206c99a4648,42,102.717033,226.516409
experiment_606598de386cd206c99a4648_20250827101057.csv,606598de386cd206c99a4648,,42,90.157,27.951241,606598de386cd206c99a4648,42,109.968805,238.541213
experiment_606598de386cd206c99a4648_20250827101337.csv,606598de386cd206c99a4648,,49,118.55,24.799663,606598de386cd206c99a4648,49,109.869612,225.086227
experiment_606598de386cd206c99a4648_20250827101611.csv,606598de386cd206c99a4648,,57,130.06,26.295556,606598de386cd206c99a4648,57,428.257409,221.31788
experiment_606598de386cd206c99a4648_20250827101816.csv,606598de386cd206c99a4648,,36,92.1,23.452769,606598de386cd206c99a4648,36,104.814679,284.53765
experiment_6081728972120aa7f9685791_20250819162308.csv,6081728972120aa7f9685791,,25,127.941,11.724154,6081728972120aa7f9685791,25,267.870372,249.177183
experiment_6081728972120aa7f9685791_20250819162608.csv,6081728972120aa7f9685791,,21,54.897,22.952074,6081728972120aa7f9685791,21,109.499433,276.066548
experiment_6081728972120aa7f9685791_20250819162905.csv,6081728972120aa7f9685791,,30,133.964,13.436446,6081728972120aa7f9685791,30,1176.337579,246.123257
experiment_6081728972120aa7f9685791_20250819163340.csv,6081728972120aa7f9685791,,38,91.387,24.948844,6081728972120aa7f9685791,38,257.354696,191.713151
experiment_6081728972120aa7f9685791_20250819163538.csv,6081728972120aa7f9685791,,20,61.467,19.522671,6081728972120aa7f9685791,20,120.374574,219.964206
experiment_6081728972120aa7f9685791_20250819164215.csv,6081728972120aa7f9685791,,11,46.023,14.340656,6081728972120aa7f9685791,11,104.624656,201.315909
experiment_6081728972120aa7f9685791_20250819164558.csv,6081728972120aa7f9685791,,29,43.017,40.449125,6081728972120aa7f9685791,29,102.993651,147.826389
experiment_6081728972120aa7f9685791_20250819164901.csv,6081728972120aa7f9685791,,19,40.272,28.307509,6081728972120aa7f9685791,19,273.68422,184.607614
experiment_60984a1b0cce76d16c4ca781_20250826200447.csv,60984a1b0cce76d16c4ca781,,25,30.543,49.111089,60984a1b0cce76d16c4ca781,25,94.854043,124.425271
experiment_60984a1b0cce76d16c4ca781_20250826200645.csv,60984a1b0cce76d16c4ca781,,26,35.119,44.420399,60984a1b0cce76d16c4ca781,26,96.04863,142.550414
experiment_60984a1b0cce76d16c4ca781_20250826200908.csv,60984a1b0cce76d16c4ca781,,37,48.223,46.036124,60984a1b0cce76d16c4ca781,37,96.164018,138.974242
experiment_60984a1b0cce76d16c4ca781_20250826201050.csv,60984a1b0cce76d16c4ca781,,41,56.959,43.18896,60984a1b0cce76d16c4ca781,41,94.955138,113.850163
experiment_60984a1b0cce76d16c4ca781_20250826201214.csv,60984a1b0cce76d16c4ca781,,33,56.759,34.884336,60984a1b0cce76d16c4ca781,33,135.072722,118.583321
experiment_60984a1b0cce76d16c4ca781_20250826201351.csv,60984a1b0cce76d16c4ca781,,21,34.887,36.116605,60984a1b0cce76d16c4ca781,21,96.814418,97.714815
experiment_60984a1b0cce76d16c4ca781_20250826201445.csv,60984a1b0cce76d16c4ca781,,27,33.176,48.83048,60984a1b0cce76d16c4ca781,27,355.325601,134.143007
experiment_60984a1b0cce76d16c4ca781_20250826201546.csv,60984a1b0cce76d16c4ca781,,25,40.111,37.396225,60984a1b0cce76d16c4ca781,25,93.349898,124.097799
experiment_60bf706fc3b12a3c4f11a487_20250827100116.csv,60bf706fc3b12a3c4f11a487,,28,81.76,20.547945,60bf706fc3b12a3c4f11a487,28,268.420848,295.896781
experiment_60bf706fc3b12a3c4f11a487_20250827100808.csv,60bf706fc3b12a3c4f11a487,,7,32.763,12.819339,60bf706fc3b12a3c4f11a487,7,122.436224,240.05619
experiment_60bf706fc3b12a3c4f11a487_20250827101328.csv,60bf706fc3b12a3c4f11a487,,26,113.731,13.716577,60bf706fc3b12a3c4f11a487,26,1356.944877,221.262428
experiment_60bf706fc3b12a3c4f11a487_20250827101501.csv,60bf706fc3b12a3c4f11a487,,11,37.865,17.430345,60bf706fc3b12a3c4f11a487,11,129.521934,981.545887
experiment_60bf706fc3b12a3c4f11a487_20250827102031.csv,60bf706fc3b12a3c4f11a487,,22,63.955,20.639512,60bf706fc3b12a3c4f11a487,22,132.443966,377.202054
experiment_60bf706fc3b12a3c4f11a487_20250827102148.csv,60bf706fc3b12a3c4f11a487,,11,40.979,16.10581,60bf706fc3b12a3c4f11a487,11,156.855234,228.023611
experiment_60bf706fc3b12a3c4f11a487_20250827102400.csv,60bf706fc3b12a3c4f11a487,,31,79.211,23.481587,60bf706fc3b12a3c4f11a487,31,133.800371,314.868452
experiment_60bf706fc3b12a3c4f11a487_20250827103123.csv,60bf706fc3b12a3c4f11a487,,14,47.755,17.589781,60bf706fc3b12a3c4f11a487,14,127.504124,332.267399
experiment_60db9412ba928de1fdc2269e_20250827141622.csv,60db9412ba928de1fdc2269e,,13,68.701,11.353547,60db9412ba928de1fdc2269e,13,354.567308,677.430836
experiment_60db9412ba928de1fdc2269e_20250827141823.csv,60db9412ba928de1fdc2269e,,9,42.339,12.754198,60db9412ba928de1fdc2269e,9,70.196296,524.034308
experiment_60db9412ba928de1fdc2269e_20250827142119.csv,60db9412ba928de1fdc2269e,,7,101.37,4.143238,60db9412ba928de1fdc2269e,7,76.076446,862.232331
experiment_60db9412ba928de1fdc2269e_20250827142439.csv,60db9412ba928de1fdc2269e,,10,64.711,9.271994,60db9412ba928de1fdc2269e,10,77.33898,547.698077
experiment_60db9412ba928de1fdc2269e_20250827142708.csv,60db9412ba928de1fdc2269e,,8,74.454,6.446934,60db9412ba928de1fdc2269e,8,73.882711,400.755159
experiment_60db9412ba928de1fdc2269e_20250827142848.csv,60db9412ba928de1fdc2269e,,7,35.765,11.743324,60db9412ba928de1fdc2269e,7,91.761224,599.659001
experiment_60db9412ba928de1fdc2269e_20250827143129.csv,60db9412ba928de1fdc2269e,,6,117.614,3.06086,60db9412ba928de1fdc2269e,6,91.74869,1035.496229
experiment_60db9412ba928de1fdc2269e_20250827143453.csv,60db9412ba928de1fdc2269e,,4,108.791,2.206065,60db9412ba928de1fdc2269e,4,77.899944,1159.053571
experiment_60efc4347ae709f7f3dd8b04_20250827075231.csv,60efc4347ae709f7f3dd8b04,,68,92.838,43.947521,60efc4347ae709f7f3dd8b04,68,76.565038,70.021806
experiment_60efc4347ae709f7f3dd8b04_20250827075425.csv,60efc4347ae709f7f3dd8b04,,36,58.922,36.658633,60efc4347ae709f7f3dd8b04,36,79.399464,205.988223
experiment_60efc4347ae709f7f3dd8b04_20250827075557.csv,60efc4347ae709f7f3dd8b04,,26,43.125,36.173913,60efc4347ae709f7f3dd8b04,26,74.978441,99.689803
experiment_60efc4347ae709f7f3dd8b04_20250827075848.csv,60efc4347ae709f7f3dd8b04,,60,118.613,30.350805,60efc4347ae709f7f3dd8b04,60,500.257316,125.020638
experiment_60efc4347ae709f7f3dd8b04_20250827080019.csv,60efc4347ae709f7f3dd8b04,,20,38.42,31.233732,60efc4347ae709f7f3dd8b04,20,77.841384,172.533642
experiment_60efc4347ae709f7f3dd8b04_20250827080214.csv,60efc4347ae709f7f3dd8b04,,36,60.311,35.814362,60efc4347ae709f7f3dd8b04,36,406.583276,119.397479
experiment_60efc4347ae709f7f3dd8b04_20250827080404.csv,60efc4347ae709f7f3dd8b04,,53,73.643,43.181294,60efc4347ae709f7f3dd8b04,53,209.26514,102.103062
experiment_60efc4347ae709f7f3dd8b04_20250827080553.csv,60efc4347ae709f7f3dd8b04,,20,70.595,16.998371,60efc4347ae709f7f3dd8b04,20,80.65367,257.700866
experiment_60f23a36acf5f6c70e990efd_20250826202528.csv,60f23a36acf5f6c70e990efd,,49,81.27,36.175711,60f23a36acf5f6c70e990efd,49,171.794694,145.406558
experiment_60f23a36acf5f6c70e990efd_20250826202649.csv,60f23a36acf5f6c70e990efd,,26,33.029,47.231221,60f23a36acf5f6c70e990efd,26,258.644222,149.917012
experiment_60f23a36acf5f6c70e990efd_20250826202832.csv,60f23a36acf5f6c70e990efd,,43,57.114,45.172812,60f23a36acf5f6c70e990efd,43,95.374223,124.234839
experiment_60f23a36acf5f6c70e990efd_20250826202929.csv,60f23a36acf5f6c70e990efd,,15,36.225,24.84472,60f23a36acf5f6c70e990efd,15,98.904383,435.663636
experiment_60f23a36acf5f6c70e990efd_20250826203059.csv,60f23a36acf5f6c70e990efd,,39,53.783,43.508172,60f23a36acf5f6c70e990efd,39,312.288992,96.311652
experiment_60f23a36acf5f6c70e990efd_20250826203247.csv,60f23a36acf5f6c70e990efd,,27,65.299,24.808956,60f23a36acf5f6c70e990efd,27,94.324912,262.911806
experiment_60f23a36acf5f6c70e990efd_20250826203440.csv,60f23a36acf5f6c70e990efd,,45,71.67,37.672666,60f23a36acf5f6c70e990efd,45,97.338365,116.667662
experiment_60f23a36acf5f6c70e990efd_20250826203522.csv,60f23a36acf5f6c70e990efd,,23,26.069,52.936438,60f23a36acf5f6c70e990efd,23,97.639855,173.855556
experiment_6136cb52db0f1cb2262bbf5d_20250826171633.csv,6136cb52db0f1cb2262bbf5d,,20,18.967,63.267781,6136cb52db0f1cb2262bbf5d,20,118.406091,101.171111
experiment_6136cb52db0f1cb2262bbf5d_20250826171925.csv,6136cb52db0f1cb2262bbf5d,,32,35.342,54.326297,6136cb52db0f1cb2262bbf5d,32,102.010386,82.233169
experiment_6136cb52db0f1cb2262bbf5d_20250826172151.csv,6136cb52db0f1cb2262bbf5d,,23,74.864,18.433426,6136cb52db0f1cb2262bbf5d,23,408.025518,102.341667
experiment_6136cb52db0f1cb2262bbf5d_20250826172433.csv,6136cb52db0f1cb2262bbf5d,,25,43.975,34.11029,6136cb52db0f1cb2262bbf5d,25,106.20304,117.631144
experiment_6136cb52db0f1cb2262bbf5d_20250826172719.csv,6136cb52db0f1cb2262bbf5d,,15,24.296,37.043135,6136cb52db0f1cb2262bbf5d,15,105.200437,119.186508
experiment_6136cb52db0f1cb2262bbf5d_20250826172909.csv,6136cb52db0f1cb2262bbf5d,,17,23.296,43.784341,6136cb52db0f1cb2262bbf5d,17,101.058543,78.513318
experiment_6136cb52db0f1cb2262bbf5d_20250826173134.csv,6136cb52db0f1cb2262bbf5d,,28,61.232,27.436634,6136cb52db0f1cb2262bbf5d,28,108.221514,145.042916
experiment_6136cb52db0f1cb2262bbf5d_20250826173315.csv,6136cb52db0f1cb2262bbf5d,,21,31.072,40.550978,6136cb52db0f1cb2262bbf5d,21,110.393103,142.826455
experiment_6140ef8d27499e70e8740918_20250819164624.csv,6140ef8d27499e70e8740918,,123,191.506,38.536652,6140ef8d27499e70e8740918,123,164.969464,106.100751
experiment_6140ef8d27499e70e8740918_20250819165019.csv,6140ef8d27499e70e8740918,,80,133.897,35.848451,6140ef8d27499e70e8740918,80,110.594017,134.992131
experiment_6140ef8d27499e70e8740918_20250819165535.csv,6140ef8d27499e70e8740918,,148,201.393,44.092893,6140ef8d27499e70e8740918,148,727.182128,92.955806
experiment_6140ef8d27499e70e8740918_20250819165712.csv,6140ef8d27499e70e8740918,,37,49.136,45.180723,6140ef8d27499e70e8740918,37,104.739339,105.152041
experiment_6140ef8d27499e70e8740918_20250819165918.csv,6140ef8d27499e70e8740918,,52,57.664,54.106548,6140ef8d27499e70e8740918,52,101.68434,102.905574
experiment_6140ef8d27499e70e8740918_20250819170107.csv,6140ef8d27499e70e8740918,,33,60.72,32.608696,6140ef8d27499e70e8740918,33,110.37174,113.067094
experiment_6140ef8d27499e70e8740918_20250819170250.csv,6140ef8d27499e70e8740918,,56,68.272,49.214905,6140ef8d27499e70e8740918,56,106.178829,104.68379
experiment_6140ef8d27499e70e8740918_20250819170542.csv,6140ef8d27499e70e8740918,,84,111.279,45.291564,6140ef8d27499e70e8740918,84,243.097683,87.453641
experiment_6150ca3f37e1fe330f70311d_20250827083054.csv,6150ca3f37e1fe330f70311d,,36,100.172,21.562912,6150ca3f37e1fe330f70311d,36,272.901583,230.013304
experiment_6150ca3f37e1fe330f70311d_20250827083229.csv,6150ca3f37e1fe330f70311d,,34,58.826,34.678544,6150ca3f37e1fe330f70311d,34,153.781548,187.120485
experiment_6150ca3f37e1fe330f70311d_20250827083355.csv,6150ca3f37e1fe330f70311d,,29,48.084,36.186673,6150ca3f37e1fe330f70311d,29,159.126355,180.355556
experiment_6150ca3f37e1fe330f70311d_20250827083505.csv,6150ca3f37e1fe330f70311d,,26,41.445,37.640246,6150ca3f37e1fe330f70311d,26,163.886172,184.103704
experiment_6150ca3f37e1fe330f70311d_20250827083655.csv,6150ca3f37e1fe330f70311d,,52,69.049,45.185303,6150ca3f37e1fe330f70311d,52,148.151377,109.692033
experiment_6150ca3f37e1fe330f70311d_20250827083752.csv,6150ca3f37e1fe330f70311d,,22,40.873,32.295158,6150ca3f37e1fe330f70311d,22,165.508333,292.862573
experiment_6150ca3f37e1fe330f70311d_20250827083942.csv,6150ca3f37e1fe330f70311d,,23,45.982,30.011744,6150ca3f37e1fe330f70311d,23,159.770267,203.539435
experiment_6150ca3f37e1fe330f70311d_20250827084050.csv,6150ca3f37e1fe330f70311d,,24,52.391,27.485637,6150ca3f37e1fe330f70311d,24,153.442638,182.168954
experiment_615921b85071b9caef6148d8_20250827031630.csv,615921b85071b9caef6148d8,,28,37.499,44.801195,615921b85071b9caef6148d8,28,111.839974,103.98946
experiment_615921b85071b9caef6148d8_20250827031858.csv,615921b85071b9caef6148d8,,74,87.683,50.636954,615921b85071b9caef6148d8,74,235.704208,84.358109
experiment_615921b85071b9caef6148d8_20250827032049.csv,615921b85071b9caef6148d8,,40,59.538,40.31039,615921b85071b9caef6148d8,40,314.216535,154.758046
experiment_615921b85071b9caef6148d8_20250827032257.csv,615921b85071b9caef6148d8,,37,83.011,26.743444,615921b85071b9caef6148d8,37,532.346596,117.688687
experiment_615921b85071b9caef6148d8_20250827032451.csv,615921b85071b9caef6148d8,,45,74.751,36.119918,615921b85071b9caef6148d8,45,777.263944,105.489254
experiment_615921b85071b9caef6148d8_20250827032611.csv,615921b85071b9caef6148d8,,37,43.127,51.475874,615921b85071b9caef6148d8,37,108.42946,93.793753
experiment_615921b85071b9caef6148d8_20250827032744.csv,615921b85071b9caef6148d8,,51,54.969,55.66774,615921b85071b9caef6148d8,51,104.057121,89.51234
experiment_615921b85071b9caef6148d8_20250827032948.csv,615921b85071b9caef6148d8,,40,88.352,27.164071,615921b85071b9caef6148d8,40,371.893074,105.356007
experiment_616f9519fb3906da76b8e173_20250827010929.csv,616f9519fb3906da76b8e173,,46,57.625,47.895879,616f9519fb3906da76b8e173,46,105.520031,62.102656
experiment_616f9519fb3906da76b8e173_20250827011029.csv,616f9519fb3906da76b8e173,,17,24.794,41.138985,616f9519fb3906da76b8e173,17,101.358394,156.424074
experiment_616f9519fb3906da76b8e173_20250827011130.csv,616f9519fb3906da76b8e173,,21,30.502,41.308767,616f9519fb3906da76b8e173,21,232.573998,110.105147
experiment_616f9519fb3906da76b8e173_20250827011257.csv,616f9519fb3906da76b8e173,,40,48.789,49.191416,616f9519fb3906da76b8e173,40,97.508719,102.215128
experiment_616f9519fb3906da76b8e173_20250827011345.csv,616f9519fb3906da76b8e173,,28,24.094,69.726903,616f9519fb3906da76b8e173,28,98.530612,89.399306
experiment_616f9519fb3906da76b8e173_20250827011511.csv,616f9519fb3906da76b8e173,,43,57.692,44.720239,616f9519fb3906da76b8e173,43,100.877639,132.519619
experiment_616f9519fb3906da76b8e173_20250827011656.csv,616f9519fb3906da76b8e173,,48,77.666,37.081863,616f9519fb3906da76b8e173,48,741.152618,150.899486
experiment_616f9519fb3906da76b8e173_20250827011744.csv,616f9519fb3906da76b8e173,,17,22.743,44.848965,616f9519fb3906da76b8e173,17,106.563093,70.956713
experiment_61717173748006894b2b54ff_20250826174044.csv,61717173748006894b2b54ff,,13,41.266,18.901759,61717173748006894b2b54ff,13,79.802909,74.703312
experiment_61717173748006894b2b54ff_20250826174129.csv,61717173748006894b2b54ff,,15,21.738,41.402153,61717173748006894b2b54ff,15,72.76,93.160562
experiment_61717173748006894b2b54ff_20250826174846.csv,61717173748006894b2b54ff,,11,24.202,27.270474,61717173748006894b2b54ff,11,94.244156,101.960556
experiment_61717173748006894b2b54ff_20250826174953.csv,61717173748006894b2b54ff,,15,30.313,29.690232,61717173748006894b2b54ff,15,90.515354,178.881313
experiment_61717173748006894b2b54ff_20250826175115.csv,61717173748006894b2b54ff,,11,30.323,21.765656,61717173748006894b2b54ff,11,463.645503,106.156439
experiment_61717173748006894b2b54ff_20250826175153.csv,61717173748006894b2b54ff,,14,19.882,42.249271,61717173748006894b2b54ff,14,86.307653,105.634615
experiment_61717173748006894b2b54ff_20250826175756.csv,61717173748006894b2b54ff,,14,42.905,19.578138,61717173748006894b2b54ff,14,90.065636,204.611667
experiment_61717173748006894b2b54ff_20250826175900.csv,61717173748006894b2b54ff,,10,22.861,26.245571,61717173748006894b2b54ff,10,84.913773,196.870833
experiment_6400e3697879c55c323f34d0_20250826123813.csv,6400e3697879c55c323f34d0,,33,72.583,27.279115,6400e3697879c55c323f34d0,33,102.884307,117.855238
experiment_6400e3697879c55c323f34d0_20250826124041.csv,6400e3697879c55c323f34d0,,47,106.508,26.476884,6400e3697879c55c323f34d0,47,104.194206,120.888964
experiment_6400e3697879c55c323f34d0_20250826124436.csv,6400e3697879c55c323f34d0,,22,109.101,12.098881,6400e3697879c55c323f34d0,22,417.401626,335.257151
experiment_6400e3697879c55c323f34d0_20250826124619.csv,6400e3697879c55c323f34d0,,34,73.646,27.700079,6400e3697879c55c323f34d0,34,162.675622,115.883359
experiment_6400e3697879c55c323f34d0_20250826124816.csv,6400e3697879c55c323f34d0,,27,73.902,21.920922,6400e3697879c55c323f34d0,27,515.909656,172.120077
experiment_6400e3697879c55c323f34d0_20250826125028.csv,6400e3697879c55c323f34d0,,54,84.75,38.230088,6400e3697879c55c323f34d0,54,260.464966,111.404973
experiment_6400e3697879c55c323f34d0_20250826125139.csv,6400e3697879c55c323f34d0,,25,39.538,37.938186,6400e3697879c55c323f34d0,25,131.819672,104.441792
experiment_6400e3697879c55c323f34d0_20250826125335.csv,6400e3697879c55c323f34d0,,52,77.545,40.234702,6400e3697879c55c323f34d0,52,93.861813,118.576925
experiment_649dba79b97070557ebe3d0b_20250827035238.csv,649dba79b97070557ebe3d0b,,48,87.768,32.813782,649dba79b97070557ebe3d0b,48,140.307093,132.63896
experiment_649dba79b97070557ebe3d0b_20250827035613.csv,649dba79b97070557ebe3d0b,,56,66.262,50.707796,649dba79b97070557ebe3d0b,56,131.555784,92.454215
experiment_649dba79b97070557ebe3d0b_20250827035959.csv,649dba79b97070557ebe3d0b,,127,160.666,47.427583,649dba79b97070557ebe3d0b,127,127.332457,99.21167
experiment_649dba79b97070557ebe3d0b_20250827040240.csv,649dba79b97070557ebe3d0b,,85,106.774,47.764437,649dba79b97070557ebe3d0b,85,531.267501,81.048886
experiment_649dba79b97070557ebe3d0b_20250827040519.csv,649dba79b97070557ebe3d0b,,103,112.696,54.837794,649dba79b97070557ebe3d0b,103,123.853618,70.031194
experiment_649dba79b97070557ebe3d0b_20250827040939.csv,649dba79b97070557ebe3d0b,,95,161.388,35.318611,649dba79b97070557ebe3d0b,95,872.093966,91.252424
experiment_649dba79b97070557ebe3d0b_20250827041158.csv,649dba79b97070557ebe3d0b,,75,112.252,40.088373,649dba79b97070557ebe3d0b,75,460.864225,97.740448
experiment_649dba79b97070557ebe3d0b_20250827041432.csv,649dba79b97070557ebe3d0b,,79,115.855,40.91321,649dba79b97070557ebe3d0b,79,126.705945,109.628192
experiment_64e8b6f73929dae22fc25705_20250827034016.csv,64e8b6f73929dae22fc25705,,7,15.592,26.936891,64e8b6f73929dae22fc25705,7,99.803741,132.333333
experiment_64e8b6f73929dae22fc25705_20250827034105.csv,64e8b6f73929dae22fc25705,,17,21.791,46.808315,64e8b6f73929dae22fc25705,17,89.685326,93.602282
experiment_64e8b6f73929dae22fc25705_20250827034148.csv,64e8b6f73929dae22fc25705,,9,11.078,48.745261,64e8b6f73929dae22fc25705,9,94.464815,90.833333
experiment_64e8b6f73929dae22fc25705_20250827034238.csv,64e8b6f73929dae22fc25705,,22,33.634,39.246001,64e8b6f73929dae22fc25705,22,100.893416,103.570308
experiment_64e8b6f73929dae22fc25705_20250827034323.csv,64e8b6f73929dae22fc25705,,8,25.189,19.055937,64e8b6f73929dae22fc25705,8,98.740278,786.909926
experiment_64e8b6f73929dae22fc25705_20250827034458.csv,64e8b6f73929dae22fc25705,,22,63.565,20.766145,64e8b6f73929dae22fc25705,22,102.136504,149.59604
experiment_64e8b6f73929dae22fc25705_20250827034540.csv,64e8b6f73929dae22fc25705,,11,30.955,21.321273,64e8b6f73929dae22fc25705,11,94.020455,415.088384
experiment_64e8b6f73929dae22fc25705_20250827034636.csv,64e8b6f73929dae22fc25705,,9,32.813,16.456892,64e8b6f73929dae22fc25705,9,102.688859,468.839286
experiment_6527f153bea7b2d7c0d556e4_20250827020003.csv,6527f153bea7b2d7c0d556e4,,53,104.422,30.453353,6527f153bea7b2d7c0d556e4,53,481.407816,111.214475
experiment_6527f153bea7b2d7c0d556e4_20250827020215.csv,6527f153bea7b2d7c0d556e4,,37,70.744,31.380753,6527f153bea7b2d7c0d556e4,37,93.929306,154.471193
experiment_6527f153bea7b2d7c0d556e4_20250827020421.csv,6527f153bea7b2d7c0d556e4,,51,57.122,53.569553,6527f153bea7b2d7c0d556e4,51,631.914756,124.757778
experiment_6527f153bea7b2d7c0d556e4_20250827020608.csv,6527f153bea7b2d7c0d556e4,,21,42.711,29.500597,6527f153bea7b2d7c0d556e4,21,98.429813,178.533333
experiment_6527f153bea7b2d7c0d556e4_20250827020822.csv,6527f153bea7b2d7c0d556e4,,30,80.008,22.49775,6527f153bea7b2d7c0d556e4,30,1495.307684,145.50943
experiment_6527f153bea7b2d7c0d556e4_20250827021128.csv,6527f153bea7b2d7c0d556e4,,38,81.63,27.930908,6527f153bea7b2d7c0d556e4,38,294.385772,182.499633
experiment_6527f153bea7b2d7c0d556e4_20250827021347.csv,6527f153bea7b2d7c0d556e4,,24,87.095,16.53367,6527f153bea7b2d7c0d556e4,24,359.328054,238.597863
experiment_6527f153bea7b2d7c0d556e4_20250827021555.csv,6527f153bea7b2d7c0d556e4,,18,31.46,34.329307,6527f153bea7b2d7c0d556e4,18,179.338151,115.103333
experiment_6538097b8793d9b90adc4667_20250827143620.csv,6538097b8793d9b90adc4667,,13,32.36,24.103832,6538097b8793d9b90adc4667,13,83.154996,184.562987
experiment_6538097b8793d9b90adc4667_20250827143705.csv,6538097b8793d9b90adc4667,,14,23.712,35.425101,6538097b8793d9b90adc4667,14,98.734609,142.732029
experiment_6538097b8793d9b90adc4667_20250827143856.csv,6538097b8793d9b90adc4667,,11,15.408,42.834891,6538097b8793d9b90adc4667,11,90.289945,88.821569
experiment_6538097b8793d9b90adc4667_20250827143933.csv,6538097b8793d9b90adc4667,,12,19.876,36.224592,6538097b8793d9b90adc4667,12,98.313591,167.962338
experiment_6538097b8793d9b90adc4667_20250827144052.csv,6538097b8793d9b90adc4667,,11,19.729,33.453292,6538097b8793d9b90adc4667,11,86.495455,93.86685
experiment_6538097b8793d9b90adc4667_20250827144122.csv,6538097b8793d9b90adc4667,,11,11.298,58.417419,6538097b8793d9b90adc4667,11,94.352056,117.019345
experiment_6538097b8793d9b90adc4667_20250827144346.csv,6538097b8793d9b90adc4667,,8,13.262,36.193636,6538097b8793d9b90adc4667,8,103.665278,141.354082
experiment_6538097b8793d9b90adc4667_20250827144750.csv,6538097b8793d9b90adc4667,,9,14.671,36.807307,6538097b8793d9b90adc4667,9,93.42037,86.555556
experiment_65a3ec77f674ac3e98f0c6ac_20250827081018.csv,65a3ec77f674ac3e98f0c6ac,,34,81.323,25.085154,65a3ec77f674ac3e98f0c6ac,34,443.648599,204.641407
experiment_65a3ec77f674ac3e98f0c6ac_20250827081127.csv,65a3ec77f674ac3e98f0c6ac,,17,44.269,23.040954,65a3ec77f674ac3e98f0c6ac,17,108.948018,287.082222
experiment_65a3ec77f674ac3e98f0c6ac_20250827081246.csv,65a3ec77f674ac3e98f0c6ac,,8,16.724,28.701268,65a3ec77f674ac3e98f0c6ac,8,98.192366,301.744444
experiment_65a3ec77f674ac3e98f0c6ac_20250827081524.csv,65a3ec77f674ac3e98f0c6ac,,37,83.795,26.493228,65a3ec77f674ac3e98f0c6ac,37,642.489818,247.452889
experiment_65a3ec77f674ac3e98f0c6ac_20250827081631.csv,65a3ec77f674ac3e98f0c6ac,,13,26.172,29.802843,65a3ec77f674ac3e98f0c6ac,13,96.76456,135.707592
experiment_65a3ec77f674ac3e98f0c6ac_20250827081742.csv,65a3ec77f674ac3e98f0c6ac,,15,31.53,28.544244,65a3ec77f674ac3e98f0c6ac,15,85.632037,379.353452
experiment_65a3ec77f674ac3e98f0c6ac_20250827081821.csv,65a3ec77f674ac3e98f0c6ac,,6,9.224,39.028621,65a3ec77f674ac3e98f0c6ac,6,80.463889,214.598214
experiment_65a3ec77f674ac3e98f0c6ac_20250827081902.csv,65a3ec77f674ac3e98f0c6ac,,6,17.784,20.242915,65a3ec77f674ac3e98f0c6ac,6,106.994608,215.1875
experiment_65a3f4da297bacfcc92dead2_20250827092530.csv,65a3f4da297bacfcc92dead2,,15,55.724,16.15103,65a3f4da297bacfcc92dead2,15,140.602325,207.45773
experiment_65a3f4da297bacfcc92dead2_20250827092700.csv,65a3f4da297bacfcc92dead2,,10,62.615,9.582368,65a3f4da297bacfcc92dead2,10,228.019744,206.099871
experiment_65a3f4da297bacfcc92dead2_20250827092919.csv,65a3f4da297bacfcc92dead2,,21,76.44,16.483516,65a3f4da297bacfcc92dead2,21,297.482347,289.328083
experiment_65a3f4da297bacfcc92dead2_20250827093020.csv,65a3f4da297bacfcc92dead2,,9,27.134,19.901231,65a3f4da297bacfcc92dead2,9,100.246897,242.302778
experiment_65a3f4da297bacfcc92dead2_20250827093100.csv,65a3f4da297bacfcc92dead2,,9,8.781,61.496413,65a3f4da297bacfcc92dead2,9,117.679365,126.214286
experiment_65a3f4da297bacfcc92dead2_20250827093210.csv,65a3f4da297bacfcc92dead2,,13,49.808,15.660135,65a3f4da297bacfcc92dead2,13,227.377582,261.920732
experiment_65a3f4da297bacfcc92dead2_20250827093335.csv,65a3f4da297bacfcc92dead2,,17,62.743,16.256794,65a3f4da297bacfcc92dead2,17,114.147639,288.16296
experiment_65a3f4da297bacfcc92dead2_20250827093451.csv,65a3f4da297bacfcc92dead2,,11,49.012,13.46609,65a3f4da297bacfcc92dead2,11,107.210245,250.7781
experiment_65c7b42c1c15b1064e26f265_20250826224116.csv,65c7b42c1c15b1064e26f265,,1,3.147,19.065777,65c7b42c1c15b1064e26f265,1,186.821429,2.111111
experiment_65c7b42c1c15b1064e26f265_20250826224130.csv,65c7b42c1c15b1064e26f265,,1,2.104,28.51711,65c7b42c1c15b1064e26f265,1,103.76,112.4
experiment_65c7b42c1c15b1064e26f265_20250826224151.csv,65c7b42c1c15b1064e26f265,,1,1.887,31.796502,65c7b42c1c15b1064e26f265,1,97.95,53.3
experiment_65c7b42c1c15b1064e26f265_20250826224209.csv,65c7b42c1c15b1064e26f265,,1,3.207,18.709074,65c7b42c1c15b1064e26f265,1,228.52381,58.444444
experiment_65c7b42c1c15b1064e26f265_20250826224210.csv,65c7b42c1c15b1064e26f265,,1,3.207,18.709074,65c7b42c1c15b1064e26f265,1,228.52381,58.444444
experiment_65c7b42c1c15b1064e26f265_20250826224226.csv,65c7b42c1c15b1064e26f265,,1,4.258,14.091123,65c7b42c1c15b1064e26f265,1,148.454545,111.888889
experiment_65c7b42c1c15b1064e26f265_20250826224238.csv,65c7b42c1c15b1064e26f265,,1,3.147,19.065777,65c7b42c1c15b1064e26f265,1,107.92,88.5
experiment_65c7b42c1c15b1064e26f265_20250826224239.csv,65c7b42c1c15b1064e26f265,,1,3.147,19.065777,65c7b42c1c15b1064e26f265,1,107.92,88.5
experiment_65cf6d8a589a67afcab54e6f_20250827123551.csv,65cf6d8a589a67afcab54e6f,,114,306.647,22.305778,65cf6d8a589a67afcab54e6f,114,1046.235494,109.825831
experiment_65cf6d8a589a67afcab54e6f_20250827124105.csv,65cf6d8a589a67afcab54e6f,,58,178.617,19.483028,65cf6d8a589a67afcab54e6f,58,939.233621,211.360407
experiment_65cf6d8a589a67afcab54e6f_20250827124307.csv,65cf6d8a589a67afcab54e6f,,39,72.513,32.270076,65cf6d8a589a67afcab54e6f,39,101.551282,189.675744
experiment_65cf6d8a589a67afcab54e6f_20250827124501.csv,65cf6d8a589a67afcab54e6f,,33,76.671,25.824627,65cf6d8a589a67afcab54e6f,33,99.85864,109.387019
experiment_65cf6d8a589a67afcab54e6f_20250827124735.csv,65cf6d8a589a67afcab54e6f,,58,99.243,35.065445,65cf6d8a589a67afcab54e6f,58,92.549275,283.160496
experiment_65cf6d8a589a67afcab54e6f_20250827124940.csv,65cf6d8a589a67afcab54e6f,,43,95.92,26.897415,65cf6d8a589a67afcab54e6f,43,92.414086,142.505452
experiment_65cf6d8a589a67afcab54e6f_20250827125109.csv,65cf6d8a589a67afcab54e6f,,28,42.475,39.552678,65cf6d8a589a67afcab54e6f,28,284.767021,107.663961
experiment_65cf6d8a589a67afcab54e6f_20250827125253.csv,65cf6d8a589a67afcab54e6f,,29,73.161,23.783163,65cf6d8a589a67afcab54e6f,29,98.154297,146.738406
experiment_65eafe348dd7dad3b69be921_20250827113009.csv,65eafe348dd7dad3b69be921,,29,128.653,13.524753,65eafe348dd7dad3b69be921,29,97.720076,436.51014
experiment_65eafe348dd7dad3b69be921_20250827113457.csv,65eafe348dd7dad3b69be921,,12,240.391,2.99512,65eafe348dd7dad3b69be921,12,1531.78849,267.04864
experiment_65eafe348dd7dad3b69be921_20250827113736.csv,65eafe348dd7dad3b69be921,,19,126.906,8.983027,65eafe348dd7dad3b69be921,19,654.678998,203.325805
experiment_65eafe348dd7dad3b69be921_20250827114014.csv,65eafe348dd7dad3b69be921,,25,126.022,11.902684,65eafe348dd7dad3b69be921,25,87.205128,237.49422
experiment_65eafe348dd7dad3b69be921_20250827114136.csv,65eafe348dd7dad3b69be921,,18,55.931,19.309506,65eafe348dd7dad3b69be921,18,90.457918,152.637955
experiment_65eafe348dd7dad3b69be921_20250827114334.csv,65eafe348dd7dad3b69be921,,30,102.663,17.533094,65eafe348dd7dad3b69be921,30,83.34166,161.658461
experiment_65eafe348dd7dad3b69be921_20250827114531.csv,65eafe348dd7dad3b69be921,,23,89.202,15.470505,65eafe348dd7dad3b69be921,23,1448.860628,457.107153
experiment_65eafe348dd7dad3b69be921_20250827114810.csv,65eafe348dd7dad3b69be921,,40,132.103,18.167642,65eafe348dd7dad3b69be921,40,1042.133879,295.263066
experiment_65f03cac071873738667ccbb_20250827092250.csv,65f03cac071873738667ccbb,,39,89.615,26.1117,65f03cac071873738667ccbb,39,578.373673,157.0759
experiment_65f03cac071873738667ccbb_20250827092521.csv,65f03cac071873738667ccbb,,39,104.86,22.315468,65f03cac071873738667ccbb,39,120.883421,177.674304
experiment_65f03cac071873738667ccbb_20250827092725.csv,65f03cac071873738667ccbb,,28,86.077,19.517409,65f03cac071873738667ccbb,28,896.327236,162.973084
experiment_65f03cac071873738667ccbb_20250827092927.csv,65f03cac071873738667ccbb,,27,83.992,19.287551,65f03cac071873738667ccbb,27,123.675288,233.014084
experiment_65f03cac071873738667ccbb_20250827093155.csv,65f03cac071873738667ccbb,,26,130.039,11.996401,65f03cac071873738667ccbb,26,1238.393524,428.728628
experiment_65f03cac071873738667ccbb_20250827093335.csv,65f03cac071873738667ccbb,,13,67.415,11.570125,65f03cac071873738667ccbb,13,533.778229,391.727335
experiment_65f03cac071873738667ccbb_20250827093525.csv,65f03cac071873738667ccbb,,33,80.255,24.67136,65f03cac071873738667ccbb,33,504.144112,178.046984
experiment_65f03cac071873738667ccbb_20250827093626.csv,65f03cac071873738667ccbb,,12,27.726,25.968405,65f03cac071873738667ccbb,12,301.705258,182.756415
experiment_65f1ee12589aa15061efa22a_20250826152638.csv,65f1ee12589aa15061efa22a,,124,390.358,19.059427,65f1ee12589aa15061efa22a,124,77.81024,211.031183
experiment_65f1ee12589aa15061efa22a_20250826153420.csv,65f1ee12589aa15061efa22a,,49,305.242,9.631702,65f1ee12589aa15061efa22a,49,75.534847,286.171035
experiment_65f1ee12589aa15061efa22a_20250826154549.csv,65f1ee12589aa15061efa22a,,113,594.729,11.40015,65f1ee12589aa15061efa22a,113,128.801179,399.638466
experiment_65f1ee12589aa15061efa22a_20250826155141.csv,65f1ee12589aa15061efa22a,,46,242.1,11.400248,65f1ee12589aa15061efa22a,46,514.20841,273.056006
experiment_65f1ee12589aa15061efa22a_20250826155636.csv,65f1ee12589aa15061efa22a,,85,242.354,21.043597,65f1ee12589aa15061efa22a,85,74.446695,172.736228
experiment_65f1ee12589aa15061efa22a_20250826160304.csv,65f1ee12589aa15061efa22a,,98,352.308,16.689942,65f1ee12589aa15061efa22a,98,2635.222583,238.543309
experiment_65f1ee12589aa15061efa22a_20250826160449.csv,65f1ee12589aa15061efa22a,,37,85.961,25.825665,65f1ee12589aa15061efa22a,37,74.192748,200.15997
experiment_65f1ee12589aa15061efa22a_20250826160636.csv,65f1ee12589aa15061efa22a,,39,77.068,30.362796,65f1ee12589aa15061efa22a,39,74.100614,208.778648
experiment_65f333c755d191fcd18fa279_20250826134900.csv,65f333c755d191fcd18fa279,,54,116.415,27.831465,65f333c755d191fcd18fa279,54,158.680552,233.991225
experiment_65f333c755d191fcd18fa279_20250826135249.csv,65f333c755d191fcd18fa279,,50,101.916,29.436006,65f333c755d191fcd18fa279,50,129.734323,106.865687
experiment_65f333c755d191fcd18fa279_20250826135554.csv,65f333c755d191fcd18fa279,,42,94.845,26.569666,65f333c755d191fcd18fa279,42,123.430747,120.211859
experiment_65f333c755d191fcd18fa279_20250826135842.csv,65f333c755d191fcd18fa279,,65,117.329,33.239864,65f333c755d191fcd18fa279,65,122.292753,132.28459
experiment_65f333c755d191fcd18fa279_20250826140107.csv,65f333c755d191fcd18fa279,,37,73.692,30.125387,65f333c755d191fcd18fa279,37,137.9361,142.209611
experiment_65f333c755d191fcd18fa279_20250826140358.csv,65f333c755d191fcd18fa279,,56,91.785,36.607289,65f333c755d191fcd18fa279,56,133.537484,102.917812
experiment_65f333c755d191fcd18fa279_20250826140611.csv,65f333c755d191fcd18fa279,,30,84.217,21.373357,65f333c755d191fcd18fa279,30,114.875159,162.015024
experiment_65f333c755d191fcd18fa279_20250826141148.csv,65f333c755d191fcd18fa279,,42,86.184,29.239766,65f333c755d191fcd18fa279,42,123.824695,103.661215
experiment_65fb34c4df61f03ce0dd6dd9_20250827094245.csv,65fb34c4df61f03ce0dd6dd9,,19,30.687,37.149281,65fb34c4df61f03ce0dd6dd9,19,97.588784,150.482887
experiment_65fb34c4df61f03ce0dd6dd9_20250827094458.csv,65fb34c4df61f03ce0dd6dd9,,17,31.648,32.229525,65fb34c4df61f03ce0dd6dd9,17,91.949437,155.335079
experiment_65fb34c4df61f03ce0dd6dd9_20250827094639.csv,65fb34c4df61f03ce0dd6dd9,,16,42.963,22.344808,65fb34c4df61f03ce0dd6dd9,16,81.683511,297.280131
experiment_65fb34c4df61f03ce0dd6dd9_20250827094844.csv,65fb34c4df61f03ce0dd6dd9,,16,38.646,24.840863,65fb34c4df61f03ce0dd6dd9,16,97.387453,210.453117
experiment_65fb34c4df61f03ce0dd6dd9_20250827095006.csv,65fb34c4df61f03ce0dd6dd9,,15,22.118,40.69084,65fb34c4df61f03ce0dd6dd9,15,95.420714,199.268537
experiment_65fb34c4df61f03ce0dd6dd9_20250827095144.csv,65fb34c4df61f03ce0dd6dd9,,18,28.166,38.344103,65fb34c4df61f03ce0dd6dd9,18,100.366887,173.055185
experiment_65fb34c4df61f03ce0dd6dd9_20250827095330.csv,65fb34c4df61f03ce0dd6dd9,,23,42.897,32.170082,65fb34c4df61f03ce0dd6dd9,23,84.889752,181.124275
experiment_65fb34c4df61f03ce0dd6dd9_20250827095609.csv,65fb34c4df61f03ce0dd6dd9,,33,91.721,21.587205,65fb34c4df61f03ce0dd6dd9,33,87.726349,240.896227
experiment_65fc95c627592d85499ae358_20250819165809.csv,65fc95c627592d85499ae358,,31,76.175,24.41746,65fc95c627592d85499ae358,31,89.648174,270.409952
experiment_65fc95c627592d85499ae358_20250819170352.csv,65fc95c627592d85499ae358,,75,137.977,32.614131,65fc95c627592d85499ae358,75,88.075749,148.263052
experiment_65fc95c627592d85499ae358_20250819170605.csv,65fc95c627592d85499ae358,,15,26.695,33.714179,65fc95c627592d85499ae358,15,85.858939,199.437241
experiment_65fc95c627592d85499ae358_20250819171143.csv,65fc95c627592d85499ae358,,56,93.414,35.968913,65fc95c627592d85499ae358,56,88.482235,213.52305
experiment_65fc95c627592d85499ae358_20250819171423.csv,65fc95c627592d85499ae358,,18,34.443,31.356154,65fc95c627592d85499ae358,18,96.282424,159.415972
experiment_65fc95c627592d85499ae358_20250819172025.csv,65fc95c627592d85499ae358,,22,44.329,29.777347,65fc95c627592d85499ae358,22,89.787284,184.506819
experiment_65fc95c627592d85499ae358_20250819172435.csv,65fc95c627592d85499ae358,,25,41.285,36.332809,65fc95c627592d85499ae358,25,90.12846,145.402767
experiment_65fc95c627592d85499ae358_20250819172658.csv,65fc95c627592d85499ae358,,23,54.304,25.412493,65fc95c627592d85499ae358,23,95.726921,163.832804
experiment_65fda4aa45ba55e983e2a2d9_20250827040319.csv,65fda4aa45ba55e983e2a2d9,,30,146.147,12.316366,65fda4aa45ba55e983e2a2d9,30,904.802422,283.35701
experiment_65fda4aa45ba55e983e2a2d9_20250827040608.csv,65fda4aa45ba55e983e2a2d9,,22,109.204,12.087469,65fda4aa45ba55e983e2a2d9,22,110.312533,650.447029
experiment_65fda4aa45ba55e983e2a2d9_20250827041057.csv,65fda4aa45ba55e983e2a2d9,,29,112.016,15.533495,65fda4aa45ba55e983e2a2d9,29,105.41063,305.364683
experiment_65fda4aa45ba55e983e2a2d9_20250827041323.csv,65fda4aa45ba55e983e2a2d9,,22,84.138,15.688512,65fda4aa45ba55e983e2a2d9,22,107.52812,335.812472
experiment_65fda4aa45ba55e983e2a2d9_20250827041645.csv,65fda4aa45ba55e983e2a2d9,,29,100.345,17.340176,65fda4aa45ba55e983e2a2d9,29,111.562192,294.687143
experiment_65fda4aa45ba55e983e2a2d9_20250827041827.csv,65fda4aa45ba55e983e2a2d9,,24,58.59,24.577573,65fda4aa45ba55e983e2a2d9,24,112.351075,188.93461
experiment_65fda4aa45ba55e983e2a2d9_20250827041958.csv,65fda4aa45ba55e983e2a2d9,,20,63.315,18.952855,65fda4aa45ba55e983e2a2d9,20,518.671825,233.9725
experiment_65fda4aa45ba55e983e2a2d9_20250827042205.csv,65fda4aa45ba55e983e2a2d9,,24,50.685,28.410772,65fda4aa45ba55e983e2a2d9,24,117.264931,176.041043
experiment_6614435124bf16e7a24f9662_20250827115207.csv,6614435124bf16e7a24f9662,,21,26.983,46.696068,6614435124bf16e7a24f9662,21,93.414521,138.6117
experiment_6614435124bf16e7a24f9662_20250827115412.csv,6614435124bf16e7a24f9662,,16,23.805,40.327662,6614435124bf16e7a24f9662,16,355.29189,155.598571
experiment_6614435124bf16e7a24f9662_20250827115723.csv,6614435124bf16e7a24f9662,,15,36.725,24.506467,6614435124bf16e7a24f9662,15,117.143608,217.818141
experiment_6614435124bf16e7a24f9662_20250827121241.csv,6614435124bf16e7a24f9662,,12,41.282,17.441015,6614435124bf16e7a24f9662,12,96.004563,378.482828
experiment_6614435124bf16e7a24f9662_20250827121659.csv,6614435124bf16e7a24f9662,,11,187.539,3.519268,6614435124bf16e7a24f9662,11,112.119718,2406.571164
experiment_6614435124bf16e7a24f9662_20250827122028.csv,6614435124bf16e7a24f9662,,9,188.276,2.86813,6614435124bf16e7a24f9662,9,105.390035,340.947619
experiment_6614435124bf16e7a24f9662_20250827122304.csv,6614435124bf16e7a24f9662,,8,87.913,5.459943,6614435124bf16e7a24f9662,8,110.95119,319.809524
experiment_6614435124bf16e7a24f9662_20250827122637.csv,6614435124bf16e7a24f9662,,9,66.83,8.080204,6614435124bf16e7a24f9662,9,1242.739634,184.31875
experiment_661564c766603e80ca4c3184_20250826163603.csv,661564c766603e80ca4c3184,,11,38.525,17.131733,661564c766603e80ca4c3184,11,478.376445,65.461364
experiment_661564c766603e80ca4c3184_20250826163947.csv,661564c766603e80ca4c3184,,21,35.648,35.345601,661564c766603e80ca4c3184,21,89.623054,175.286689
experiment_661564c766603e80ca4c3184_20250826164233.csv,661564c766603e80ca4c3184,,14,15.127,55.529847,661564c766603e80ca4c3184,14,89.538095,118.776389
experiment_661564c766603e80ca4c3184_20250826164520.csv,661564c766603e80ca4c3184,,15,16.119,55.834729,661564c766603e80ca4c3184,15,79.817778,115.953571
experiment_661564c766603e80ca4c3184_20250826164819.csv,661564c766603e80ca4c3184,,10,41.31,14.524328,661564c766603e80ca4c3184,10,85.907857,133.87037
experiment_661564c766603e80ca4c3184_20250826165148.csv,661564c766603e80ca4c3184,,25,51.922,28.889488,661564c766603e80ca4c3184,25,87.739841,109.121739
experiment_661564c766603e80ca4c3184_20250826165745.csv,661564c766603e80ca4c3184,,14,18.777,44.735581,661564c766603e80ca4c3184,14,83.02381,103.22398
experiment_661564c766603e80ca4c3184_20250826165952.csv,661564c766603e80ca4c3184,,12,46.492,15.486535,661564c766603e80ca4c3184,12,558.84494,162.611667
experiment_663068f52490bf6d13f95968_20250827030140.csv,663068f52490bf6d13f95968,,13,14.158,55.092527,663068f52490bf6d13f95968,13,203.297894,72.679487
experiment_663068f52490bf6d13f95968_20250827030416.csv,663068f52490bf6d13f95968,,67,111.736,35.977662,663068f52490bf6d13f95968,67,366.440533,129.294831
experiment_663068f52490bf6d13f95968_20250827030442.csv,663068f52490bf6d13f95968,,6,7.471,48.18632,663068f52490bf6d13f95968,6,85.806349,130.25
experiment_663068f52490bf6d13f95968_20250827030614.csv,663068f52490bf6d13f95968,,40,60.797,39.475632,663068f52490bf6d13f95968,40,132.873399,129.488239
experiment_663068f52490bf6d13f95968_20250827030627.csv,663068f52490bf6d13f95968,,3,3.418,52.662376,663068f52490bf6d13f95968,3,89.5,74.475
experiment_663068f52490bf6d13f95968_20250827030817.csv,663068f52490bf6d13f95968,,29,59.187,29.398348,663068f52490bf6d13f95968,29,79.904522,101.25723
experiment_663068f52490bf6d13f95968_20250827030835.csv,663068f52490bf6d13f95968,,3,2.662,67.618332,663068f52490bf6d13f95968,3,147.0,79.566667
experiment_663068f52490bf6d13f95968_20250827031546.csv,663068f52490bf6d13f95968,,35,44.42,47.276002,663068f52490bf6d13f95968,35,79.303878,130.652455
experiment_66321cfc446914f3b199e193_20250827105624.csv,66321cfc446914f3b199e193,,27,90.913,17.819234,66321cfc446914f3b199e193,27,108.930147,285.366476
experiment_66321cfc446914f3b199e193_20250827110215.csv,66321cfc446914f3b199e193,,61,220.373,16.608205,66321cfc446914f3b199e193,61,98.147693,358.566425
experiment_66321cfc446914f3b199e193_20250827110448.csv,66321cfc446914f3b199e193,,25,83.418,17.981731,66321cfc446914f3b199e193,25,98.406324,283.361275
experiment_66321cfc446914f3b199e193_20250827111048.csv,66321cfc446914f3b199e193,,70,246.157,17.062281,66321cfc446914f3b199e193,70,90.139957,282.522674
experiment_66321cfc446914f3b199e193_20250827111258.csv,66321cfc446914f3b199e193,,24,55.799,25.806914,66321cfc446914f3b199e193,24,100.992041,228.938435
experiment_66321cfc446914f3b199e193_20250827111743.csv,66321cfc446914f3b199e193,,41,230.861,10.655763,66321cfc446914f3b199e193,41,2274.352616,329.938462
experiment_66321cfc446914f3b199e193_20250827112102.csv,66321cfc446914f3b199e193,,54,132.107,24.525574,66321cfc446914f3b199e193,54,90.421891,253.014194
experiment_66321cfc446914f3b199e193_20250827112427.csv,66321cfc446914f3b199e193,,39,128.651,18.188743,66321cfc446914f3b199e193,39,92.655433,250.588534
experiment_663378460f834e9670d1508c_20250827132822.csv,663378460f834e9670d1508c,,69,176.869,23.407154,663378460f834e9670d1508c,69,89.146676,206.947625
experiment_663378460f834e9670d1508c_20250827133253.csv,663378460f834e9670d1508c,,42,98.487,25.587133,663378460f834e9670d1508c,42,86.095,197.545477
experiment_663378460f834e9670d1508c_20250827133628.csv,663378460f834e9670d1508c,,50,136.552,21.969653,663378460f834e9670d1508c,50,99.896471,221.001587
experiment_663378460f834e9670d1508c_20250827133849.csv,663378460f834e9670d1508c,,32,68.88,27.874564,663378460f834e9670d1508c,32,408.551242,187.990873
experiment_663378460f834e9670d1508c_20250827134408.csv,663378460f834e9670d1508c,,47,198.687,14.193178,663378460f834e9670d1508c,47,147.589974,198.418397
experiment_663378460f834e9670d1508c_20250827135206.csv,663378460f834e9670d1508c,,125,260.007,28.845377,663378460f834e9670d1508c,125,364.075486,225.404507
experiment_663378460f834e9670d1508c_20250827135723.csv,663378460f834e9670d1508c,,72,202.225,21.362344,663378460f834e9670d1508c,72,81.320693,247.076783
experiment_663378460f834e9670d1508c_20250827140210.csv,663378460f834e9670d1508c,,66,177.455,22.315517,663378460f834e9670d1508c,66,185.076815,197.443373
experiment_6635344fb4ae723326e3ce04_20250826132024.csv,6635344fb4ae723326e3ce04,,7,37.352,11.244378,6635344fb4ae723326e3ce04,7,140.813492,613.258987
experiment_6635344fb4ae723326e3ce04_20250826132250.csv,6635344fb4ae723326e3ce04,,9,44.607,12.105723,6635344fb4ae723326e3ce04,9,91.599206,397.044453
experiment_6635344fb4ae723326e3ce04_20250826132502.csv,6635344fb4ae723326e3ce04,,11,39.816,16.576251,6635344fb4ae723326e3ce04,11,93.067388,273.415741
experiment_6635344fb4ae723326e3ce04_20250826132624.csv,6635344fb4ae723326e3ce04,,8,31.215,15.377222,6635344fb4ae723326e3ce04,8,115.838889,194.508333
experiment_6635344fb4ae723326e3ce04_20250826132907.csv,6635344fb4ae723326e3ce04,,11,85.07,7.758317,6635344fb4ae723326e3ce04,11,95.95805,251.534848
experiment_6635344fb4ae723326e3ce04_20250826133223.csv,6635344fb4ae723326e3ce04,,10,46.005,13.042061,6635344fb4ae723326e3ce04,10,103.062381,307.353709
experiment_6635344fb4ae723326e3ce04_20250826133323.csv,6635344fb4ae723326e3ce04,,9,19.844,27.212256,6635344fb4ae723326e3ce04,9,103.871429,324.380952
experiment_6635344fb4ae723326e3ce04_20250826133518.csv,6635344fb4ae723326e3ce04,,7,31.848,13.187641,6635344fb4ae723326e3ce04,7,100.135147,494.813492
experiment_6643495b44af166c626762cd_20250819155555.csv,6643495b44af166c626762cd,,17,89.002,11.460417,6643495b44af166c626762cd,17,97.318627,224.68915
experiment_6643495b44af166c626762cd_20250819155834.csv,6643495b44af166c626762cd,,55,105.008,31.426177,6643495b44af166c626762cd,55,98.783947,181.536565
experiment_6643495b44af166c626762cd_20250819155956.csv,6643495b44af166c626762cd,,14,29.353,28.617177,6643495b44af166c626762cd,14,117.060713,144.291106
experiment_6643495b44af166c626762cd_20250819160208.csv,6643495b44af166c626762cd,,42,94.315,26.718974,6643495b44af166c626762cd,42,95.214214,196.107556
experiment_6643495b44af166c626762cd_20250819160307.csv,6643495b44af166c626762cd,,20,29.336,40.905372,6643495b44af166c626762cd,20,93.467392,163.408626
experiment_6643495b44af166c626762cd_20250819160610.csv,6643495b44af166c626762cd,,45,113.351,23.819816,6643495b44af166c626762cd,45,99.282681,176.267965
experiment_6643495b44af166c626762cd_20250819160707.csv,6643495b44af166c626762cd,,17,25.161,40.538929,6643495b44af166c626762cd,17,94.835844,129.418229
experiment_6643495b44af166c626762cd_20250819160831.csv,6643495b44af166c626762cd,,23,45.018,30.654405,6643495b44af166c626762cd,23,93.358122,171.409033
experiment_664b44d8a11f1bcbba9e0494_20250827045451.csv,664b44d8a11f1bcbba9e0494,,25,45.825,32.733224,664b44d8a11f1bcbba9e0494,25,91.674286,149.537103
experiment_664b44d8a11f1bcbba9e0494_20250827045629.csv,664b44d8a11f1bcbba9e0494,,23,51.363,26.86759,664b44d8a11f1bcbba9e0494,23,89.084649,174.168075
experiment_664b44d8a11f1bcbba9e0494_20250827045742.csv,664b44d8a11f1bcbba9e0494,,27,48.051,33.714179,664b44d8a11f1bcbba9e0494,27,86.169825,148.119833
experiment_664b44d8a11f1bcbba9e0494_20250827045845.csv,664b44d8a11f1bcbba9e0494,,20,36.734,32.667284,664b44d8a11f1bcbba9e0494,20,86.716369,167.342805
experiment_664b44d8a11f1bcbba9e0494_20250827050010.csv,664b44d8a11f1bcbba9e0494,,34,59.878,34.069274,664b44d8a11f1bcbba9e0494,34,84.657038,254.201558
experiment_664b44d8a11f1bcbba9e0494_20250827050207.csv,664b44d8a11f1bcbba9e0494,,45,84.585,31.920553,664b44d8a11f1bcbba9e0494,45,90.284972,165.038095
experiment_664b44d8a11f1bcbba9e0494_20250827050356.csv,664b44d8a11f1bcbba9e0494,,28,68.891,24.386349,664b44d8a11f1bcbba9e0494,28,87.134982,240.901702
experiment_664b44d8a11f1bcbba9e0494_20250827050608.csv,664b44d8a11f1bcbba9e0494,,52,95.919,32.527445,664b44d8a11f1bcbba9e0494,52,86.051988,172.18652
experiment_664c8dd7baa052f7b1e88417_20250826174453.csv,664c8dd7baa052f7b1e88417,,27,137.648,11.76915,664c8dd7baa052f7b1e88417,27,58.890649,352.598402
experiment_664c8dd7baa052f7b1e88417_20250826174734.csv,664c8dd7baa052f7b1e88417,,18,62.108,17.389064,664c8dd7baa052f7b1e88417,18,57.402471,398.100446
experiment_664c8dd7baa052f7b1e88417_20250826175028.csv,664c8dd7baa052f7b1e88417,,14,84.431,9.948952,664c8dd7baa052f7b1e88417,14,404.485665,303.156618
experiment_664c8dd7baa052f7b1e88417_20250826175139.csv,664c8dd7baa052f7b1e88417,,11,21.543,30.636402,664c8dd7baa052f7b1e88417,11,59.184524,247.921429
experiment_664c8dd7baa052f7b1e88417_20250826175316.csv,664c8dd7baa052f7b1e88417,,21,48.186,26.148674,664c8dd7baa052f7b1e88417,21,57.997994,247.275084
experiment_664c8dd7baa052f7b1e88417_20250826175558.csv,664c8dd7baa052f7b1e88417,,11,51.103,12.915093,664c8dd7baa052f7b1e88417,11,60.566883,348.849372
experiment_664c8dd7baa052f7b1e88417_20250826175738.csv,664c8dd7baa052f7b1e88417,,19,67.933,16.78124,664c8dd7baa052f7b1e88417,19,56.208912,325.816865
experiment_664c8dd7baa052f7b1e88417_20250826175848.csv,664c8dd7baa052f7b1e88417,,16,33.328,28.804609,664c8dd7baa052f7b1e88417,16,54.107761,234.761508
experiment_664e413a5f3eb7f99d90e15b_20250826191757.csv,664e413a5f3eb7f99d90e15b,,61,377.512,9.695056,664e413a5f3eb7f99d90e15b,61,123.148351,420.512094
experiment_664e413a5f3eb7f99d90e15b_20250826192354.csv,664e413a5f3eb7f99d90e15b,,45,252.221,10.704898,664e413a5f3eb7f99d90e15b,45,114.531483,402.601373
experiment_664e413a5f3eb7f99d90e15b_20250826192643.csv,664e413a5f3eb7f99d90e15b,,5,14.177,21.161035,664e413a5f3eb7f99d90e15b,5,108.595238,371.944444
experiment_664e413a5f3eb7f99d90e15b_20250826193141.csv,664e413a5f3eb7f99d90e15b,,54,161.954,20.005681,664e413a5f3eb7f99d90e15b,54,127.787853,342.062453
experiment_664e413a5f3eb7f99d90e15b_20250826193708.csv,664e413a5f3eb7f99d90e15b,,54,196.137,16.519066,664e413a5f3eb7f99d90e15b,54,114.850472,258.877594
experiment_664e413a5f3eb7f99d90e15b_20250826194048.csv,664e413a5f3eb7f99d90e15b,,46,164.509,16.777198,664e413a5f3eb7f99d90e15b,46,116.924447,371.559684
experiment_664e413a5f3eb7f99d90e15b_20250826194611.csv,664e413a5f3eb7f99d90e15b,,66,199.448,19.854799,664e413a5f3eb7f99d90e15b,66,114.072509,296.322951
experiment_664e413a5f3eb7f99d90e15b_20250826194947.csv,664e413a5f3eb7f99d90e15b,,37,170.963,12.985266,664e413a5f3eb7f99d90e15b,37,111.148595,254.244184
experiment_664fa86722f5339adebd32ec_20250827145607.csv,664fa86722f5339adebd32ec,,10,52.42,11.446013,664fa86722f5339adebd32ec,10,106.036667,543.64903
experiment_664fa86722f5339adebd32ec_20250827150103.csv,664fa86722f5339adebd32ec,,34,206.102,9.898012,664fa86722f5339adebd32ec,34,522.436524,446.352042
experiment_664fa86722f5339adebd32ec_20250827150309.csv,664fa86722f5339adebd32ec,,9,32.792,16.467431,664fa86722f5339adebd32ec,9,98.481481,307.834559
experiment_664fa86722f5339adebd32ec_20250827150815.csv,664fa86722f5339adebd32ec,,22,159.172,8.292916,664fa86722f5339adebd32ec,22,103.57197,396.839275
experiment_664fa86722f5339adebd32ec_20250827151110.csv,664fa86722f5339adebd32ec,,13,122.499,6.367399,664fa86722f5339adebd32ec,13,1533.494622,454.683756
experiment_664fa86722f5339adebd32ec_20250827151433.csv,664fa86722f5339adebd32ec,,10,126.298,4.750669,664fa86722f5339adebd32ec,10,110.403349,495.488228
experiment_664fa86722f5339adebd32ec_20250827151627.csv,664fa86722f5339adebd32ec,,11,50.965,12.950064,664fa86722f5339adebd32ec,11,115.993093,352.39085
experiment_664fa86722f5339adebd32ec_20250827151843.csv,664fa86722f5339adebd32ec,,8,52.744,9.100561,664fa86722f5339adebd32ec,8,1047.98497,455.123958
experiment_666f76b68b89442817be678a_20250827043255.csv,666f76b68b89442817be678a,,12,90.959,7.915654,666f76b68b89442817be678a,12,1000.811114,863.446528
experiment_666f76b68b89442817be678a_20250827043510.csv,666f76b68b89442817be678a,,14,74.925,11.211211,666f76b68b89442817be678a,14,103.230504,514.736147
experiment_666f76b68b89442817be678a_20250827043631.csv,666f76b68b89442817be678a,,10,36.734,16.333642,666f76b68b89442817be678a,10,94.069762,505.526786
experiment_666f76b68b89442817be678a_20250827043905.csv,666f76b68b89442817be678a,,23,102.466,13.467882,666f76b68b89442817be678a,23,101.669797,623.181736
experiment_666f76b68b89442817be678a_20250827044000.csv,666f76b68b89442817be678a,,13,29.539,26.405769,666f76b68b89442817be678a,13,98.758242,423.028889
experiment_666f76b68b89442817be678a_20250827044216.csv,666f76b68b89442817be678a,,14,80.06,10.492131,666f76b68b89442817be678a,14,98.543609,759.46917
experiment_666f76b68b89442817be678a_20250827044433.csv,666f76b68b89442817be678a,,9,72.523,7.445914,666f76b68b89442817be678a,9,103.896391,676.565873
experiment_666f76b68b89442817be678a_20250827044818.csv,666f76b68b89442817be678a,,21,157.646,7.992591,666f76b68b89442817be678a,21,164.54063,556.594312
experiment_6672bf56d51710391ce2164d_20250827065429.csv,6672bf56d51710391ce2164d,,68,144.726,28.191203,6672bf56d51710391ce2164d,68,531.355961,105.274432
experiment_6672bf56d51710391ce2164d_20250827065546.csv,6672bf56d51710391ce2164d,,30,42.531,42.322071,6672bf56d51710391ce2164d,30,107.69751,93.119697
experiment_6672bf56d51710391ce2164d_20250827065631.csv,6672bf56d51710391ce2164d,,21,24.989,50.422186,6672bf56d51710391ce2164d,21,102.773356,73.249199
experiment_6672bf56d51710391ce2164d_20250827065820.csv,6672bf56d51710391ce2164d,,47,79.397,35.517715,6672bf56d51710391ce2164d,47,216.446901,133.793645
experiment_6672bf56d51710391ce2164d_20250827065928.csv,6672bf56d51710391ce2164d,,24,37.178,38.732584,6672bf56d51710391ce2164d,24,680.046974,101.840963
experiment_6672bf56d51710391ce2164d_20250827070122.csv,6672bf56d51710391ce2164d,,38,78.678,28.978876,6672bf56d51710391ce2164d,38,107.068149,124.688441
experiment_6672bf56d51710391ce2164d_20250827070316.csv,6672bf56d51710391ce2164d,,55,85.479,38.605973,6672bf56d51710391ce2164d,55,105.708243,126.840021
experiment_6672bf56d51710391ce2164d_20250827070412.csv,6672bf56d51710391ce2164d,,25,32.444,46.23351,6672bf56d51710391ce2164d,25,101.637381,89.066746
experiment_6672fea3fe6378e257b6ef25_20250826232322.csv,6672fea3fe6378e257b6ef25,,39,85.479,27.375145,6672fea3fe6378e257b6ef25,39,129.546827,154.906625
experiment_6672fea3fe6378e257b6ef25_20250826233453.csv,6672fea3fe6378e257b6ef25,,78,417.169,11.218475,6672fea3fe6378e257b6ef25,78,2352.787097,233.39347
experiment_6672fea3fe6378e257b6ef25_20250826234654.csv,6672fea3fe6378e257b6ef25,,50,239.889,12.505784,6672fea3fe6378e257b6ef25,50,1846.353896,627.13904
experiment_6672fea3fe6378e257b6ef25_20250826235530.csv,6672fea3fe6378e257b6ef25,,69,272.812,15.175286,6672fea3fe6378e257b6ef25,69,2852.399884,346.440985
experiment_6672fea3fe6378e257b6ef25_20250827001005.csv,6672fea3fe6378e257b6ef25,,161,628.276,15.375408,6672fea3fe6378e257b6ef25,161,2596.689076,257.70912
experiment_6672fea3fe6378e257b6ef25_20250827001338.csv,6672fea3fe6378e257b6ef25,,58,128.807,27.017165,6672fea3fe6378e257b6ef25,58,1127.905212,202.12568
experiment_6672fea3fe6378e257b6ef25_20250827001601.csv,6672fea3fe6378e257b6ef25,,37,87.632,25.333212,6672fea3fe6378e257b6ef25,37,795.518275,182.702077
experiment_6672fea3fe6378e257b6ef25_20250827001819.csv,6672fea3fe6378e257b6ef25,,53,77.686,40.934016,6672fea3fe6378e257b6ef25,53,218.672825,137.309211
experiment_6679a3b7cb020a6e4728eac5_20250826125226.csv,6679a3b7cb020a6e4728eac5,,33,52.76,37.528431,6679a3b7cb020a6e4728eac5,33,97.872017,121.402956
experiment_6679a3b7cb020a6e4728eac5_20250826125403.csv,6679a3b7cb020a6e4728eac5,,40,47.4,50.632911,6679a3b7cb020a6e4728eac5,40,91.88089,103.229093
experiment_6679a3b7cb020a6e4728eac5_20250826125556.csv,6679a3b7cb020a6e4728eac5,,27,92.621,17.490634,6679a3b7cb020a6e4728eac5,27,339.178692,135.722513
experiment_6679a3b7cb020a6e4728eac5_20250826125824.csv,6679a3b7cb020a6e4728eac5,,48,90.078,31.972291,6679a3b7cb020a6e4728eac5,48,94.187197,116.081589
experiment_6679a3b7cb020a6e4728eac5_20250826125919.csv,6679a3b7cb020a6e4728eac5,,19,31.281,36.443848,6679a3b7cb020a6e4728eac5,19,86.700752,144.594136
experiment_6679a3b7cb020a6e4728eac5_20250826130229.csv,6679a3b7cb020a6e4728eac5,,39,67.279,34.780541,6679a3b7cb020a6e4728eac5,39,88.584792,91.586868
experiment_6679a3b7cb020a6e4728eac5_20250826130356.csv,6679a3b7cb020a6e4728eac5,,37,48.279,45.982725,6679a3b7cb020a6e4728eac5,37,87.998864,110.999918
experiment_6679a3b7cb020a6e4728eac5_20250826130646.csv,6679a3b7cb020a6e4728eac5,,52,136.48,22.860492,6679a3b7cb020a6e4728eac5,52,511.549192,197.449773
experiment_66986ab71f2b54203f26ad32_20250827074414.csv,66986ab71f2b54203f26ad32,,22,92.522,14.266877,66986ab71f2b54203f26ad32,22,149.087139,317.404781
experiment_66986ab71f2b54203f26ad32_20250827075113.csv,66986ab71f2b54203f26ad32,,26,195.168,7.993114,66986ab71f2b54203f26ad32,26,101.89707,365.856483
experiment_66986ab71f2b54203f26ad32_20250827075354.csv,66986ab71f2b54203f26ad32,,19,68.197,16.716278,66986ab71f2b54203f26ad32,19,102.482998,141.995739
experiment_66986ab71f2b54203f26ad32_20250827075811.csv,66986ab71f2b54203f26ad32,,10,26.826,22.366361,66986ab71f2b54203f26ad32,10,102.35,127.265774
experiment_66986ab71f2b54203f26ad32_20250827080128.csv,66986ab71f2b54203f26ad32,,12,135.533,5.312359,66986ab71f2b54203f26ad32,12,811.198743,249.598333
experiment_66986ab71f2b54203f26ad32_20250827080320.csv,66986ab71f2b54203f26ad32,,12,53.346,13.496795,66986ab71f2b54203f26ad32,12,115.730556,590.00404
experiment_66986ab71f2b54203f26ad32_20250827080446.csv,66986ab71f2b54203f26ad32,,10,36.061,16.638474,66986ab71f2b54203f26ad32,10,117.273413,331.000758
experiment_66986ab71f2b54203f26ad32_20250827080610.csv,66986ab71f2b54203f26ad32,,12,31.777,22.657897,66986ab71f2b54203f26ad32,12,107.346032,123.213333
experiment_66b4f89242c0ff3aab8f8774_20250827110519.csv,66b4f89242c0ff3aab8f8774,,27,64.364,25.169349,66b4f89242c0ff3aab8f8774,27,146.478388,88.045071
experiment_66b4f89242c0ff3aab8f8774_20250827110707.csv,66b4f89242c0ff3aab8f8774,,27,33.273,48.688126,66b4f89242c0ff3aab8f8774,27,327.996062,115.42037
experiment_66b4f89242c0ff3aab8f8774_20250827110837.csv,66b4f89242c0ff3aab8f8774,,26,58.33,26.744385,66b4f89242c0ff3aab8f8774,26,96.31026,95.014239
experiment_66b4f89242c0ff3aab8f8774_20250827111006.csv,66b4f89242c0ff3aab8f8774,,31,59.648,31.18294,66b4f89242c0ff3aab8f8774,31,89.910753,88.860145
experiment_66b4f89242c0ff3aab8f8774_20250827111135.csv,66b4f89242c0ff3aab8f8774,,23,56.787,24.301337,66b4f89242c0ff3aab8f8774,23,410.256781,133.426799
experiment_66b4f89242c0ff3aab8f8774_20250827111254.csv,66b4f89242c0ff3aab8f8774,,20,33.976,35.319049,66b4f89242c0ff3aab8f8774,20,95.495417,107.751401
experiment_66b4f89242c0ff3aab8f8774_20250827111417.csv,66b4f89242c0ff3aab8f8774,,21,32.366,38.929741,66b4f89242c0ff3aab8f8774,21,83.283983,169.32493
experiment_66b4f89242c0ff3aab8f8774_20250827111556.csv,66b4f89242c0ff3aab8f8774,,45,68.536,39.395354,66b4f89242c0ff3aab8f8774,45,519.852332,117.699893
experiment_66bb6b7e0ccbed81f3ed30a8_20250827094005.csv,66bb6b7e0ccbed81f3ed30a8,,31,73.352,25.357182,66bb6b7e0ccbed81f3ed30a8,31,70.420845,273.441626
experiment_66bb6b7e0ccbed81f3ed30a8_20250827094203.csv,66bb6b7e0ccbed81f3ed30a8,,28,65.688,25.575448,66bb6b7e0ccbed81f3ed30a8,28,163.337968,277.346872
experiment_66bb6b7e0ccbed81f3ed30a8_20250827094339.csv,66bb6b7e0ccbed81f3ed30a8,,27,61.432,26.370621,66bb6b7e0ccbed81f3ed30a8,27,70.818783,320.373143
experiment_66bb6b7e0ccbed81f3ed30a8_20250827094635.csv,66bb6b7e0ccbed81f3ed30a8,,25,56.656,26.475572,66bb6b7e0ccbed81f3ed30a8,25,69.463286,271.679254
experiment_66bb6b7e0ccbed81f3ed30a8_20250827094749.csv,66bb6b7e0ccbed81f3ed30a8,,21,46.84,26.900085,66bb6b7e0ccbed81f3ed30a8,21,70.445908,300.677485
experiment_66bb6b7e0ccbed81f3ed30a8_20250827095146.csv,66bb6b7e0ccbed81f3ed30a8,,25,48.072,31.203195,66bb6b7e0ccbed81f3ed30a8,25,68.491032,230.434858
experiment_66bb6b7e0ccbed81f3ed30a8_20250827095354.csv,66bb6b7e0ccbed81f3ed30a8,,24,58.343,24.681624,66bb6b7e0ccbed81f3ed30a8,24,88.628828,293.441965
experiment_66bb6b7e0ccbed81f3ed30a8_20250827095543.csv,66bb6b7e0ccbed81f3ed30a8,,27,76.536,21.16651,66bb6b7e0ccbed81f3ed30a8,27,65.298836,381.541865
experiment_6702f60844f21087e0840e3d_20250827133525.csv,6702f60844f21087e0840e3d,,12,57.7,12.478336,6702f60844f21087e0840e3d,12,471.983321,181.304553
experiment_6702f60844f21087e0840e3d_20250827133955.csv,6702f60844f21087e0840e3d,,19,49.87,22.859435,6702f60844f21087e0840e3d,19,104.800375,164.229541
experiment_6702f60844f21087e0840e3d_20250827134445.csv,6702f60844f21087e0840e3d,,13,31.595,24.687451,6702f60844f21087e0840e3d,13,101.634188,166.637812
experiment_6702f60844f21087e0840e3d_20250827134606.csv,6702f60844f21087e0840e3d,,8,31.039,15.464416,6702f60844f21087e0840e3d,8,100.958681,251.580952
experiment_6702f60844f21087e0840e3d_20250827134835.csv,6702f60844f21087e0840e3d,,14,31.092,27.016596,6702f60844f21087e0840e3d,14,96.543847,157.480353
experiment_6702f60844f21087e0840e3d_20250827134920.csv,6702f60844f21087e0840e3d,,18,20.597,52.434821,6702f60844f21087e0840e3d,18,98.153704,122.537179
experiment_6702f60844f21087e0840e3d_20250827135301.csv,6702f60844f21087e0840e3d,,10,16.2,37.037037,6702f60844f21087e0840e3d,10,105.643874,127.322917
experiment_6702f60844f21087e0840e3d_20250827135427.csv,6702f60844f21087e0840e3d,,17,44.876,22.729299,6702f60844f21087e0840e3d,17,140.891317,95.541849
experiment_6725030a6ee43d8130ceefc5_20250826141649.csv,6725030a6ee43d8130ceefc5,,29,63.254,27.508142,6725030a6ee43d8130ceefc5,29,137.365016,169.788187
experiment_6725030a6ee43d8130ceefc5_20250826142056.csv,6725030a6ee43d8130ceefc5,,46,165.042,16.723016,6725030a6ee43d8130ceefc5,46,105.12761,203.938527
experiment_6725030a6ee43d8130ceefc5_20250826142348.csv,6725030a6ee43d8130ceefc5,,37,95.339,23.285329,6725030a6ee43d8130ceefc5,37,89.601546,128.974074
experiment_6725030a6ee43d8130ceefc5_20250826142721.csv,6725030a6ee43d8130ceefc5,,69,141.879,29.179794,6725030a6ee43d8130ceefc5,69,94.872654,146.396728
experiment_6725030a6ee43d8130ceefc5_20250826143040.csv,6725030a6ee43d8130ceefc5,,44,107.38,24.585584,6725030a6ee43d8130ceefc5,44,94.772747,156.430447
experiment_6725030a6ee43d8130ceefc5_20250826143420.csv,6725030a6ee43d8130ceefc5,,39,172.955,13.529531,6725030a6ee43d8130ceefc5,39,340.960857,219.410714
experiment_6725030a6ee43d8130ceefc5_20250826143716.csv,6725030a6ee43d8130ceefc5,,44,111.988,23.573954,6725030a6ee43d8130ceefc5,44,98.095417,279.976908
experiment_6725030a6ee43d8130ceefc5_20250826143929.csv,6725030a6ee43d8130ceefc5,,38,95.002,23.999495,6725030a6ee43d8130ceefc5,38,148.135337,161.633381
experiment_6725c4a8e3ab0787551acf38_20250827051835.csv,6725c4a8e3ab0787551acf38,,16,56.473,16.999274,6725c4a8e3ab0787551acf38,16,109.923512,374.11254
experiment_6725c4a8e3ab0787551acf38_20250827052240.csv,6725c4a8e3ab0787551acf38,,39,173.514,13.485943,6725c4a8e3ab0787551acf38,39,766.137281,391.347619
experiment_6725c4a8e3ab0787551acf38_20250827052811.csv,6725c4a8e3ab0787551acf38,,42,224.268,11.236556,6725c4a8e3ab0787551acf38,42,931.684715,529.275501
experiment_6725c4a8e3ab0787551acf38_20250827052959.csv,6725c4a8e3ab0787551acf38,,13,43.728,17.837541,6725c4a8e3ab0787551acf38,13,123.617125,464.136706
experiment_6725c4a8e3ab0787551acf38_20250827053420.csv,6725c4a8e3ab0787551acf38,,56,190.815,17.608679,6725c4a8e3ab0787551acf38,56,113.577335,491.27732
experiment_6725c4a8e3ab0787551acf38_20250827054055.csv,6725c4a8e3ab0787551acf38,,68,316.514,12.890425,6725c4a8e3ab0787551acf38,68,750.866104,423.192901
experiment_6725c4a8e3ab0787551acf38_20250827055027.csv,6725c4a8e3ab0787551acf38,,85,477.035,10.691039,6725c4a8e3ab0787551acf38,85,827.031978,489.574372
experiment_6725c4a8e3ab0787551acf38_20250827055451.csv,6725c4a8e3ab0787551acf38,,58,202.963,17.145982,6725c4a8e3ab0787551acf38,58,114.901209,494.31183
experiment_67356f7cf6ff16fe3322a837_20250826204640.csv,67356f7cf6ff16fe3322a837,,9,31.239,17.286085,67356f7cf6ff16fe3322a837,9,174.090476,346.877273
experiment_67356f7cf6ff16fe3322a837_20250826205335.csv,67356f7cf6ff16fe3322a837,,13,51.628,15.108081,67356f7cf6ff16fe3322a837,13,154.220249,238.03124
experiment_67356f7cf6ff16fe3322a837_20250826205624.csv,67356f7cf6ff16fe3322a837,,15,40.358,22.300411,67356f7cf6ff16fe3322a837,15,120.604524,241.423099
experiment_67356f7cf6ff16fe3322a837_20250826210047.csv,67356f7cf6ff16fe3322a837,,12,40.703,17.689114,67356f7cf6ff16fe3322a837,12,159.706944,292.327381
experiment_67356f7cf6ff16fe3322a837_20250826210334.csv,67356f7cf6ff16fe3322a837,,17,39.076,26.102979,67356f7cf6ff16fe3322a837,17,140.295327,132.418899
experiment_67356f7cf6ff16fe3322a837_20250826210919.csv,67356f7cf6ff16fe3322a837,,21,89.086,14.143636,67356f7cf6ff16fe3322a837,21,142.02534,327.130256
experiment_67356f7cf6ff16fe3322a837_20250826211026.csv,67356f7cf6ff16fe3322a837,,11,29.068,22.70538,67356f7cf6ff16fe3322a837,11,135.357071,251.600132
experiment_67356f7cf6ff16fe3322a837_20250826211152.csv,67356f7cf6ff16fe3322a837,,11,35.961,18.353216,67356f7cf6ff16fe3322a837,11,116.864251,191.809127
experiment_673d0377254c407e5da57f97_20250827103338.csv,673d0377254c407e5da57f97,,15,28.571,31.500473,673d0377254c407e5da57f97,15,102.305859,236.631293
experiment_673d0377254c407e5da57f97_20250827103431.csv,673d0377254c407e5da57f97,,19,30.027,37.965831,673d0377254c407e5da57f97,19,91.854295,143.731524
experiment_673d0377254c407e5da57f97_20250827103530.csv,673d0377254c407e5da57f97,,11,21.542,30.637824,673d0377254c407e5da57f97,11,92.32886,154.888095
experiment_673d0377254c407e5da57f97_20250827103628.csv,673d0377254c407e5da57f97,,10,22.153,27.084368,673d0377254c407e5da57f97,10,105.193539,141.170238
experiment_673d0377254c407e5da57f97_20250827103656.csv,673d0377254c407e5da57f97,,10,9.405,63.795853,673d0377254c407e5da57f97,10,99.2,80.088095
experiment_673d0377254c407e5da57f97_20250827103742.csv,673d0377254c407e5da57f97,,9,18.348,29.431001,673d0377254c407e5da57f97,9,94.430622,138.218367
experiment_673d0377254c407e5da57f97_20250827103842.csv,673d0377254c407e5da57f97,,8,29.249,16.410817,673d0377254c407e5da57f97,8,94.667147,525.314286
experiment_673d0377254c407e5da57f97_20250827103934.csv,673d0377254c407e5da57f97,,10,29.389,20.415802,673d0377254c407e5da57f97,10,104.917511,140.228042
experiment_673f7365f63a4a3036aae1f2_20250827084022.csv,673f7365f63a4a3036aae1f2,,56,199.101,16.875857,673f7365f63a4a3036aae1f2,56,130.405215,236.038264
experiment_673f7365f63a4a3036aae1f2_20250827084625.csv,673f7365f63a4a3036aae1f2,,42,126.344,19.945545,673f7365f63a4a3036aae1f2,42,126.490278,223.508669
experiment_673f7365f63a4a3036aae1f2_20250827085135.csv,673f7365f63a4a3036aae1f2,,53,169.193,18.795104,673f7365f63a4a3036aae1f2,53,118.232707,192.06871
experiment_673f7365f63a4a3036aae1f2_20250827085743.csv,673f7365f63a4a3036aae1f2,,28,110.195,15.245701,673f7365f63a4a3036aae1f2,28,135.610211,245.323045
experiment_673f7365f63a4a3036aae1f2_20250827090455.csv,673f7365f63a4a3036aae1f2,,35,122.169,17.189303,673f7365f63a4a3036aae1f2,35,135.840643,241.399291
experiment_673f7365f63a4a3036aae1f2_20250827090828.csv,673f7365f63a4a3036aae1f2,,24,59.851,24.059748,673f7365f63a4a3036aae1f2,24,125.247817,180.902748
experiment_673f7365f63a4a3036aae1f2_20250827091439.csv,673f7365f63a4a3036aae1f2,,26,86.174,18.102908,673f7365f63a4a3036aae1f2,26,137.871184,175.418778
experiment_673f7365f63a4a3036aae1f2_20250827091805.csv,673f7365f63a4a3036aae1f2,,32,125.873,15.25347,673f7365f63a4a3036aae1f2,32,134.434899,212.858704
experiment_67430c9cce2366e644146584_20250826130000.csv,67430c9cce2366e644146584,,24,70.824,20.332091,67430c9cce2366e644146584,24,95.577835,228.06413
experiment_67430c9cce2366e644146584_20250826130049.csv,67430c9cce2366e644146584,,8,16.241,29.55483,67430c9cce2366e644146584,8,98.340789,157.982143
experiment_67430c9cce2366e644146584_20250826130140.csv,67430c9cce2366e644146584,,29,29.785,58.418667,67430c9cce2366e644146584,29,120.296401,124.887415
experiment_67430c9cce2366e644146584_20250826130246.csv,67430c9cce2366e644146584,,17,31.583,32.295855,67430c9cce2366e644146584,17,219.814826,148.321429
experiment_67430c9cce2366e644146584_20250826130352.csv,67430c9cce2366e644146584,,19,46.71,24.405909,67430c9cce2366e644146584,19,728.803999,152.1253
experiment_67430c9cce2366e644146584_20250826130445.csv,67430c9cce2366e644146584,,23,28.306,48.752915,67430c9cce2366e644146584,23,155.263251,119.613041
experiment_67430c9cce2366e644146584_20250826130615.csv,67430c9cce2366e644146584,,41,43.802,56.161819,67430c9cce2366e644146584,41,106.909595,134.567481
experiment_67430c9cce2366e644146584_20250826130746.csv,67430c9cce2366e644146584,,16,36.269,26.468885,67430c9cce2366e644146584,16,79.633259,151.468254
experiment_67450bce7a49cb1c784dcc2b_20250827065436.csv,67450bce7a49cb1c784dcc2b,,16,23.447,40.943404,67450bce7a49cb1c784dcc2b,16,104.05,70.374286
experiment_67450bce7a49cb1c784dcc2b_20250827065809.csv,67450bce7a49cb1c784dcc2b,,42,161.993,15.556228,67450bce7a49cb1c784dcc2b,42,1016.210357,149.072801
experiment_67450bce7a49cb1c784dcc2b_20250827070247.csv,67450bce7a49cb1c784dcc2b,,60,80.746,44.584252,67450bce7a49cb1c784dcc2b,60,112.247751,128.239449
experiment_67450bce7a49cb1c784dcc2b_20250827071642.csv,67450bce7a49cb1c784dcc2b,,45,429.797,6.282035,67450bce7a49cb1c784dcc2b,45,3758.082733,211.558108
experiment_67450bce7a49cb1c784dcc2b_20250827071753.csv,67450bce7a49cb1c784dcc2b,,27,47.422,34.16136,67450bce7a49cb1c784dcc2b,27,776.246588,97.527119
experiment_67450bce7a49cb1c784dcc2b_20250827071937.csv,67450bce7a49cb1c784dcc2b,,39,63.893,36.62373,67450bce7a49cb1c784dcc2b,39,217.61239,170.240395
experiment_67450bce7a49cb1c784dcc2b_20250827072032.csv,67450bce7a49cb1c784dcc2b,,25,37.268,40.249007,67450bce7a49cb1c784dcc2b,25,132.673668,159.135802
experiment_67450bce7a49cb1c784dcc2b_20250827072143.csv,67450bce7a49cb1c784dcc2b,,16,23.841,40.266767,67450bce7a49cb1c784dcc2b,16,116.272768,175.222493
experiment_676797a573d3cbf6add72f02_20250827070828.csv,676797a573d3cbf6add72f02,,8,24.735,19.4057,676797a573d3cbf6add72f02,8,133.496474,208.002976
experiment_676797a573d3cbf6add72f02_20250827071011.csv,676797a573d3cbf6add72f02,,18,46.756,23.09864,676797a573d3cbf6add72f02,18,128.174851,169.417044
experiment_676797a573d3cbf6add72f02_20250827071225.csv,676797a573d3cbf6add72f02,,11,42.445,15.549535,676797a573d3cbf6add72f02,11,112.78285,284.894841
experiment_676797a573d3cbf6add72f02_20250827071429.csv,676797a573d3cbf6add72f02,,11,32.045,20.596037,676797a573d3cbf6add72f02,11,120.986797,310.743603
experiment_676797a573d3cbf6add72f02_20250827071601.csv,676797a573d3cbf6add72f02,,16,43.826,21.904805,676797a573d3cbf6add72f02,16,132.941712,161.0
experiment_676797a573d3cbf6add72f02_20250827071725.csv,676797a573d3cbf6add72f02,,19,51.165,22.280856,676797a573d3cbf6add72f02,19,131.292982,185.488636
experiment_676797a573d3cbf6add72f02_20250827072002.csv,676797a573d3cbf6add72f02,,17,88.085,11.579724,676797a573d3cbf6add72f02,17,437.648683,329.498701
experiment_676797a573d3cbf6add72f02_20250827072125.csv,676797a573d3cbf6add72f02,,10,47.558,12.616174,676797a573d3cbf6add72f02,10,127.971392,371.308036
experiment_67709b0a96dcc9c2a7b0a06e_20250826184356.csv,67709b0a96dcc9c2a7b0a06e,,28,66.967,25.086983,67709b0a96dcc9c2a7b0a06e,28,103.333886,196.068581
experiment_67709b0a96dcc9c2a7b0a06e_20250826184357.csv,67709b0a96dcc9c2a7b0a06e,,28,66.967,25.086983,67709b0a96dcc9c2a7b0a06e,28,103.333886,196.068581
experiment_67709b0a96dcc9c2a7b0a06e_20250826184705.csv,67709b0a96dcc9c2a7b0a06e,,38,88.956,25.630649,67709b0a96dcc9c2a7b0a06e,38,95.155085,213.55378
experiment_67709b0a96dcc9c2a7b0a06e_20250826191927.csv,67709b0a96dcc9c2a7b0a06e,,22,144.799,9.116085,67709b0a96dcc9c2a7b0a06e,22,165.993993,295.922852
experiment_67709b0a96dcc9c2a7b0a06e_20250826192205.csv,67709b0a96dcc9c2a7b0a06e,,28,80.355,20.907224,67709b0a96dcc9c2a7b0a06e,28,110.339484,251.923512
experiment_67709b0a96dcc9c2a7b0a06e_20250826192538.csv,67709b0a96dcc9c2a7b0a06e,,21,71.719,17.568566,67709b0a96dcc9c2a7b0a06e,21,103.645106,160.789751
experiment_67709b0a96dcc9c2a7b0a06e_20250826192903.csv,67709b0a96dcc9c2a7b0a06e,,23,133.441,10.341649,67709b0a96dcc9c2a7b0a06e,23,110.492448,410.343505
experiment_67709b0a96dcc9c2a7b0a06e_20250826192905.csv,67709b0a96dcc9c2a7b0a06e,,23,133.441,10.341649,67709b0a96dcc9c2a7b0a06e,23,110.492448,410.343505
experiment_67acbb030811018b016dcaf7_20250827045345.csv,67acbb030811018b016dcaf7,,23,37.627,36.675791,67acbb030811018b016dcaf7,23,127.777402,250.617603
experiment_67acbb030811018b016dcaf7_20250827045441.csv,67acbb030811018b016dcaf7,,21,29.019,43.419828,67acbb030811018b016dcaf7,21,125.918942,121.386765
experiment_67acbb030811018b016dcaf7_20250827045529.csv,67acbb030811018b016dcaf7,,14,19.024,44.154752,67acbb030811018b016dcaf7,14,129.539147,115.414815
experiment_67acbb030811018b016dcaf7_20250827045608.csv,67acbb030811018b016dcaf7,,14,19.361,43.386189,67acbb030811018b016dcaf7,14,122.934045,108.843056
experiment_67acbb030811018b016dcaf7_20250827045711.csv,67acbb030811018b016dcaf7,,28,27.192,61.782877,67acbb030811018b016dcaf7,28,122.002679,81.154348
experiment_67acbb030811018b016dcaf7_20250827045801.csv,67acbb030811018b016dcaf7,,24,31.414,45.839435,67acbb030811018b016dcaf7,24,126.051835,123.68338
experiment_67acbb030811018b016dcaf7_20250827045845.csv,67acbb030811018b016dcaf7,,16,27.883,34.429581,67acbb030811018b016dcaf7,16,134.629509,116.784259
experiment_67acbb030811018b016dcaf7_20250827045936.csv,67acbb030811018b016dcaf7,,14,28.657,29.31221,67acbb030811018b016dcaf7,14,128.850108,174.266288
experiment_67bb91a04f5f96b7ac52242d_20250826203847.csv,67bb91a04f5f96b7ac52242d,,53,157.52,20.187913,67bb91a04f5f96b7ac52242d,53,80.925947,244.066394
experiment_67bb91a04f5f96b7ac52242d_20250826204356.csv,67bb91a04f5f96b7ac52242d,,83,249.679,19.94561,67bb91a04f5f96b7ac52242d,83,77.105555,263.378164
experiment_67bb91a04f5f96b7ac52242d_20250826204756.csv,67bb91a04f5f96b7ac52242d,,68,164.437,24.811934,67bb91a04f5f96b7ac52242d,68,75.537057,204.152755
experiment_67bb91a04f5f96b7ac52242d_20250826205112.csv,67bb91a04f5f96b7ac52242d,,50,135.042,22.215311,67bb91a04f5f96b7ac52242d,50,71.897032,222.82041
experiment_67bb91a04f5f96b7ac52242d_20250826205405.csv,67bb91a04f5f96b7ac52242d,,53,143.737,22.12374,67bb91a04f5f96b7ac52242d,53,77.877174,207.311651
experiment_67bb91a04f5f96b7ac52242d_20250826205740.csv,67bb91a04f5f96b7ac52242d,,40,110.107,21.796979,67bb91a04f5f96b7ac52242d,40,78.257123,184.018428
experiment_67bb91a04f5f96b7ac52242d_20250826210002.csv,67bb91a04f5f96b7ac52242d,,41,97.829,25.145918,67bb91a04f5f96b7ac52242d,41,78.415205,249.995457
experiment_67bb91a04f5f96b7ac52242d_20250826210430.csv,67bb91a04f5f96b7ac52242d,,36,106.962,20.194088,67bb91a04f5f96b7ac52242d,36,85.5889,245.124358
experiment_67d01f812bf82a710cd2193f_20250826194028.csv,67d01f812bf82a710cd2193f,,34,143.728,14.193477,67d01f812bf82a710cd2193f,34,91.767834,494.461594
experiment_67d01f812bf82a710cd2193f_20250826194359.csv,67d01f812bf82a710cd2193f,,25,105.558,14.210197,67d01f812bf82a710cd2193f,25,97.240554,457.823148
experiment_67d01f812bf82a710cd2193f_20250826194644.csv,67d01f812bf82a710cd2193f,,27,87.292,18.558402,67d01f812bf82a710cd2193f,27,79.018254,388.733189
experiment_67d01f812bf82a710cd2193f_20250826194928.csv,67d01f812bf82a710cd2193f,,25,89.896,16.685948,67d01f812bf82a710cd2193f,25,84.420476,407.441889
experiment_67d01f812bf82a710cd2193f_20250826195238.csv,67d01f812bf82a710cd2193f,,19,54.694,20.843237,67d01f812bf82a710cd2193f,19,93.409085,367.636012
experiment_67d01f812bf82a710cd2193f_20250826195514.csv,67d01f812bf82a710cd2193f,,26,70.989,21.975236,67d01f812bf82a710cd2193f,26,74.946175,356.82619
experiment_67d01f812bf82a710cd2193f_20250826195742.csv,67d01f812bf82a710cd2193f,,20,85.618,14.015744,67d01f812bf82a710cd2193f,20,84.712302,409.504304
experiment_67d01f812bf82a710cd2193f_20250826200038.csv,67d01f812bf82a710cd2193f,,25,114.444,13.106847,67d01f812bf82a710cd2193f,25,79.368641,429.995708
experiment_67d80b3db0cac8b1bd982fb2_20250827121337.csv,67d80b3db0cac8b1bd982fb2,,29,129.627,13.423129,67d80b3db0cac8b1bd982fb2,29,89.955644,452.700115
experiment_67d80b3db0cac8b1bd982fb2_20250827121340.csv,67d80b3db0cac8b1bd982fb2,,29,129.627,13.423129,67d80b3db0cac8b1bd982fb2,29,89.955644,452.700115
experiment_67d80b3db0cac8b1bd982fb2_20250827121343.csv,67d80b3db0cac8b1bd982fb2,,29,129.627,13.423129,67d80b3db0cac8b1bd982fb2,29,89.955644,452.700115
experiment_67d80b3db0cac8b1bd982fb2_20250827121352.csv,67d80b3db0cac8b1bd982fb2,,29,129.627,13.423129,67d80b3db0cac8b1bd982fb2,29,89.955644,452.700115
experiment_67d80b3db0cac8b1bd982fb2_20250827121418.csv,67d80b3db0cac8b1bd982fb2,,29,129.627,13.423129,67d80b3db0cac8b1bd982fb2,29,89.955644,452.700115
experiment_67d80b3db0cac8b1bd982fb2_20250827121517.csv,67d80b3db0cac8b1bd982fb2,,29,129.627,13.423129,67d80b3db0cac8b1bd982fb2,29,89.955644,452.700115
experiment_67d80b3db0cac8b1bd982fb2_20250827121617.csv,67d80b3db0cac8b1bd982fb2,,25,17.848,84.04303,67d80b3db0cac8b1bd982fb2,25,9.821444,116.895221
experiment_67d80b3db0cac8b1bd982fb2_20250827121739.csv,67d80b3db0cac8b1bd982fb2,,18,15.014,71.932863,67d80b3db0cac8b1bd982fb2,18,11.299934,123.247695
