filename,PARTICIPANT_ID,mean_dwell_bigram,mean_flight_bigram,mean_dwell_trigram,mean_flight_trigram
experiment_5962a9280b835400010a7617_20250819171658.csv,5962a9280b835400010a7617,93.31757105943153,371.4377260981912,85.01740196078431,328.9066176470588
experiment_5962a9280b835400010a7617_20250819171842.csv,5962a9280b835400010a7617,85.54337068160599,194.58228291316527,81.92270531400965,177.88285024154592
experiment_5962a9280b835400010a7617_20250819172140.csv,5962a9280b835400010a7617,-34897066641.56028,34897066909.29844,-35733301631.78268,35733301897.0581
experiment_5962a9280b835400010a7617_20250819172308.csv,5962a9280b835400010a7617,-107866737998.7952,107866738310.12105,-89572660456.89354,89572660743.80783
experiment_5962a9280b835400010a7617_20250819172535.csv,5962a9280b835400010a7617,-83534488353.97264,83534488860.86357,-88311079609.90416,88311080201.65523
experiment_5962a9280b835400010a7617_20250819172701.csv,5962a9280b835400010a7617,102.89191086691086,218.98471459096456,94.87967741935483,202.2991397849462
experiment_5962a9280b835400010a7617_20250819172849.csv,5962a9280b835400010a7617,93.04758365324403,216.4089775790247,88.23035714285713,185.61020089285716
experiment_5962a9280b835400010a7617_20250819173056.csv,5962a9280b835400010a7617,81.9834864391951,317.5239501312336,80.92621527777777,314.0381944444444
experiment_5accb373436f5500010037ee_20250826220942.csv,5accb373436f5500010037ee,72.42518939393939,552.7452651515151,71.62463768115943,663.6202898550725
experiment_5accb373436f5500010037ee_20250826221152.csv,5accb373436f5500010037ee,-53311026509.288124,53311026926.352486,-55397025122.98552,55397025567.53698
experiment_5accb373436f5500010037ee_20250826221422.csv,5accb373436f5500010037ee,68.5625,522.3142361111111,67.44570707070707,485.38257575757575
experiment_5accb373436f5500010037ee_20250826221929.csv,5accb373436f5500010037ee,76.24319122235791,469.6740622032289,73.98760393046108,392.0217309145881
experiment_5accb373436f5500010037ee_20250826222104.csv,5accb373436f5500010037ee,-37933334244.47785,37933334619.316284,-42325344536.00678,42325344898.41434
experiment_5accb373436f5500010037ee_20250826222601.csv,5accb373436f5500010037ee,68.40553695436508,803.2567708333333,67.45321782178218,624.2744224422441
experiment_5accb373436f5500010037ee_20250826223512.csv,5accb373436f5500010037ee,-59362958392.95912,59362960896.18425,-59402489230.30539,59402491256.608826
experiment_5accb373436f5500010037ee_20250826223839.csv,5accb373436f5500010037ee,68.2921686746988,407.6355421686747,67.74454828660436,389.8395638629283
experiment_5adae3ebdec767000128c131_20250819161542.csv,5adae3ebdec767000128c131,137.8318181818182,518.7659090909092,132.80088495575222,613.6474926253687
experiment_5adae3ebdec767000128c131_20250819161703.csv,5adae3ebdec767000128c131,-92985416660.61592,92985417084.94716,-108934585456.8557,108934585846.31241
experiment_5adae3ebdec767000128c131_20250819161830.csv,5adae3ebdec767000128c131,145.14607843137256,251.78333333333336,140.7636815920398,232.51492537313433
experiment_5adae3ebdec767000128c131_20250819161945.csv,5adae3ebdec767000128c131,-45719279387.55555,45719279957.0717,-53525010040.47358,53525010561.493904
experiment_5adae3ebdec767000128c131_20250819162111.csv,5adae3ebdec767000128c131,134.38541666666666,316.3094907407407,131.68421052631578,302.2708771929825
experiment_5adae3ebdec767000128c131_20250819162323.csv,5adae3ebdec767000128c131,-88231185009.52701,88231185831.91206,-81756837652.3701,81756838419.26144
experiment_5adae3ebdec767000128c131_20250819162433.csv,5adae3ebdec767000128c131,129.9737750172533,308.5089717046239,128.5970588235294,346.1411764705882
experiment_5adae3ebdec767000128c131_20250819162658.csv,5adae3ebdec767000128c131,125.243265993266,612.0923247627793,124.79484425349088,605.7388113139993
experiment_5bf368846edd7200017136c7_20250819173015.csv,5bf368846edd7200017136c7,131.75992063492063,32.17559523809524,134.9532710280374,21.19626168224299
experiment_5bf368846edd7200017136c7_20250819173115.csv,5bf368846edd7200017136c7,139.84053497942386,26.613168724279834,141.39805825242718,37.22977346278317
experiment_5bf368846edd7200017136c7_20250819173224.csv,5bf368846edd7200017136c7,133.765625,113.48958333333333,131.97060367454068,133.51417322834646
experiment_5bf368846edd7200017136c7_20250819173345.csv,5bf368846edd7200017136c7,135.0120481927711,164.98995983935745,135.88511326860842,184.95792880258898
experiment_5bf368846edd7200017136c7_20250819173434.csv,5bf368846edd7200017136c7,140.78623188405797,47.65942028985507,139.47368421052633,50.901315789473685
experiment_5bf368846edd7200017136c7_20250819173531.csv,5bf368846edd7200017136c7,146.96560846560845,135.62433862433863,146.44444444444443,127.71014492753623
experiment_5bf368846edd7200017136c7_20250819173657.csv,5bf368846edd7200017136c7,135.7076923076923,116.60714285714286,137.03225806451613,54.74865591397849
experiment_5bf368846edd7200017136c7_20250819173744.csv,5bf368846edd7200017136c7,132.5679012345679,-5.253086419753088,135.515625,-10.984375
experiment_5c4f5967aac8be0001716a65_20250827072337.csv,5c4f5967aac8be0001716a65,116.79971922017377,133.97271667726213,114.72281746031747,144.70555555555555
experiment_5c4f5967aac8be0001716a65_20250827072604.csv,5c4f5967aac8be0001716a65,-74078968009.26816,74078968417.14479,-75855567173.27948,75855567566.9004
experiment_5c4f5967aac8be0001716a65_20250827072740.csv,5c4f5967aac8be0001716a65,131.85185185185188,199.59074074074073,131.3377581120944,192.60914454277284
experiment_5c4f5967aac8be0001716a65_20250827072858.csv,5c4f5967aac8be0001716a65,-27971636292.31764,27971636723.645,-39426687402.220955,39426687767.23689
experiment_5c4f5967aac8be0001716a65_20250827073017.csv,5c4f5967aac8be0001716a65,-40747021175.837326,40747021454.38363,-36137443779.98518,36137444045.652885
experiment_5c4f5967aac8be0001716a65_20250827073135.csv,5c4f5967aac8be0001716a65,-48524665893.725586,48524666055.30793,-47450991964.53681,47450992132.30649
experiment_5c4f5967aac8be0001716a65_20250827073247.csv,5c4f5967aac8be0001716a65,123.40318270165207,180.6162779397473,122.70187074829931,154.41173469387755
experiment_5c4f5967aac8be0001716a65_20250827073348.csv,5c4f5967aac8be0001716a65,-39458904718.96691,39458904955.80964,-47881133547.52781,47881133795.89586
experiment_5caa534a19731a00190bb935_20250826134753.csv,5caa534a19731a00190bb935,83.60969387755102,497.7219387755102,83.24933333333333,443.58666666666664
experiment_5caa534a19731a00190bb935_20250826134934.csv,5caa534a19731a00190bb935,88.1380701754386,348.5166666666667,86.15512820512821,354.3012820512821
experiment_5caa534a19731a00190bb935_20250826135056.csv,5caa534a19731a00190bb935,84.08911027568922,290.01318295739344,82.84971509971511,270.6908831908832
experiment_5caa534a19731a00190bb935_20250826135247.csv,5caa534a19731a00190bb935,78.33844444444445,477.86837037037037,77.7046204620462,516.0907590759076
experiment_5caa534a19731a00190bb935_20250826135512.csv,5caa534a19731a00190bb935,82.28068086883876,227.64639376218324,81.02235772357723,272.6377032520325
experiment_5caa534a19731a00190bb935_20250826135711.csv,5caa534a19731a00190bb935,82.41168224299065,301.7908099688473,81.42365591397851,307.6709677419355
experiment_5caa534a19731a00190bb935_20250826135920.csv,5caa534a19731a00190bb935,81.70313492063492,356.30595238095236,80.27356711915536,317.6274509803921
experiment_5caa534a19731a00190bb935_20250826140059.csv,5caa534a19731a00190bb935,78.15033333333332,406.449,76.77994791666666,354.2981770833333
experiment_5cab22cd68194f001511b2d6_20250826123221.csv,5cab22cd68194f001511b2d6,106.54068106312292,820.3324916943521,105.50274390243902,675.5830284552845
experiment_5cab22cd68194f001511b2d6_20250826123421.csv,5cab22cd68194f001511b2d6,-51888070028.26755,51888070343.91761,-65185387250.24247,65185387613.22473
experiment_5cab22cd68194f001511b2d6_20250826123618.csv,5cab22cd68194f001511b2d6,117.33249194414608,357.33687790905833,115.05373303167421,294.96764705882356
experiment_5cab22cd68194f001511b2d6_20250826123817.csv,5cab22cd68194f001511b2d6,-33660726750.278072,33660727056.809967,-27162742938.18133,27162743221.232536
experiment_5cab22cd68194f001511b2d6_20250826124016.csv,5cab22cd68194f001511b2d6,103.05481344052772,136.00324159967016,103.02878787878788,120.64704184704185
experiment_5cab22cd68194f001511b2d6_20250826124150.csv,5cab22cd68194f001511b2d6,-51698016622.183395,51698016842.57116,-56719766670.728424,56719766893.1204
experiment_5cab22cd68194f001511b2d6_20250826124351.csv,5cab22cd68194f001511b2d6,-30984900934.370567,30984901239.61379,-34873721506.63109,34873721806.052895
experiment_5cab22cd68194f001511b2d6_20250826124438.csv,5cab22cd68194f001511b2d6,118.83647798742139,121.99685534591194,118.13756613756613,117.41269841269842
experiment_5ced66139b5b490001b688ed_20250819173629.csv,5ced66139b5b490001b688ed,-102032361440.15787,102032362024.4064,-159582302813.0847,159582303370.54495
experiment_5ced66139b5b490001b688ed_20250819173808.csv,5ced66139b5b490001b688ed,98.99952991452992,146.3353846153846,100.8224561403509,130.65035087719298
experiment_5ced66139b5b490001b688ed_20250819173856.csv,5ced66139b5b490001b688ed,101.82916666666667,83.76951754385965,104.27894736842106,79.73157894736842
experiment_5ced66139b5b490001b688ed_20250819173958.csv,5ced66139b5b490001b688ed,100.86805555555554,113.87413194444444,102.58527131782945,118.51550387596899
experiment_5ced66139b5b490001b688ed_20250819174044.csv,5ced66139b5b490001b688ed,102.46614583333333,116.41927083333334,104.48837209302326,107.22093023255815
experiment_5ced66139b5b490001b688ed_20250819174211.csv,5ced66139b5b490001b688ed,108.47882653061224,136.2744897959184,107.20820895522388,114.96069651741294
experiment_5ced66139b5b490001b688ed_20250819174300.csv,5ced66139b5b490001b688ed,-34913004080.24053,34913004359.13779,-47652688055.87357,47652688290.21785
experiment_5ced66139b5b490001b688ed_20250819174412.csv,5ced66139b5b490001b688ed,101.26232492997201,105.02507002801123,102.68957115009745,128.12426900584796
experiment_5d3b0da8a884020001881773_20250827085711.csv,5d3b0da8a884020001881773,75.22586600195295,559.8468326091514,72.4875111111111,409.0447111111111
experiment_5d3b0da8a884020001881773_20250827085854.csv,5d3b0da8a884020001881773,72.6074494949495,124.96502525252527,72.33116883116882,127.8852813852814
experiment_5d3b0da8a884020001881773_20250827085949.csv,5d3b0da8a884020001881773,73.92087378640777,127.5930420711974,73.17777777777778,120.60740740740741
experiment_5d3b0da8a884020001881773_20250827090043.csv,5d3b0da8a884020001881773,69.91703296703297,110.62655677655677,69.72689075630252,114.86274509803923
experiment_5d3b0da8a884020001881773_20250827090418.csv,5d3b0da8a884020001881773,81.27608695652172,148.32940821256037,77.80280528052805,166.19554455445544
experiment_5d3b0da8a884020001881773_20250827090613.csv,5d3b0da8a884020001881773,71.66199376947041,122.49065420560747,71.94444444444444,125.39120370370372
experiment_5d3b0da8a884020001881773_20250827090909.csv,5d3b0da8a884020001881773,70.65,119.99383753501401,69.51345755693582,118.19461697722569
experiment_5d3b0da8a884020001881773_20250827091048.csv,5d3b0da8a884020001881773,73.21056910569105,117.85826558265583,72.73546511627907,125.2703488372093
experiment_5d40a12f4994c40001e4b80c_20250826171318.csv,5d40a12f4994c40001e4b80c,83.62972265829409,474.79246467817893,85.20967741935483,569.8965053763442
experiment_5d40a12f4994c40001e4b80c_20250826171605.csv,5d40a12f4994c40001e4b80c,79.1325136612022,257.8838797814208,79.86805555555556,265.30555555555554
experiment_5d40a12f4994c40001e4b80c_20250826171829.csv,5d40a12f4994c40001e4b80c,87.76086956521739,212.67391304347825,87.0,227.77
experiment_5d40a12f4994c40001e4b80c_20250826172035.csv,5d40a12f4994c40001e4b80c,83.94573643410854,260.0426356589147,83.94897959183673,248.3469387755102
experiment_5d40a12f4994c40001e4b80c_20250826172259.csv,5d40a12f4994c40001e4b80c,83.73770491803279,254.7295081967213,83.38805970149254,256.8059701492537
experiment_5d40a12f4994c40001e4b80c_20250826172528.csv,5d40a12f4994c40001e4b80c,80.75462962962962,475.73055555555555,80.02173913043478,414.99782608695654
experiment_5d40a12f4994c40001e4b80c_20250826172723.csv,5d40a12f4994c40001e4b80c,80.10265700483093,251.19323671497588,79.11764705882354,253.25294117647059
experiment_5d40a12f4994c40001e4b80c_20250826172853.csv,5d40a12f4994c40001e4b80c,82.97115384615384,240.2820512820513,87.12698412698413,244.06349206349208
experiment_5dafea4de40355001651fa2f_20250827072907.csv,5dafea4de40355001651fa2f,88.9971153846154,435.9512820512821,89.24338624338624,438.3333333333333
experiment_5dafea4de40355001651fa2f_20250827073139.csv,5dafea4de40355001651fa2f,90.4367816091954,471.09195402298843,90.9776119402985,463.14179104477614
experiment_5dafea4de40355001651fa2f_20250827073404.csv,5dafea4de40355001651fa2f,87.59848484848484,436.4191919191919,87.8201754385965,446.00657894736844
experiment_5dafea4de40355001651fa2f_20250827073623.csv,5dafea4de40355001651fa2f,89.12711864406779,367.40960451977395,89.45588235294117,391.61764705882354
experiment_5dafea4de40355001651fa2f_20250827073851.csv,5dafea4de40355001651fa2f,85.53252032520325,414.72706155632983,85.7122641509434,408.6933962264151
experiment_5dafea4de40355001651fa2f_20250827074133.csv,5dafea4de40355001651fa2f,85.70304761904762,417.9093968253968,85.75694444444444,417.7239583333333
experiment_5dafea4de40355001651fa2f_20250827074355.csv,5dafea4de40355001651fa2f,86.7791452991453,382.60709401709397,87.6873188405797,377.5003623188406
experiment_5dafea4de40355001651fa2f_20250827074621.csv,5dafea4de40355001651fa2f,87.20461847389558,433.6158634538153,88.16216216216216,434.8198198198198
experiment_5ea4cebb8944a8495280db42_20250827131019.csv,5ea4cebb8944a8495280db42,85.0403695806681,119.8254619758351,84.61052631578947,131.43684210526317
experiment_5ea4cebb8944a8495280db42_20250827131239.csv,5ea4cebb8944a8495280db42,85.73188608776843,160.28731325863677,85.76398467432949,144.3327203065134
experiment_5ea4cebb8944a8495280db42_20250827131357.csv,5ea4cebb8944a8495280db42,85.75880503144656,113.68915094339621,86.46441355065517,105.45741450942793
experiment_5ea4cebb8944a8495280db42_20250827131506.csv,5ea4cebb8944a8495280db42,92.34091368506165,106.45320396199718,92.9090909090909,119.56713688610242
experiment_5ea4cebb8944a8495280db42_20250827131629.csv,5ea4cebb8944a8495280db42,84.85612629825593,96.85286841073878,84.82613510520487,87.35523255813953
experiment_5ea4cebb8944a8495280db42_20250827131754.csv,5ea4cebb8944a8495280db42,-24759877314.28224,24759877522.557434,-22773607715.11357,22773607912.427837
experiment_5ea4cebb8944a8495280db42_20250827131916.csv,5ea4cebb8944a8495280db42,88.5165651015651,144.59243256743258,87.48092783505156,130.3384879725086
experiment_5ea4cebb8944a8495280db42_20250827132017.csv,5ea4cebb8944a8495280db42,86.45608272506082,77.76167883211677,87.17976190476189,65.2915331553182
experiment_5f29eff59714081a3594a331_20250827002427.csv,5f29eff59714081a3594a331,157.9214496151996,223.38977873977873,155.33207547169812,197.3933962264151
experiment_5f29eff59714081a3594a331_20250827002600.csv,5f29eff59714081a3594a331,154.40601851851852,449.7162037037037,152.94688644688645,517.9871794871794
experiment_5f29eff59714081a3594a331_20250827002741.csv,5f29eff59714081a3594a331,158.79807692307693,379.0076923076923,154.70652173913044,333.58152173913044
experiment_5f29eff59714081a3594a331_20250827003030.csv,5f29eff59714081a3594a331,-19844684283.23848,19844684725.46449,-21287934050.72626,21287934493.3
experiment_5f29eff59714081a3594a331_20250827003250.csv,5f29eff59714081a3594a331,163.3852657004831,289.0613526570048,165.6433691756272,236.17652329749106
experiment_5f29eff59714081a3594a331_20250827003720.csv,5f29eff59714081a3594a331,-17423163622.37824,17423164807.265545,-26609922708.535984,26609923816.960228
experiment_5f29eff59714081a3594a331_20250827003856.csv,5f29eff59714081a3594a331,150.19835518748565,172.15700483091786,151.8017040149393,183.98646125116713
experiment_5f29eff59714081a3594a331_20250827004004.csv,5f29eff59714081a3594a331,-34691460421.89074,34691460796.842186,-44182520391.27358,44182520758.646225
experiment_5f600669b846780f0fe45709_20250826213524.csv,5f600669b846780f0fe45709,-99311413323.73907,99311414826.93652,-149574842912.72968,149574844694.91293
experiment_5f600669b846780f0fe45709_20250826214105.csv,5f600669b846780f0fe45709,-29389484601.048138,29389485084.305813,-32043278180.97632,32043278622.8323
experiment_5f600669b846780f0fe45709_20250826214342.csv,5f600669b846780f0fe45709,84.48352713178294,679.9767441860464,82.2948717948718,602.5897435897435
experiment_5f600669b846780f0fe45709_20250826214807.csv,5f600669b846780f0fe45709,-51882273821.02512,51882274566.90258,-80643893242.44606,80643894034.0563
experiment_5f600669b846780f0fe45709_20250826215049.csv,5f600669b846780f0fe45709,-65621129648.715675,65621130089.169266,-70525201717.60649,70525202170.21378
experiment_5f600669b846780f0fe45709_20250826215513.csv,5f600669b846780f0fe45709,-112513792111.20984,112513792596.69481,-111901110099.63942,111901110570.53555
experiment_5f600669b846780f0fe45709_20250826215949.csv,5f600669b846780f0fe45709,74.82629300524037,453.25510366826154,74.18470790378007,503.4682130584193
experiment_5f600669b846780f0fe45709_20250826220343.csv,5f600669b846780f0fe45709,-100768197101.23277,100768197732.02145,-124232700860.61415,124232701386.43768
experiment_5faeb56b25a37f01d47d326c_20250827155350.csv,5faeb56b25a37f01d47d326c,95.50251916757941,272.3782037239868,98.17305128205128,253.88279487179486
experiment_5faeb56b25a37f01d47d326c_20250827155623.csv,5faeb56b25a37f01d47d326c,-48569564191.79215,48569564657.1071,-64264468913.78533,64264469334.68482
experiment_5faeb56b25a37f01d47d326c_20250827155839.csv,5faeb56b25a37f01d47d326c,84.79287878787879,220.30287878787877,85.34560327198363,196.78425357873212
experiment_5faeb56b25a37f01d47d326c_20250827160020.csv,5faeb56b25a37f01d47d326c,-60936974444.6183,60936974837.808365,-70740279262.10019,70740279610.69841
experiment_5faeb56b25a37f01d47d326c_20250827160239.csv,5faeb56b25a37f01d47d326c,-29820260047.680374,29820260464.056202,-27877944135.272312,27877944505.667664
experiment_5faeb56b25a37f01d47d326c_20250827160447.csv,5faeb56b25a37f01d47d326c,-25056853901.2317,25056854337.847046,-24929317735.79779,24929318094.46938
experiment_5faeb56b25a37f01d47d326c_20250827160635.csv,5faeb56b25a37f01d47d326c,-46218704037.01434,46218704336.27987,-29517827630.520447,29517827928.348595
experiment_5faeb56b25a37f01d47d326c_20250827160757.csv,5faeb56b25a37f01d47d326c,-31308588917.683136,31308589359.336292,-34190603946.812424,34190604356.21734
experiment_5fb551ccab996500099ab1aa_20250819155215.csv,5fb551ccab996500099ab1aa,-92036768247.64694,92036768533.34628,-113444461226.50029,113444461499.54524
experiment_5fb551ccab996500099ab1aa_20250819155325.csv,5fb551ccab996500099ab1aa,-90440967346.46439,90440967575.48863,-113790105994.12346,113790106226.66513
experiment_5fb551ccab996500099ab1aa_20250819155614.csv,5fb551ccab996500099ab1aa,-141069423171.78506,141069423462.90454,-170118111204.43396,170118111493.26596
experiment_5fb551ccab996500099ab1aa_20250819155807.csv,5fb551ccab996500099ab1aa,-31680343291.408768,31680343507.36346,-41067111698.03693,41067111910.43402
experiment_5fb551ccab996500099ab1aa_20250819160110.csv,5fb551ccab996500099ab1aa,-44197179479.733986,44197179862.919586,-51618626531.30704,51618626949.31791
experiment_5fb551ccab996500099ab1aa_20250819160238.csv,5fb551ccab996500099ab1aa,-124641372270.22078,124641372497.50218,-132865748421.67517,132865748662.4022
experiment_5fb551ccab996500099ab1aa_20250819160510.csv,5fb551ccab996500099ab1aa,-30464743261.920452,30464743505.26606,-36880199221.23801,36880199479.66552
experiment_5fb551ccab996500099ab1aa_20250819160706.csv,5fb551ccab996500099ab1aa,77.3142619047619,233.8895238095238,77.71194029850746,226.43308457711439
experiment_5fbfe145e52a44000a9c2966_20250827123944.csv,5fbfe145e52a44000a9c2966,71.87728937728939,437.52822177822173,72.22491694352159,497.76533776301216
experiment_5fbfe145e52a44000a9c2966_20250827124623.csv,5fbfe145e52a44000a9c2966,-65316892417.895004,65316892833.27873,-68427220270.13978,68427220705.136696
experiment_5fbfe145e52a44000a9c2966_20250827125522.csv,5fbfe145e52a44000a9c2966,73.12531806615777,408.18758633224286,73.20631067961165,390.72265372168283
experiment_5fbfe145e52a44000a9c2966_20250827125841.csv,5fbfe145e52a44000a9c2966,71.63,373.61176470588236,71.33333333333333,374.40690690690695
experiment_5fbfe145e52a44000a9c2966_20250827130713.csv,5fbfe145e52a44000a9c2966,-17045748250.267187,17045748571.7225,-17090606320.479202,17090606650.953213
experiment_5fbfe145e52a44000a9c2966_20250827131113.csv,5fbfe145e52a44000a9c2966,72.314375,271.2370833333333,71.995,308.975
experiment_5fbfe145e52a44000a9c2966_20250827131610.csv,5fbfe145e52a44000a9c2966,72.85828571428571,421.51214285714286,72.19546218487395,381.38292717086836
experiment_5fbfe145e52a44000a9c2966_20250827131905.csv,5fbfe145e52a44000a9c2966,70.98765432098766,308.2078189300411,70.92574257425743,313.72607260726073
experiment_5fff2877a99bcb65a14a223c_20250827105501.csv,5fff2877a99bcb65a14a223c,76.95,383.35,77.05263157894737,298.3157894736842
experiment_5fff2877a99bcb65a14a223c_20250827105621.csv,5fff2877a99bcb65a14a223c,78.70283687943262,293.2624113475177,79.01436781609195,302.07471264367814
experiment_5fff2877a99bcb65a14a223c_20250827105709.csv,5fff2877a99bcb65a14a223c,79.75625,357.80625,80.57777777777778,354.3
experiment_5fff2877a99bcb65a14a223c_20250827105737.csv,5fff2877a99bcb65a14a223c,82.32,466.26,81.96,468.76
experiment_5fff2877a99bcb65a14a223c_20250827105815.csv,5fff2877a99bcb65a14a223c,81.85172413793103,494.7758620689655,80.96774193548387,482.80645161290323
experiment_5fff2877a99bcb65a14a223c_20250827105905.csv,5fff2877a99bcb65a14a223c,77.45495495495494,293.8783783783784,77.475,283.175
experiment_5fff2877a99bcb65a14a223c_20250827105927.csv,5fff2877a99bcb65a14a223c,77.6086956521739,364.0217391304348,77.70833333333333,250.29166666666666
experiment_5fff2877a99bcb65a14a223c_20250827110019.csv,5fff2877a99bcb65a14a223c,-136791837129.8502,136791837666.80092,-205439877435.609,205439877965.61798
experiment_606598de386cd206c99a4648_20250827100151.csv,606598de386cd206c99a4648,-49536350286.44601,49536350805.97311,-45234085949.687164,45234086432.09375
experiment_606598de386cd206c99a4648_20250827100414.csv,606598de386cd206c99a4648,97.63160501253134,420.3396,95.54963570127504,352.12613843351545
experiment_606598de386cd206c99a4648_20250827100613.csv,606598de386cd206c99a4648,102.00874396135268,298.7063285024155,104.11417624521071,267.10919540229884
experiment_606598de386cd206c99a4648_20250827100834.csv,606598de386cd206c99a4648,96.25295249940773,402.6375118455342,100.30710659898477,367.651861252115
experiment_606598de386cd206c99a4648_20250827101057.csv,606598de386cd206c99a4648,85.90267094017095,287.5060256410257,90.1875,252.77583333333337
experiment_606598de386cd206c99a4648_20250827101337.csv,606598de386cd206c99a4648,-16668082953.6299,16668083384.436615,-18287356497.364136,18287356906.117523
experiment_606598de386cd206c99a4648_20250827101611.csv,606598de386cd206c99a4648,-72666997217.28123,72666997665.79437,-75934421346.83571,75934421759.4381
experiment_606598de386cd206c99a4648_20250827101816.csv,606598de386cd206c99a4648,105.67287094547964,364.7701656314699,107.07429718875501,328.1997991967871
experiment_6081728972120aa7f9685791_20250819162308.csv,6081728972120aa7f9685791,-46021117971.83856,46021118638.98215,-44185077803.05118,44185078435.496086
experiment_6081728972120aa7f9685791_20250819162608.csv,6081728972120aa7f9685791,-19506896127.397408,19506896543.87167,-14273338599.388887,14273339010.218157
experiment_6081728972120aa7f9685791_20250819162905.csv,6081728972120aa7f9685791,-90516888421.874,90516888985.20972,-93930020937.03123,93930021554.3228
experiment_6081728972120aa7f9685791_20250819163340.csv,6081728972120aa7f9685791,-54340653335.71056,54340653675.397156,-51597495247.083694,51597495614.66518
experiment_6081728972120aa7f9685791_20250819163538.csv,6081728972120aa7f9685791,-17733547882.977695,17733548339.172558,-13933501883.729364,13933502326.469841
experiment_6081728972120aa7f9685791_20250819164215.csv,6081728972120aa7f9685791,-88951497991.85333,88951498470.51334,-99276225470.00595,99276226027.20535
experiment_6081728972120aa7f9685791_20250819164558.csv,6081728972120aa7f9685791,-28624269983.11483,28624270266.768246,-26203311814.601494,26203312087.158207
experiment_6081728972120aa7f9685791_20250819164901.csv,6081728972120aa7f9685791,-81360582812.51616,81360583116.458,-106416124061.58464,106416124351.49307
experiment_60984a1b0cce76d16c4ca781_20250826200447.csv,60984a1b0cce76d16c4ca781,96.60679012345679,98.44845679012344,95.58503401360544,92.43537414965986
experiment_60984a1b0cce76d16c4ca781_20250826200645.csv,60984a1b0cce76d16c4ca781,93.59722222222221,101.34576023391813,94.33909853249476,98.89308176100629
experiment_60984a1b0cce76d16c4ca781_20250826200908.csv,60984a1b0cce76d16c4ca781,93.58934837092731,117.4671679197995,94.66412859560067,116.70727580372251
experiment_60984a1b0cce76d16c4ca781_20250826201050.csv,60984a1b0cce76d16c4ca781,91.97228260869565,127.09776570048311,92.08091517857143,125.77399553571429
experiment_60984a1b0cce76d16c4ca781_20250826201214.csv,60984a1b0cce76d16c4ca781,-54816586921.96499,54816587181.4233,-55895201129.368286,55895201378.90664
experiment_60984a1b0cce76d16c4ca781_20250826201351.csv,60984a1b0cce76d16c4ca781,95.95066666666666,126.04899999999999,94.83457711442786,149.79975124378112
experiment_60984a1b0cce76d16c4ca781_20250826201445.csv,60984a1b0cce76d16c4ca781,-59533534029.93375,59533534224.19225,-45914751565.754906,45914751764.015686
experiment_60984a1b0cce76d16c4ca781_20250826201546.csv,60984a1b0cce76d16c4ca781,94.30135135135134,136.65375375375373,94.70285087719299,143.77521929824562
experiment_60bf706fc3b12a3c4f11a487_20250827100116.csv,60bf706fc3b12a3c4f11a487,-58791372800.00376,58791373347.81408,-65746910452.772995,65746910942.27803
experiment_60bf706fc3b12a3c4f11a487_20250827100808.csv,60bf706fc3b12a3c4f11a487,114.64,454.36666666666673,115.87288135593221,410.9491525423729
experiment_60bf706fc3b12a3c4f11a487_20250827101328.csv,60bf706fc3b12a3c4f11a487,-115610095760.86836,115610096478.66287,-117711839590.47656,117711840207.93785
experiment_60bf706fc3b12a3c4f11a487_20250827101501.csv,60bf706fc3b12a3c4f11a487,124.80059523809526,501.2857142857143,125.21311475409836,487.73770491803276
experiment_60bf706fc3b12a3c4f11a487_20250827102031.csv,60bf706fc3b12a3c4f11a487,129.14222222222224,441.3635555555556,130.31891025641028,404.9222756410257
experiment_60bf706fc3b12a3c4f11a487_20250827102148.csv,60bf706fc3b12a3c4f11a487,-48785834988.58179,48785835527.40201,-71087931048.29048,71087931640.50119
experiment_60bf706fc3b12a3c4f11a487_20250827102400.csv,60bf706fc3b12a3c4f11a487,129.83254716981133,411.33720799640616,131.8049645390071,363.3995271867612
experiment_60bf706fc3b12a3c4f11a487_20250827103123.csv,60bf706fc3b12a3c4f11a487,123.74873737373737,501.2563131313131,124.54273504273505,459.83760683760687
experiment_60db9412ba928de1fdc2269e_20250827141622.csv,60db9412ba928de1fdc2269e,-138113111151.59036,138113111975.4331,-135244803007.83424,135244803656.77165
experiment_60db9412ba928de1fdc2269e_20250827141823.csv,60db9412ba928de1fdc2269e,72.55666666666666,679.6666666666667,72.62931034482759,565.4655172413793
experiment_60db9412ba928de1fdc2269e_20250827142119.csv,60db9412ba928de1fdc2269e,74.23391812865498,1613.233918128655,74.01612903225806,1503.6129032258063
experiment_60db9412ba928de1fdc2269e_20250827142439.csv,60db9412ba928de1fdc2269e,79.1231884057971,807.5024154589372,77.02739726027397,784.8150684931506
experiment_60db9412ba928de1fdc2269e_20250827142708.csv,60db9412ba928de1fdc2269e,79.02729885057471,1057.4669540229886,77.7734375,1043.9635416666665
experiment_60db9412ba928de1fdc2269e_20250827142848.csv,60db9412ba928de1fdc2269e,87.96808510638297,651.9574468085107,87.70833333333333,636.7604166666666
experiment_60db9412ba928de1fdc2269e_20250827143129.csv,60db9412ba928de1fdc2269e,-60081586823.0988,60081588694.07349,-77067460893.9502,77067462547.83255
experiment_60db9412ba928de1fdc2269e_20250827143453.csv,60db9412ba928de1fdc2269e,76.61904761904762,1772.577380952381,76.609375,1599.78125
experiment_60efc4347ae709f7f3dd8b04_20250827075231.csv,60efc4347ae709f7f3dd8b04,74.77836805555555,124.39645833333334,75.7870036101083,170.016159532405
experiment_60efc4347ae709f7f3dd8b04_20250827075425.csv,60efc4347ae709f7f3dd8b04,78.46100260416667,193.594140625,78.92420212765957,197.48537234042553
experiment_60efc4347ae709f7f3dd8b04_20250827075557.csv,60efc4347ae709f7f3dd8b04,78.94003267973856,163.88839869281048,79.29550827423168,181.25366430260047
experiment_60efc4347ae709f7f3dd8b04_20250827075848.csv,60efc4347ae709f7f3dd8b04,-26410247433.895332,26410247701.074566,-35356243542.84357,35356243791.07735
experiment_60efc4347ae709f7f3dd8b04_20250827080019.csv,60efc4347ae709f7f3dd8b04,76.02572016460906,234.65432098765433,78.6003086419753,235.858024691358
experiment_60efc4347ae709f7f3dd8b04_20250827080214.csv,60efc4347ae709f7f3dd8b04,-149108815205.54742,149108815480.02325,-138958550727.55347,138958550985.76706
experiment_60efc4347ae709f7f3dd8b04_20250827080404.csv,60efc4347ae709f7f3dd8b04,-48179573321.66184,48179573578.21589,-40220193983.176956,40220194205.01057
experiment_60efc4347ae709f7f3dd8b04_20250827080553.csv,60efc4347ae709f7f3dd8b04,80.3875468164794,235.97013108614232,79.29549180327868,376.41065573770493
experiment_60f23a36acf5f6c70e990efd_20250826202528.csv,60f23a36acf5f6c70e990efd,-43657361617.332756,43657361900.98195,-42331472232.5326,42331472493.41273
experiment_60f23a36acf5f6c70e990efd_20250826202649.csv,60f23a36acf5f6c70e990efd,-77259241532.57076,77259241720.10509,-111754818125.21767,111754818291.96185
experiment_60f23a36acf5f6c70e990efd_20250826202832.csv,60f23a36acf5f6c70e990efd,91.81553137811416,101.9631977294229,91.60455182072829,98.51953781512606
experiment_60f23a36acf5f6c70e990efd_20250826202929.csv,60f23a36acf5f6c70e990efd,98.988,306.0348888888889,97.44927536231883,248.3695652173913
experiment_60f23a36acf5f6c70e990efd_20250826203059.csv,60f23a36acf5f6c70e990efd,-47221561857.916794,47221562071.15544,-32398444268.39552,32398444463.648037
experiment_60f23a36acf5f6c70e990efd_20250826203247.csv,60f23a36acf5f6c70e990efd,95.84418831168831,235.1417207792208,95.87326388888887,200.57725694444446
experiment_60f23a36acf5f6c70e990efd_20250826203440.csv,60f23a36acf5f6c70e990efd,96.03014950166111,136.39846177724084,94.82386363636364,123.06597222222221
experiment_60f23a36acf5f6c70e990efd_20250826203522.csv,60f23a36acf5f6c70e990efd,95.02807807807808,87.78168168168168,93.82116788321167,80.6094890510949
experiment_6136cb52db0f1cb2262bbf5d_20250826171633.csv,6136cb52db0f1cb2262bbf5d,-50177955876.79116,50177956057.65859,-58618332480.689476,58618332661.84688
experiment_6136cb52db0f1cb2262bbf5d_20250826171925.csv,6136cb52db0f1cb2262bbf5d,100.99602974186307,99.9667297979798,100.35876623376623,87.55032467532467
experiment_6136cb52db0f1cb2262bbf5d_20250826172151.csv,6136cb52db0f1cb2262bbf5d,-43256868352.27342,43256868743.12208,-43905721369.86944,43905721734.51111
experiment_6136cb52db0f1cb2262bbf5d_20250826172433.csv,6136cb52db0f1cb2262bbf5d,107.44611904761905,185.94678571428574,105.8030303030303,169.2097902097902
experiment_6136cb52db0f1cb2262bbf5d_20250826172719.csv,6136cb52db0f1cb2262bbf5d,105.46212121212122,131.9279220779221,104.22222222222223,122.34343434343434
experiment_6136cb52db0f1cb2262bbf5d_20250826172909.csv,6136cb52db0f1cb2262bbf5d,101.46707818930042,108.62757201646089,102.0673076923077,109.59455128205127
experiment_6136cb52db0f1cb2262bbf5d_20250826173134.csv,6136cb52db0f1cb2262bbf5d,109.48015109890109,208.04949633699633,107.95098039215686,250.6459694989107
experiment_6136cb52db0f1cb2262bbf5d_20250826173315.csv,6136cb52db0f1cb2262bbf5d,108.1512027491409,121.63195876288661,106.85826771653544,115.38188976377953
experiment_6140ef8d27499e70e8740918_20250819164624.csv,6140ef8d27499e70e8740918,-34811086587.79949,34811086914.63499,-34770431791.55401,34770432084.12702
experiment_6140ef8d27499e70e8740918_20250819165019.csv,6140ef8d27499e70e8740918,-26850691260.443542,26850691564.414253,-20500895214.470627,20500895512.001236
experiment_6140ef8d27499e70e8740918_20250819165535.csv,6140ef8d27499e70e8740918,-30190374068.974644,30190374317.748154,-24785255752.646965,24785255994.948204
experiment_6140ef8d27499e70e8740918_20250819165712.csv,6140ef8d27499e70e8740918,103.25862840862841,122.38412698412698,103.24845679012346,114.91255144032921
experiment_6140ef8d27499e70e8740918_20250819165918.csv,6140ef8d27499e70e8740918,100.94494795984157,125.41721086242362,100.31472868217053,124.72403100775193
experiment_6140ef8d27499e70e8740918_20250819170107.csv,6140ef8d27499e70e8740918,107.64154641654643,221.06213323713322,103.71515151515152,263.131351981352
experiment_6140ef8d27499e70e8740918_20250819170250.csv,6140ef8d27499e70e8740918,-9965693008.702446,9965693223.190823,-9870972225.21526,9870972422.374163
experiment_6140ef8d27499e70e8740918_20250819170542.csv,6140ef8d27499e70e8740918,-52250686019.63931,52250686232.049805,-56024199307.81138,56024199524.56529
experiment_6150ca3f37e1fe330f70311d_20250827083054.csv,6150ca3f37e1fe330f70311d,-51655393952.94464,51655394354.233536,-75356405632.93631,75356405995.54282
experiment_6150ca3f37e1fe330f70311d_20250827083229.csv,6150ca3f37e1fe330f70311d,152.10304347826084,164.6085507246377,152.83089668615986,146.74415204678363
experiment_6150ca3f37e1fe330f70311d_20250827083355.csv,6150ca3f37e1fe330f70311d,157.52883333333335,149.51708333333335,159.10353535353536,184.17045454545453
experiment_6150ca3f37e1fe330f70311d_20250827083505.csv,6150ca3f37e1fe330f70311d,153.01814345991562,135.8391500904159,154.22522522522522,125.57807807807808
experiment_6150ca3f37e1fe330f70311d_20250827083655.csv,6150ca3f37e1fe330f70311d,147.27689723091183,125.86432916232187,149.37055306427501,94.58863976083707
experiment_6150ca3f37e1fe330f70311d_20250827083752.csv,6150ca3f37e1fe330f70311d,158.2090425531915,175.48475177304962,159.9051490514905,138.65040650406505
experiment_6150ca3f37e1fe330f70311d_20250827083942.csv,6150ca3f37e1fe330f70311d,156.74723639455783,221.86132369614512,158.5212121212121,222.7409090909091
experiment_6150ca3f37e1fe330f70311d_20250827084050.csv,6150ca3f37e1fe330f70311d,155.89204545454547,250.34393939393942,152.45495495495496,213.20045045045046
experiment_615921b85071b9caef6148d8_20250827031630.csv,615921b85071b9caef6148d8,117.90671296296296,80.46824074074075,112.52314285714286,74.57114285714286
experiment_615921b85071b9caef6148d8_20250827031858.csv,615921b85071b9caef6148d8,-11179925387.104,11179925561.704779,-17371559342.132492,17371559518.51083
experiment_615921b85071b9caef6148d8_20250827032049.csv,615921b85071b9caef6148d8,-7108169677.947423,7108169937.683328,-11920348935.699097,11920349163.513424
experiment_615921b85071b9caef6148d8_20250827032257.csv,615921b85071b9caef6148d8,-23388168338.169086,23388168607.502884,-24590559594.82111,24590559856.537544
experiment_615921b85071b9caef6148d8_20250827032451.csv,615921b85071b9caef6148d8,-63900386683.560974,63900386901.96196,-72816143463.23016,72816143679.36401
experiment_615921b85071b9caef6148d8_20250827032611.csv,615921b85071b9caef6148d8,106.97486225895315,71.33211662075297,104.41665813278716,72.51711042840076
experiment_615921b85071b9caef6148d8_20250827032744.csv,615921b85071b9caef6148d8,103.76261405146853,62.66096149960959,101.86839506172839,62.75604938271606
experiment_615921b85071b9caef6148d8_20250827032948.csv,615921b85071b9caef6148d8,-126064090439.35782,126064090634.08717,-146085874080.32574,146085874264.46518
experiment_616f9519fb3906da76b8e173_20250827010929.csv,616f9519fb3906da76b8e173,106.69653284671533,181.90790754257907,104.54611650485437,147.5707928802589
experiment_616f9519fb3906da76b8e173_20250827011029.csv,616f9519fb3906da76b8e173,100.17555555555556,140.50833333333333,100.57142857142857,120.2950680272109
experiment_616f9519fb3906da76b8e173_20250827011130.csv,616f9519fb3906da76b8e173,-123558484001.25587,123558484182.66257,-157079025139.63013,157079025309.00543
experiment_616f9519fb3906da76b8e173_20250827011257.csv,616f9519fb3906da76b8e173,95.23156065345847,111.53003128258602,96.25124378109453,113.60323383084577
experiment_616f9519fb3906da76b8e173_20250827011345.csv,616f9519fb3906da76b8e173,101.54775558969108,58.750605905444615,99.72759103641457,74.91904761904762
experiment_616f9519fb3906da76b8e173_20250827011511.csv,616f9519fb3906da76b8e173,99.0543197043197,139.3891025641026,101.0649325626204,160.28285163776494
experiment_616f9519fb3906da76b8e173_20250827011656.csv,616f9519fb3906da76b8e173,-46099205769.25905,46099205983.60958,-53126140176.30588,53126140388.00536
experiment_616f9519fb3906da76b8e173_20250827011744.csv,616f9519fb3906da76b8e173,100.79698795180725,103.84759036144577,100.12592592592593,95.10895061728395
experiment_61717173748006894b2b54ff_20250826174044.csv,61717173748006894b2b54ff,76.81601731601732,245.75194805194806,77.04143348060873,213.50024545900834
experiment_61717173748006894b2b54ff_20250826174129.csv,61717173748006894b2b54ff,72.99501488095238,141.9814732142857,72.62048192771084,139.9347389558233
experiment_61717173748006894b2b54ff_20250826174846.csv,61717173748006894b2b54ff,-18294065217.08687,18294065429.38611,-28556589646.099037,28556589868.332043
experiment_61717173748006894b2b54ff_20250826174953.csv,61717173748006894b2b54ff,84.14406779661017,289.14406779661016,84.11184210526316,212.3059210526316
experiment_61717173748006894b2b54ff_20250826175115.csv,61717173748006894b2b54ff,-161921974173.86707,161921974388.5556,-217299082008.16946,217299082214.2768
experiment_61717173748006894b2b54ff_20250826175153.csv,61717173748006894b2b54ff,86.84684684684684,129.52927927927928,87.16091954022988,128.72413793103448
experiment_61717173748006894b2b54ff_20250826175756.csv,61717173748006894b2b54ff,84.01506024096386,312.7703815261044,81.03037918871252,251.9692239858907
experiment_61717173748006894b2b54ff_20250826175900.csv,61717173748006894b2b54ff,81.76608187134502,222.02046783625732,82.48826291079811,220.31924882629107
experiment_6400e3697879c55c323f34d0_20250826123813.csv,6400e3697879c55c323f34d0,102.13317901234568,255.36419753086423,99.10457516339869,257.58496732026146
experiment_6400e3697879c55c323f34d0_20250826124041.csv,6400e3697879c55c323f34d0,100.8545988258317,245.76523972602737,99.08876811594203,252.60398550724636
experiment_6400e3697879c55c323f34d0_20250826124436.csv,6400e3697879c55c323f34d0,-42907457565.707954,42907458235.77496,-65025316801.25256,65025317461.034225
experiment_6400e3697879c55c323f34d0_20250826124619.csv,6400e3697879c55c323f34d0,-34897882074.265625,34897882347.19231,-42854942207.17843,42854942540.840385
experiment_6400e3697879c55c323f34d0_20250826124816.csv,6400e3697879c55c323f34d0,-57076904398.451965,57076904762.69242,-64276960632.67413,64276961047.869385
experiment_6400e3697879c55c323f34d0_20250826125028.csv,6400e3697879c55c323f34d0,-28948558483.629314,28948558765.296993,-31599672193.670826,31599672454.456177
experiment_6400e3697879c55c323f34d0_20250826125139.csv,6400e3697879c55c323f34d0,-42971160456.555756,42971160717.62297,-55725978187.55608,55725978449.191986
experiment_6400e3697879c55c323f34d0_20250826125335.csv,6400e3697879c55c323f34d0,90.08686417748918,194.09803391053393,90.59074074074074,178.1462962962963
experiment_649dba79b97070557ebe3d0b_20250827035238.csv,649dba79b97070557ebe3d0b,157.72277979012674,211.8033125227003,146.89683578832512,158.56057464993634
experiment_649dba79b97070557ebe3d0b_20250827035613.csv,649dba79b97070557ebe3d0b,-33396574456.651577,33396574672.76506,-30207790925.469563,30207791122.670597
experiment_649dba79b97070557ebe3d0b_20250827035959.csv,649dba79b97070557ebe3d0b,139.47301503241874,148.2450501648907,134.48261297852474,98.47990452847806
experiment_649dba79b97070557ebe3d0b_20250827040240.csv,649dba79b97070557ebe3d0b,-12712997713.19329,12712997915.137848,-21421512974.482716,21421513165.614098
experiment_649dba79b97070557ebe3d0b_20250827040519.csv,649dba79b97070557ebe3d0b,125.8135029111217,83.69241923627655,126.62878684959729,63.25627703340615
experiment_649dba79b97070557ebe3d0b_20250827040939.csv,649dba79b97070557ebe3d0b,-29793825677.81694,29793826167.412823,-21745345437.119984,21745345775.84384
experiment_649dba79b97070557ebe3d0b_20250827041158.csv,649dba79b97070557ebe3d0b,-10862789504.886847,10862789749.684925,-12964375736.731497,12964375977.535563
experiment_649dba79b97070557ebe3d0b_20250827041432.csv,649dba79b97070557ebe3d0b,124.39876122956233,104.40995220249363,125.24343954248366,84.22100490196078
experiment_64e8b6f73929dae22fc25705_20250827034016.csv,64e8b6f73929dae22fc25705,102.86507936507938,229.81746031746033,103.1063829787234,222.19148936170214
experiment_64e8b6f73929dae22fc25705_20250827034105.csv,64e8b6f73929dae22fc25705,89.83236434108528,99.2296511627907,90.14485981308411,96.73831775700934
experiment_64e8b6f73929dae22fc25705_20250827034148.csv,64e8b6f73929dae22fc25705,117.56481481481481,83.27777777777779,116.98837209302326,97.95348837209302
experiment_64e8b6f73929dae22fc25705_20250827034238.csv,64e8b6f73929dae22fc25705,-20186967130.82682,20186967401.0159,-29767222763.802258,29767223009.399715
experiment_64e8b6f73929dae22fc25705_20250827034323.csv,64e8b6f73929dae22fc25705,98.95,330.57500000000005,98.65957446808511,341.86170212765956
experiment_64e8b6f73929dae22fc25705_20250827034458.csv,64e8b6f73929dae22fc25705,101.33860544217688,365.7955782312925,101.39800995024875,315.09328358208955
experiment_64e8b6f73929dae22fc25705_20250827034540.csv,64e8b6f73929dae22fc25705,95.15497076023391,313.6578947368421,96.73239436619718,336.80281690140845
experiment_64e8b6f73929dae22fc25705_20250827034636.csv,64e8b6f73929dae22fc25705,101.34795321637428,404.60877192982457,101.94776119402985,379.7014925373134
experiment_6527f153bea7b2d7c0d556e4_20250827020003.csv,6527f153bea7b2d7c0d556e4,-190222039582.35468,190222039856.1982,-223671948139.89313,223671948396.09457
experiment_6527f153bea7b2d7c0d556e4_20250827020215.csv,6527f153bea7b2d7c0d556e4,96.170490047871,205.20928445452256,94.90242346938776,190.6834608843537
experiment_6527f153bea7b2d7c0d556e4_20250827020421.csv,6527f153bea7b2d7c0d556e4,-127910484093.79108,127910484284.243,-131823654601.19466,131823654779.093
experiment_6527f153bea7b2d7c0d556e4_20250827020608.csv,6527f153bea7b2d7c0d556e4,-13970252613.502655,13970252957.5375,-28791153029.44535,28791153346.168034
experiment_6527f153bea7b2d7c0d556e4_20250827020822.csv,6527f153bea7b2d7c0d556e4,-117884774480.54442,117884774760.35446,-164945264777.41736,164945265036.9069
experiment_6527f153bea7b2d7c0d556e4_20250827021128.csv,6527f153bea7b2d7c0d556e4,-108324976350.07668,108324976650.47581,-102823047896.72879,102823048184.62271
experiment_6527f153bea7b2d7c0d556e4_20250827021347.csv,6527f153bea7b2d7c0d556e4,-34170857304.32633,34170857558.87279,-38285268754.924065,38285269335.34706
experiment_6527f153bea7b2d7c0d556e4_20250827021555.csv,6527f153bea7b2d7c0d556e4,-56290414119.07642,56290414396.80847,-65501572811.45571,65501573049.45325
experiment_6538097b8793d9b90adc4667_20250827143620.csv,6538097b8793d9b90adc4667,83.20214285714285,202.32,80.8434065934066,227.80402930402929
experiment_6538097b8793d9b90adc4667_20250827143705.csv,6538097b8793d9b90adc4667,98.77611940298507,157.29353233830844,97.16025641025641,174.24358974358975
experiment_6538097b8793d9b90adc4667_20250827143856.csv,6538097b8793d9b90adc4667,89.43605442176872,138.4734693877551,92.025,148.93333333333334
experiment_6538097b8793d9b90adc4667_20250827143933.csv,6538097b8793d9b90adc4667,97.50714285714285,149.95,98.0576923076923,151.3397435897436
experiment_6538097b8793d9b90adc4667_20250827144052.csv,6538097b8793d9b90adc4667,87.59981167608287,142.0809792843691,87.89189189189189,162.01351351351352
experiment_6538097b8793d9b90adc4667_20250827144122.csv,6538097b8793d9b90adc4667,89.71153846153847,95.02884615384616,89.02542372881356,95.62711864406779
experiment_6538097b8793d9b90adc4667_20250827144346.csv,6538097b8793d9b90adc4667,98.90190972222223,109.33072916666667,98.35119047619047,107.65178571428571
experiment_6538097b8793d9b90adc4667_20250827144750.csv,6538097b8793d9b90adc4667,92.49230769230769,76.00833333333334,90.9753086419753,76.67901234567901
experiment_65a3ec77f674ac3e98f0c6ac_20250827081018.csv,65a3ec77f674ac3e98f0c6ac,-79486906159.19228,79486906539.91098,-102559626129.39673,102559626492.10332
experiment_65a3ec77f674ac3e98f0c6ac_20250827081127.csv,65a3ec77f674ac3e98f0c6ac,-21744447064.326633,21744447472.392506,-18294606887.285763,18294607283.919792
experiment_65a3ec77f674ac3e98f0c6ac_20250827081246.csv,65a3ec77f674ac3e98f0c6ac,95.8913043478261,240.07608695652175,95.85416666666667,220.64583333333334
experiment_65a3ec77f674ac3e98f0c6ac_20250827081524.csv,65a3ec77f674ac3e98f0c6ac,-52972448234.41483,52972448658.21871,-66380437104.85427,66380437508.71631
experiment_65a3ec77f674ac3e98f0c6ac_20250827081631.csv,65a3ec77f674ac3e98f0c6ac,-30081255896.158764,30081256195.68577,-47847441471.583336,47847441766.90865
experiment_65a3ec77f674ac3e98f0c6ac_20250827081742.csv,65a3ec77f674ac3e98f0c6ac,94.38303030303032,375.50333333333333,95.1984126984127,257.37301587301585
experiment_65a3ec77f674ac3e98f0c6ac_20250827081821.csv,65a3ec77f674ac3e98f0c6ac,86.69642857142857,220.80357142857142,89.17241379310344,219.6206896551724
experiment_65a3ec77f674ac3e98f0c6ac_20250827081902.csv,65a3ec77f674ac3e98f0c6ac,97.55,438.55833333333334,97.5625,426.09895833333337
experiment_65a3f4da297bacfcc92dead2_20250827092530.csv,65a3f4da297bacfcc92dead2,-62558111226.602005,62558111628.25771,-74642183069.74762,74642183430.88405
experiment_65a3f4da297bacfcc92dead2_20250827092700.csv,65a3f4da297bacfcc92dead2,-107520506118.10968,107520506631.65057,-129895590458.1417,129895590930.48769
experiment_65a3f4da297bacfcc92dead2_20250827092919.csv,65a3f4da297bacfcc92dead2,-47460915554.891464,47460915994.10918,-63071076925.958565,63071077308.73896
experiment_65a3f4da297bacfcc92dead2_20250827093020.csv,65a3f4da297bacfcc92dead2,109.90151515151516,188.48333333333335,108.82670283303193,193.27034358047015
experiment_65a3f4da297bacfcc92dead2_20250827093100.csv,65a3f4da297bacfcc92dead2,115.175,56.179166666666674,117.62765957446808,29.98936170212766
experiment_65a3f4da297bacfcc92dead2_20250827093210.csv,65a3f4da297bacfcc92dead2,-40549196933.09466,40549197265.5849,-57170803858.73996,57170804210.29613
experiment_65a3f4da297bacfcc92dead2_20250827093335.csv,65a3f4da297bacfcc92dead2,-28145627570.266056,28145627980.598324,-33012916567.978226,33012916944.821117
experiment_65a3f4da297bacfcc92dead2_20250827093451.csv,65a3f4da297bacfcc92dead2,119.11052631578947,293.69949874686716,120.3025641025641,276.4965811965812
experiment_65c7b42c1c15b1064e26f265_20250826224116.csv,65c7b42c1c15b1064e26f265,159.21666666666664,-60.858333333333334,141.66666666666669,-55.54545454545455
experiment_65c7b42c1c15b1064e26f265_20250826224130.csv,65c7b42c1c15b1064e26f265,163.934375,-16.737499999999997,123.0848484848485,-14.536363636363637
experiment_65c7b42c1c15b1064e26f265_20250826224151.csv,65c7b42c1c15b1064e26f265,121.44791666666666,9.041666666666668,128.65740740740742,-12.388888888888886
experiment_65c7b42c1c15b1064e26f265_20250826224209.csv,65c7b42c1c15b1064e26f265,273.78333333333336,-78.31666666666666,241.20238095238096,-100.60714285714286
experiment_65c7b42c1c15b1064e26f265_20250826224210.csv,65c7b42c1c15b1064e26f265,273.78333333333336,-78.31666666666666,241.20238095238096,-100.60714285714286
experiment_65c7b42c1c15b1064e26f265_20250826224226.csv,65c7b42c1c15b1064e26f265,88.88571428571429,53.756462585034015,118.46428571428571,10.912698412698411
experiment_65c7b42c1c15b1064e26f265_20250826224238.csv,65c7b42c1c15b1064e26f265,53.1,9.649999999999999,64.76212121212122,14.192424242424243
experiment_65c7b42c1c15b1064e26f265_20250826224239.csv,65c7b42c1c15b1064e26f265,53.1,9.649999999999999,64.76212121212122,14.192424242424243
experiment_65cf6d8a589a67afcab54e6f_20250827123551.csv,65cf6d8a589a67afcab54e6f,-46288211697.743065,46288212101.39248,-37621443116.21091,37621443521.73023
experiment_65cf6d8a589a67afcab54e6f_20250827124105.csv,65cf6d8a589a67afcab54e6f,-47186301905.1431,47186302275.310425,-52052619014.978806,52052619465.491806
experiment_65cf6d8a589a67afcab54e6f_20250827124307.csv,65cf6d8a589a67afcab54e6f,116.84426328502417,194.08762077294688,112.655,153.86
experiment_65cf6d8a589a67afcab54e6f_20250827124501.csv,65cf6d8a589a67afcab54e6f,99.17748724489796,338.05600907029475,101.11944444444444,300.83267973856204
experiment_65cf6d8a589a67afcab54e6f_20250827124735.csv,65cf6d8a589a67afcab54e6f,103.11366365390032,175.48383654478332,101.52357055961072,191.28284671532847
experiment_65cf6d8a589a67afcab54e6f_20250827124940.csv,65cf6d8a589a67afcab54e6f,96.70705009276438,259.94750309214595,97.52480579096044,238.139406779661
experiment_65cf6d8a589a67afcab54e6f_20250827125109.csv,65cf6d8a589a67afcab54e6f,-79721407083.97763,79721407284.55876,-99766098095.91924,99766098291.55385
experiment_65cf6d8a589a67afcab54e6f_20250827125253.csv,65cf6d8a589a67afcab54e6f,98.89612554112554,222.985670995671,98.97272727272727,303.12929292929294
experiment_65eafe348dd7dad3b69be921_20250827113009.csv,65eafe348dd7dad3b69be921,97.27521739130434,782.7139130434783,93.97239475500346,636.8757763975156
experiment_65eafe348dd7dad3b69be921_20250827113457.csv,65eafe348dd7dad3b69be921,-124519031509.9774,124519032246.12251,-157374233450.13168,157374234090.99396
experiment_65eafe348dd7dad3b69be921_20250827113736.csv,65eafe348dd7dad3b69be921,-33892429448.88987,33892430058.20241,-34313955462.69882,34313956132.736607
experiment_65eafe348dd7dad3b69be921_20250827114014.csv,65eafe348dd7dad3b69be921,85.6939990281827,1007.8273080660836,84.44613526570048,775.9405797101448
experiment_65eafe348dd7dad3b69be921_20250827114136.csv,65eafe348dd7dad3b69be921,87.32155555555556,335.68244444444446,87.78921568627452,408.7450980392157
experiment_65eafe348dd7dad3b69be921_20250827114334.csv,65eafe348dd7dad3b69be921,85.83970588235296,549.0903594771241,83.68607305936074,448.79794520547944
experiment_65eafe348dd7dad3b69be921_20250827114531.csv,65eafe348dd7dad3b69be921,-95382465819.80663,95382466313.60655,-93360044789.27861,93360045298.7376
experiment_65eafe348dd7dad3b69be921_20250827114810.csv,65eafe348dd7dad3b69be921,-50533646270.30049,50533646836.375114,-52072079838.38862,52072080397.05217
experiment_65f03cac071873738667ccbb_20250827092250.csv,65f03cac071873738667ccbb,-76225923798.1742,76225924113.94304,-68083890413.11507,68083890744.07498
experiment_65f03cac071873738667ccbb_20250827092521.csv,65f03cac071873738667ccbb,-18652292660.855,18652293059.450554,-20218979292.58685,20218979655.50417
experiment_65f03cac071873738667ccbb_20250827092725.csv,65f03cac071873738667ccbb,-113272250795.66133,113272251151.96669,-129572207840.68918,129572208178.70567
experiment_65f03cac071873738667ccbb_20250827092927.csv,65f03cac071873738667ccbb,-21564714636.52448,21564715095.802505,-29816481224.32052,29816481616.61451
experiment_65f03cac071873738667ccbb_20250827093155.csv,65f03cac071873738667ccbb,-154579749101.45126,154579749825.84393,-192856327079.53775,192856327696.5082
experiment_65f03cac071873738667ccbb_20250827093335.csv,65f03cac071873738667ccbb,-187780049767.7072,187780050301.89014,-196118733263.06216,196118733753.3372
experiment_65f03cac071873738667ccbb_20250827093525.csv,65f03cac071873738667ccbb,-121971752485.92702,121971752856.3134,-130627202338.52876,130627202682.64522
experiment_65f03cac071873738667ccbb_20250827093626.csv,65f03cac071873738667ccbb,-123796276582.93253,123796276889.47823,-151584326035.46735,151584326320.76596
experiment_65f1ee12589aa15061efa22a_20250826152638.csv,65f1ee12589aa15061efa22a,77.25661271734288,374.7794682666263,75.93142414447858,369.75967208568017
experiment_65f1ee12589aa15061efa22a_20250826153420.csv,65f1ee12589aa15061efa22a,80.21116564800776,774.2325236167342,75.55325147752502,880.3339836903377
experiment_65f1ee12589aa15061efa22a_20250826154549.csv,65f1ee12589aa15061efa22a,-12631881519.483395,12631882131.067713,-20949739860.504658,20949740494.61227
experiment_65f1ee12589aa15061efa22a_20250826155141.csv,65f1ee12589aa15061efa22a,-36535492834.7788,36535493477.92809,-42252818398.95954,42252818976.816345
experiment_65f1ee12589aa15061efa22a_20250826155636.csv,65f1ee12589aa15061efa22a,72.29548220183938,309.3908014276583,71.67619743803954,293.09637287663605
experiment_65f1ee12589aa15061efa22a_20250826160304.csv,65f1ee12589aa15061efa22a,-38434497044.929306,38434497601.25698,-34424992413.75021,34424992986.699066
experiment_65f1ee12589aa15061efa22a_20250826160449.csv,65f1ee12589aa15061efa22a,75.96883860414395,292.21267720828797,74.34068195179306,293.8478835978836
experiment_65f1ee12589aa15061efa22a_20250826160636.csv,65f1ee12589aa15061efa22a,73.27775900900902,247.64239864864862,74.25711974110033,237.4534789644013
experiment_65f333c755d191fcd18fa279_20250826134900.csv,65f333c755d191fcd18fa279,-28998406743.698837,28998407183.589123,-31485944403.595234,31485944755.041885
experiment_65f333c755d191fcd18fa279_20250826135249.csv,65f333c755d191fcd18fa279,143.38315920544275,136.55469227810485,135.9642707019756,149.07863072719627
experiment_65f333c755d191fcd18fa279_20250826135554.csv,65f333c755d191fcd18fa279,141.26568291987454,176.454248645566,130.53553459119496,172.67169811320755
experiment_65f333c755d191fcd18fa279_20250826135842.csv,65f333c755d191fcd18fa279,122.33881882006884,267.21030242905243,122.29396923378404,231.17816970409564
experiment_65f333c755d191fcd18fa279_20250826140107.csv,65f333c755d191fcd18fa279,154.37285906298004,220.8165802611367,140.8761904761905,212.62097069597067
experiment_65f333c755d191fcd18fa279_20250826140358.csv,65f333c755d191fcd18fa279,145.14696384285426,161.10963165449468,132.8057880055788,149.8858437935844
experiment_65f333c755d191fcd18fa279_20250826140611.csv,65f333c755d191fcd18fa279,114.5291341991342,392.2869913419914,114.96130952380952,324.55059523809524
experiment_65f333c755d191fcd18fa279_20250826141148.csv,65f333c755d191fcd18fa279,166.52918807810894,204.7495546420007,148.3453834115806,183.4514866979656
experiment_65fb34c4df61f03ce0dd6dd9_20250827094245.csv,65fb34c4df61f03ce0dd6dd9,89.87708333333333,185.55416666666665,89.82323232323232,210.5909090909091
experiment_65fb34c4df61f03ce0dd6dd9_20250827094458.csv,65fb34c4df61f03ce0dd6dd9,79.11951754385966,240.05811403508773,81.39010989010988,190.0956043956044
experiment_65fb34c4df61f03ce0dd6dd9_20250827094639.csv,65fb34c4df61f03ce0dd6dd9,82.64766081871345,380.39589424951265,84.80279356060606,296.34919507575756
experiment_65fb34c4df61f03ce0dd6dd9_20250827094844.csv,65fb34c4df61f03ce0dd6dd9,96.48636788048553,217.80081699346405,95.53052208835341,218.3888554216867
experiment_65fb34c4df61f03ce0dd6dd9_20250827095006.csv,65fb34c4df61f03ce0dd6dd9,86.2375,237.19583333333333,91.12121212121212,225.08333333333334
experiment_65fb34c4df61f03ce0dd6dd9_20250827095144.csv,65fb34c4df61f03ce0dd6dd9,94.24571428571429,214.1042857142857,93.07386363636364,207.01704545454547
experiment_65fb34c4df61f03ce0dd6dd9_20250827095330.csv,65fb34c4df61f03ce0dd6dd9,81.66625514403293,265.8462962962963,82.58576051779936,273.4449838187702
experiment_65fb34c4df61f03ce0dd6dd9_20250827095609.csv,65fb34c4df61f03ce0dd6dd9,84.01594684385383,329.9743324720069,84.53626943005182,339.1364421416235
experiment_65fc95c627592d85499ae358_20250819165809.csv,65fc95c627592d85499ae358,89.17073170731707,300.3464963221061,87.64670658682634,288.80595950955234
experiment_65fc95c627592d85499ae358_20250819170352.csv,65fc95c627592d85499ae358,83.60071037758537,284.74032738095235,83.82074836601306,265.0495653594771
experiment_65fc95c627592d85499ae358_20250819170605.csv,65fc95c627592d85499ae358,86.06018518518519,207.08564814814815,85.54705882352941,202.57647058823528
experiment_65fc95c627592d85499ae358_20250819171143.csv,65fc95c627592d85499ae358,85.61082875457876,247.21393467643466,86.00667938931298,217.7312340966921
experiment_65fc95c627592d85499ae358_20250819171423.csv,65fc95c627592d85499ae358,90.5219298245614,211.23245614035088,90.42079207920793,234.66831683168317
experiment_65fc95c627592d85499ae358_20250819172025.csv,65fc95c627592d85499ae358,89.24649122807017,257.08736842105264,88.73228346456693,248.4724409448819
experiment_65fc95c627592d85499ae358_20250819172435.csv,65fc95c627592d85499ae358,90.77087087087087,191.5165165165165,90.95035460992908,185.62056737588654
experiment_65fc95c627592d85499ae358_20250819172658.csv,65fc95c627592d85499ae358,87.2876811594203,280.0628623188406,89.22459349593495,316.6588753387534
experiment_65fda4aa45ba55e983e2a2d9_20250827040319.csv,65fda4aa45ba55e983e2a2d9,-70180509845.64148,70180510539.09375,-71784719811.2032,71784720482.79195
experiment_65fda4aa45ba55e983e2a2d9_20250827040608.csv,65fda4aa45ba55e983e2a2d9,107.97777777777779,670.2839733742959,108.014,726.54
experiment_65fda4aa45ba55e983e2a2d9_20250827041057.csv,65fda4aa45ba55e983e2a2d9,104.97338501291989,457.04190353143844,103.6499042145594,484.5498084291188
experiment_65fda4aa45ba55e983e2a2d9_20250827041323.csv,65fda4aa45ba55e983e2a2d9,105.66713814238567,521.1446251768034,105.13972431077693,453.8803258145364
experiment_65fda4aa45ba55e983e2a2d9_20250827041645.csv,65fda4aa45ba55e983e2a2d9,108.70214353547688,365.71130104463435,106.54883227176222,436.6496815286624
experiment_65fda4aa45ba55e983e2a2d9_20250827041827.csv,65fda4aa45ba55e983e2a2d9,110.39460526315789,253.89109649122807,107.81644281644282,241.85098697598698
experiment_65fda4aa45ba55e983e2a2d9_20250827041958.csv,65fda4aa45ba55e983e2a2d9,-100072269495.42807,100072269981.24075,-109300999278.4558,109300999798.10762
experiment_65fda4aa45ba55e983e2a2d9_20250827042205.csv,65fda4aa45ba55e983e2a2d9,113.65135135135137,263.2522522522522,114.26315789473684,307.95789473684215
experiment_6614435124bf16e7a24f9662_20250827115207.csv,6614435124bf16e7a24f9662,93.43290043290044,156.1621212121212,92.77993527508089,130.4336569579288
experiment_6614435124bf16e7a24f9662_20250827115412.csv,6614435124bf16e7a24f9662,-80416466237.45148,80416466457.13293,-82326357231.13889,82326357449.0052
experiment_6614435124bf16e7a24f9662_20250827115723.csv,6614435124bf16e7a24f9662,-27485065422.497337,27485065743.94601,-36212282110.9,36212282421.26117
experiment_6614435124bf16e7a24f9662_20250827121241.csv,6614435124bf16e7a24f9662,-48681995848.562195,48681996276.81521,-63797099451.55983,63797099966.76709
experiment_6614435124bf16e7a24f9662_20250827121659.csv,6614435124bf16e7a24f9662,-54013095428.990746,54013097550.7457,-62069926390.958466,62069928554.81716
experiment_6614435124bf16e7a24f9662_20250827122028.csv,6614435124bf16e7a24f9662,-57270555223.501816,57270558953.291664,-63865346434.88182,63865349621.472725
experiment_6614435124bf16e7a24f9662_20250827122304.csv,6614435124bf16e7a24f9662,-82995755866.76219,82995757960.2942,-117086485737.62802,117086487686.15985
experiment_6614435124bf16e7a24f9662_20250827122637.csv,6614435124bf16e7a24f9662,-114475654209.44955,114475654754.49687,-118915978722.44272,118915979710.99045
experiment_661564c766603e80ca4c3184_20250826163603.csv,661564c766603e80ca4c3184,-86704440152.43225,86704440542.8025,-121755171368.59978,121755171710.47163
experiment_661564c766603e80ca4c3184_20250826163947.csv,661564c766603e80ca4c3184,86.44966131907309,210.90792335115864,86.10416666666667,190.38721264367814
experiment_661564c766603e80ca4c3184_20250826164233.csv,661564c766603e80ca4c3184,89.83333333333334,121.58647798742138,89.7,93.93846153846154
experiment_661564c766603e80ca4c3184_20250826164520.csv,661564c766603e80ca4c3184,80.74193548387096,136.69354838709677,80.82638888888889,139.34722222222223
experiment_661564c766603e80ca4c3184_20250826164819.csv,661564c766603e80ca4c3184,87.72222222222221,673.4771241830066,87.75,646.5357142857143
experiment_661564c766603e80ca4c3184_20250826165148.csv,661564c766603e80ca4c3184,89.16893203883495,238.25404530744333,87.92700729927007,268.3856447688564
experiment_661564c766603e80ca4c3184_20250826165745.csv,661564c766603e80ca4c3184,85.26157407407408,125.65277777777777,84.36904761904762,126.99404761904762
experiment_661564c766603e80ca4c3184_20250826165952.csv,661564c766603e80ca4c3184,-171530075048.36737,171530075313.4866,-243291330941.8094,243291331212.49414
experiment_663068f52490bf6d13f95968_20250827030140.csv,663068f52490bf6d13f95968,-36588825453.643234,36588825623.55208,-52687908690.666664,52687908857.04
experiment_663068f52490bf6d13f95968_20250827030416.csv,663068f52490bf6d13f95968,-83443587269.58514,83443587583.51566,-91714614324.52324,91714614598.61542
experiment_663068f52490bf6d13f95968_20250827030442.csv,663068f52490bf6d13f95968,88.45945945945945,105.95945945945945,86.47368421052632,104.65789473684211
experiment_663068f52490bf6d13f95968_20250827030614.csv,663068f52490bf6d13f95968,-37808459366.71229,37808459638.80898,-34931215963.39337,34931216219.78978
experiment_663068f52490bf6d13f95968_20250827030627.csv,663068f52490bf6d13f95968,92.025,71.55,92.05,65.5
experiment_663068f52490bf6d13f95968_20250827030817.csv,663068f52490bf6d13f95968,82.07142857142856,223.40080906148867,82.24704491725768,244.09456264775415
experiment_663068f52490bf6d13f95968_20250827030835.csv,663068f52490bf6d13f95968,138.6,21.8,144.57142857142858,13.428571428571429
experiment_663068f52490bf6d13f95968_20250827031546.csv,663068f52490bf6d13f95968,79.2407967032967,157.07193223443224,79.47737306843267,155.37582781456953
experiment_66321cfc446914f3b199e193_20250827105624.csv,66321cfc446914f3b199e193,109.21491228070177,432.95192982456143,107.04166666666667,469.9529569892473
experiment_66321cfc446914f3b199e193_20250827110215.csv,66321cfc446914f3b199e193,95.60060646424283,671.820744154835,94.94192845890095,616.4938027059587
experiment_66321cfc446914f3b199e193_20250827110448.csv,66321cfc446914f3b199e193,93.92497795414462,380.3665784832451,93.36178571428573,393.26964285714286
experiment_66321cfc446914f3b199e193_20250827111048.csv,66321cfc446914f3b199e193,87.5991153965867,563.3028312257837,87.9656658496732,525.2716765873016
experiment_66321cfc446914f3b199e193_20250827111258.csv,66321cfc446914f3b199e193,91.79563492063492,404.8150793650793,93.6436170212766,373.93262411347524
experiment_66321cfc446914f3b199e193_20250827111743.csv,66321cfc446914f3b199e193,-68899331872.00401,68899332694.97601,-59080999453.615135,59081000225.10601
experiment_66321cfc446914f3b199e193_20250827112102.csv,66321cfc446914f3b199e193,90.42762569674335,503.2319476275359,90.22624933545985,456.7660885167464
experiment_66321cfc446914f3b199e193_20250827112427.csv,66321cfc446914f3b199e193,89.3323593073593,428.965769510863,90.3116691468254,399.30585317460316
experiment_663378460f834e9670d1508c_20250827132822.csv,663378460f834e9670d1508c,90.1216392779334,376.1047169312169,86.02509225092253,384.11383763837637
experiment_663378460f834e9670d1508c_20250827133253.csv,663378460f834e9670d1508c,86.35187793427231,270.3359154929577,85.5055031446541,279.5970911949686
experiment_663378460f834e9670d1508c_20250827133628.csv,663378460f834e9670d1508c,-29991490784.90792,29991491329.06885,-33645626437.310165,33645626895.73143
experiment_663378460f834e9670d1508c_20250827133849.csv,663378460f834e9670d1508c,-19514464693.546677,19514465073.867596,-24736645337.184864,24736645705.82747
experiment_663378460f834e9670d1508c_20250827134408.csv,663378460f834e9670d1508c,-32832203743.66696,32832204326.09934,-26543834376.971012,26543834909.547333
experiment_663378460f834e9670d1508c_20250827135206.csv,663378460f834e9670d1508c,-64922099426.43076,64922099867.986115,-48041437897.96489,48041438248.75289
experiment_663378460f834e9670d1508c_20250827135723.csv,663378460f834e9670d1508c,81.93059203366467,526.3694424290793,81.78099647266313,413.56962815990596
experiment_663378460f834e9670d1508c_20250827140210.csv,663378460f834e9670d1508c,-31957993433.646854,31957993866.670387,-29381044056.924095,29381044448.898422
experiment_6635344fb4ae723326e3ce04_20250826132024.csv,6635344fb4ae723326e3ce04,123.95555555555555,678.6666666666666,121.75,617.7083333333334
experiment_6635344fb4ae723326e3ce04_20250826132250.csv,6635344fb4ae723326e3ce04,97.30851063829788,824.8439716312058,96.13725490196079,760.5294117647059
experiment_6635344fb4ae723326e3ce04_20250826132502.csv,6635344fb4ae723326e3ce04,95.41666666666667,661.3814814814815,95.96491228070175,581.2105263157895
experiment_6635344fb4ae723326e3ce04_20250826132624.csv,6635344fb4ae723326e3ce04,118.21851851851851,540.2777777777778,116.68,503.78
experiment_6635344fb4ae723326e3ce04_20250826132907.csv,6635344fb4ae723326e3ce04,97.3015873015873,914.0396825396825,98.14285714285714,958.3376623376623
experiment_6635344fb4ae723326e3ce04_20250826133223.csv,6635344fb4ae723326e3ce04,106.0673076923077,747.7884615384615,106.46428571428571,705.9642857142857
experiment_6635344fb4ae723326e3ce04_20250826133323.csv,6635344fb4ae723326e3ce04,106.47435897435898,345.3269230769231,106.15116279069767,331.48837209302326
experiment_6635344fb4ae723326e3ce04_20250826133518.csv,6635344fb4ae723326e3ce04,101.01937984496124,518.6472868217054,100.59375,505.1770833333333
experiment_6643495b44af166c626762cd_20250819155555.csv,6643495b44af166c626762cd,94.01458333333332,945.0166666666667,93.59255319148937,830.5
experiment_6643495b44af166c626762cd_20250819155834.csv,6643495b44af166c626762cd,101.89358701453072,234.97854747349783,100.7566371681416,216.08525073746316
experiment_6643495b44af166c626762cd_20250819155956.csv,6643495b44af166c626762cd,-35260849609.44582,35260849861.58926,-44300670006.917755,44300670254.794395
experiment_6643495b44af166c626762cd_20250819160208.csv,6643495b44af166c626762cd,94.57139577594123,359.1940115440115,94.04384353741496,305.54687074829934
experiment_6643495b44af166c626762cd_20250819160307.csv,6643495b44af166c626762cd,86.20932539682539,145.45833333333334,87.03044871794872,162.7596153846154
experiment_6643495b44af166c626762cd_20250819160610.csv,6643495b44af166c626762cd,96.02774292806761,282.99357190428617,94.21202582728006,267.25926150121063
experiment_6643495b44af166c626762cd_20250819160707.csv,6643495b44af166c626762cd,89.82346491228071,184.63815789473685,90.1934865900383,170.53256704980845
experiment_6643495b44af166c626762cd_20250819160831.csv,6643495b44af166c626762cd,87.57447916666666,230.19652777777776,87.19783715012724,210.37468193384223
experiment_664b44d8a11f1bcbba9e0494_20250827045451.csv,664b44d8a11f1bcbba9e0494,88.41761363636364,241.6278409090909,87.63362068965517,242.43247126436782
experiment_664b44d8a11f1bcbba9e0494_20250827045629.csv,664b44d8a11f1bcbba9e0494,89.93782051282051,202.5503663003663,88.5695443645084,198.32314148681053
experiment_664b44d8a11f1bcbba9e0494_20250827045742.csv,664b44d8a11f1bcbba9e0494,86.95205415499534,193.1375816993464,85.68955399061032,185.20657276995306
experiment_664b44d8a11f1bcbba9e0494_20250827045845.csv,664b44d8a11f1bcbba9e0494,86.11737987987988,169.3222812097812,84.29335130278527,175.29919137466308
experiment_664b44d8a11f1bcbba9e0494_20250827050010.csv,664b44d8a11f1bcbba9e0494,86.84773809523809,229.3306666666667,85.74645390070921,219.68557919621747
experiment_664b44d8a11f1bcbba9e0494_20250827050207.csv,664b44d8a11f1bcbba9e0494,93.09076408341114,204.64922969187674,90.60952380952381,214.24444444444444
experiment_664b44d8a11f1bcbba9e0494_20250827050356.csv,664b44d8a11f1bcbba9e0494,87.32142857142857,306.53822055137846,85.60984848484848,287.637987012987
experiment_664b44d8a11f1bcbba9e0494_20250827050608.csv,664b44d8a11f1bcbba9e0494,87.1650123685838,226.68993506493507,86.87390710382513,231.04371584699456
experiment_664c8dd7baa052f7b1e88417_20250826174453.csv,664c8dd7baa052f7b1e88417,53.40803030303031,639.4578787878788,52.769406392694066,719.2591324200913
experiment_664c8dd7baa052f7b1e88417_20250826174734.csv,664c8dd7baa052f7b1e88417,58.542682926829265,486.0497967479675,57.73267326732673,536.5214521452145
experiment_664c8dd7baa052f7b1e88417_20250826175028.csv,664c8dd7baa052f7b1e88417,-62567649279.741714,62567649939.42502,-82447475026.13876,82447475629.87024
experiment_664c8dd7baa052f7b1e88417_20250826175139.csv,664c8dd7baa052f7b1e88417,59.899305555555564,306.7395833333333,58.94736842105263,303.6666666666667
experiment_664c8dd7baa052f7b1e88417_20250826175316.csv,664c8dd7baa052f7b1e88417,54.64833659491193,402.73268101761255,55.60833333333333,339.1925
experiment_664c8dd7baa052f7b1e88417_20250826175558.csv,664c8dd7baa052f7b1e88417,-44071528550.46324,44071529085.17277,-56315392164.66167,56315392675.91487
experiment_664c8dd7baa052f7b1e88417_20250826175738.csv,664c8dd7baa052f7b1e88417,53.250440917107575,529.4329805996473,53.53044871794872,479.26282051282044
experiment_664c8dd7baa052f7b1e88417_20250826175848.csv,664c8dd7baa052f7b1e88417,51.259009009009006,311.77027027027026,52.23888888888889,298.6
experiment_664e413a5f3eb7f99d90e15b_20250826191757.csv,664e413a5f3eb7f99d90e15b,-12010728672.425745,12010729466.99463,-12972701912.962055,12972702713.927744
experiment_664e413a5f3eb7f99d90e15b_20250826192354.csv,664e413a5f3eb7f99d90e15b,116.9524574829932,646.999255625327,117.42398648648648,647.6677927927927
experiment_664e413a5f3eb7f99d90e15b_20250826192643.csv,664e413a5f3eb7f99d90e15b,121.19841269841271,489.6666666666667,117.58695652173913,467.9347826086956
experiment_664e413a5f3eb7f99d90e15b_20250826193141.csv,664e413a5f3eb7f99d90e15b,117.0793172856867,548.5730089796969,120.66331120943953,491.9827433628319
experiment_664e413a5f3eb7f99d90e15b_20250826193708.csv,664e413a5f3eb7f99d90e15b,111.45411557836707,419.5718277730254,108.87589071599864,421.74467283316204
experiment_664e413a5f3eb7f99d90e15b_20250826194048.csv,664e413a5f3eb7f99d90e15b,114.13915094339623,551.1751222921034,115.92229080932783,481.9548696844993
experiment_664e413a5f3eb7f99d90e15b_20250826194611.csv,664e413a5f3eb7f99d90e15b,107.38711157717368,438.80979963790526,108.45084460502748,372.69792631708975
experiment_664e413a5f3eb7f99d90e15b_20250826194947.csv,664e413a5f3eb7f99d90e15b,110.08063905791178,627.5940604849695,108.23309178743962,657.4943639291464
experiment_664fa86722f5339adebd32ec_20250827145607.csv,664fa86722f5339adebd32ec,101.17375886524823,891.27304964539,100.90384615384616,871.8942307692307
experiment_664fa86722f5339adebd32ec_20250827150103.csv,664fa86722f5339adebd32ec,-42151360781.1624,42151361725.205505,-37770036410.8205,37770037241.47819
experiment_664fa86722f5339adebd32ec_20250827150309.csv,664fa86722f5339adebd32ec,97.16956521739131,528.6152173913043,97.5,509.9234693877551
experiment_664fa86722f5339adebd32ec_20250827150815.csv,664fa86722f5339adebd32ec,171.23134022839906,841.1820189614309,151.27961538461537,758.4305128205128
experiment_664fa86722f5339adebd32ec_20250827151110.csv,664fa86722f5339adebd32ec,-146495350628.77118,146495351403.00693,-152586988386.20816,152586989124.1048
experiment_664fa86722f5339adebd32ec_20250827151433.csv,664fa86722f5339adebd32ec,135.49331275720164,1236.8024691358025,132.00058823529412,1066.0282352941176
experiment_664fa86722f5339adebd32ec_20250827151627.csv,664fa86722f5339adebd32ec,107.67683615819209,416.64802259887,107.11655405405405,459.53885135135135
experiment_664fa86722f5339adebd32ec_20250827151843.csv,664fa86722f5339adebd32ec,-176735382874.00943,176735383700.29404,-203958332525.41614,203958333345.46613
experiment_666f76b68b89442817be678a_20250827043255.csv,666f76b68b89442817be678a,-140501524784.31067,140501525937.26624,-206619891312.35883,206619892371.0
experiment_666f76b68b89442817be678a_20250827043510.csv,666f76b68b89442817be678a,-133387535175.00465,133387535962.5021,-173888040867.22443,173888041554.1023
experiment_666f76b68b89442817be678a_20250827043631.csv,666f76b68b89442817be678a,99.0,514.6388888888889,97.8135593220339,513.8644067796611
experiment_666f76b68b89442817be678a_20250827043905.csv,666f76b68b89442817be678a,-18884617318.727776,18884618060.217743,-14278613068.941734,14278613809.162601
experiment_666f76b68b89442817be678a_20250827044000.csv,666f76b68b89442817be678a,94.70921985815602,412.5709219858156,95.47321428571429,418.20535714285717
experiment_666f76b68b89442817be678a_20250827044216.csv,666f76b68b89442817be678a,-23733373787.655407,23733374615.092342,-19299666578.307693,19299667402.258244
experiment_666f76b68b89442817be678a_20250827044433.csv,666f76b68b89442817be678a,-106440594264.19243,106440595257.59898,-120292452231.77968,120292453179.32877
experiment_666f76b68b89442817be678a_20250827044818.csv,666f76b68b89442817be678a,-54616753695.06361,54616754657.981834,-49823262051.21099,49823262923.23779
experiment_6672bf56d51710391ce2164d_20250827065429.csv,6672bf56d51710391ce2164d,-33398508928.371407,33398509204.83357,-31442308419.845154,31442308700.03519
experiment_6672bf56d51710391ce2164d_20250827065546.csv,6672bf56d51710391ce2164d,106.09679487179486,140.68157051282054,106.77407407407408,163.23333333333335
experiment_6672bf56d51710391ce2164d_20250827065631.csv,6672bf56d51710391ce2164d,100.3048245614035,126.01973684210526,101.71938775510205,136.29421768707485
experiment_6672bf56d51710391ce2164d_20250827065820.csv,6672bf56d51710391ce2164d,-42075866883.144104,42075867131.44342,-34228533329.630695,34228533576.297974
experiment_6672bf56d51710391ce2164d_20250827065928.csv,6672bf56d51710391ce2164d,-105252848808.47142,105252849048.7066,-94447724556.96614,94447724786.75607
experiment_6672bf56d51710391ce2164d_20250827070122.csv,6672bf56d51710391ce2164d,104.1625058356676,230.3222864145658,105.25696605374824,200.14186704384724
experiment_6672bf56d51710391ce2164d_20250827070316.csv,6672bf56d51710391ce2164d,105.86133054726805,176.38021473177722,104.75451205173427,145.70359347442678
experiment_6672bf56d51710391ce2164d_20250827070412.csv,6672bf56d51710391ce2164d,102.35416666666666,136.47735507246378,102.18260869565218,144.6304347826087
experiment_6672fea3fe6378e257b6ef25_20250826232322.csv,6672fea3fe6378e257b6ef25,128.41944754464285,197.31885850694442,125.84372843340235,232.21143892339546
experiment_6672fea3fe6378e257b6ef25_20250826233453.csv,6672fea3fe6378e257b6ef25,-40947256257.335464,40947257137.34821,-45639911833.18734,45639912501.00903
experiment_6672fea3fe6378e257b6ef25_20250826234654.csv,6672fea3fe6378e257b6ef25,-103303236574.9644,103303237400.39261,-116055342204.23859,116055342750.55663
experiment_6672fea3fe6378e257b6ef25_20250826235530.csv,6672fea3fe6378e257b6ef25,-38385519648.141785,38385520252.514465,-38519320972.99769,38519321519.310486
experiment_6672fea3fe6378e257b6ef25_20250827001005.csv,6672fea3fe6378e257b6ef25,-50232037440.18004,50232038347.56297,-66607686524.55401,66607687196.01234
experiment_6672fea3fe6378e257b6ef25_20250827001338.csv,6672fea3fe6378e257b6ef25,-48760042416.38718,48760042708.118385,-55954762005.68857,55954762282.41772
experiment_6672fea3fe6378e257b6ef25_20250827001601.csv,6672fea3fe6378e257b6ef25,-94315487967.78247,94315488366.76686,-102215821759.39815,102215822119.17967
experiment_6672fea3fe6378e257b6ef25_20250827001819.csv,6672fea3fe6378e257b6ef25,-40142944329.8754,40142944574.69846,-32070721752.386086,32070721989.357243
experiment_6679a3b7cb020a6e4728eac5_20250826125226.csv,6679a3b7cb020a6e4728eac5,-28276257781.03389,28276258125.221897,-32934133447.414383,32934133747.682774
experiment_6679a3b7cb020a6e4728eac5_20250826125403.csv,6679a3b7cb020a6e4728eac5,-25953883658.603477,25953883851.758186,-17335194457.15153,17335194642.920315
experiment_6679a3b7cb020a6e4728eac5_20250826125556.csv,6679a3b7cb020a6e4728eac5,-114052907292.77623,114052907696.15805,-131013778156.2856,131013778501.76984
experiment_6679a3b7cb020a6e4728eac5_20250826125824.csv,6679a3b7cb020a6e4728eac5,94.60453042328042,245.36183862433867,94.70871559633028,242.68111984855105
experiment_6679a3b7cb020a6e4728eac5_20250826125919.csv,6679a3b7cb020a6e4728eac5,87.8217299578059,179.15928270042193,87.8440594059406,191.31683168316832
experiment_6679a3b7cb020a6e4728eac5_20250826130229.csv,6679a3b7cb020a6e4728eac5,85.48068489124044,159.15522045855377,86.00932069510269,144.06153238546602
experiment_6679a3b7cb020a6e4728eac5_20250826130356.csv,6679a3b7cb020a6e4728eac5,84.6662172072008,127.28538014808507,85.86918138041734,139.14907704654897
experiment_6679a3b7cb020a6e4728eac5_20250826130646.csv,6679a3b7cb020a6e4728eac5,-91949070287.54584,91949070692.79819,-102974711433.33134,102974711800.89848
experiment_66986ab71f2b54203f26ad32_20250827074414.csv,66986ab71f2b54203f26ad32,-40574136532.68135,40574137236.39554,-42150731543.82,42150732257.6
experiment_66986ab71f2b54203f26ad32_20250827075113.csv,66986ab71f2b54203f26ad32,105.8669954259577,1337.2051315037163,102.78291194420227,1087.826413106655
experiment_66986ab71f2b54203f26ad32_20250827075354.csv,66986ab71f2b54203f26ad32,-73354715190.88164,73354715744.86653,-84721400305.00371,84721400786.61621
experiment_66986ab71f2b54203f26ad32_20250827075811.csv,66986ab71f2b54203f26ad32,103.60416666666667,437.6333333333334,105.16666666666667,470.5888888888889
experiment_66986ab71f2b54203f26ad32_20250827080128.csv,66986ab71f2b54203f26ad32,-59626842199.47685,59626843384.546295,-73873442676.78291,73873444677.9437
experiment_66986ab71f2b54203f26ad32_20250827080320.csv,66986ab71f2b54203f26ad32,108.51515151515153,782.4363636363636,108.73387096774194,658.8629032258065
experiment_66986ab71f2b54203f26ad32_20250827080446.csv,66986ab71f2b54203f26ad32,-37850902135.079025,37850902664.079025,-53006494785.50905,53006495264.19718
experiment_66986ab71f2b54203f26ad32_20250827080610.csv,66986ab71f2b54203f26ad32,109.8913043478261,433.1195652173913,108.41,519.31
experiment_66b4f89242c0ff3aab8f8774_20250827110519.csv,66b4f89242c0ff3aab8f8774,-18196152115.966045,18196152497.46717,-23825674872.879066,23825675199.72442
experiment_66b4f89242c0ff3aab8f8774_20250827110707.csv,66b4f89242c0ff3aab8f8774,-62176448792.17127,62176448980.14753,-86917867174.53638,86917867389.8173
experiment_66b4f89242c0ff3aab8f8774_20250827110837.csv,66b4f89242c0ff3aab8f8774,96.87001028806584,226.97818930041154,96.65032258064515,192.17021505376343
experiment_66b4f89242c0ff3aab8f8774_20250827111006.csv,66b4f89242c0ff3aab8f8774,92.93763440860216,234.72078853046594,91.6829457364341,271.3434108527132
experiment_66b4f89242c0ff3aab8f8774_20250827111135.csv,66b4f89242c0ff3aab8f8774,-74166040250.48726,74166040600.43971,-103363770856.67009,103363771170.25659
experiment_66b4f89242c0ff3aab8f8774_20250827111254.csv,66b4f89242c0ff3aab8f8774,92.30980392156863,162.54327731092437,92.94454828660436,158.94361370716513
experiment_66b4f89242c0ff3aab8f8774_20250827111417.csv,66b4f89242c0ff3aab8f8774,88.8153409090909,200.7689393939394,88.80780780780782,179.8768768768769
experiment_66b4f89242c0ff3aab8f8774_20250827111556.csv,66b4f89242c0ff3aab8f8774,-64031526312.17064,64031526575.87098,-82718277954.87651,82718278203.70503
experiment_66bb6b7e0ccbed81f3ed30a8_20250827094005.csv,66bb6b7e0ccbed81f3ed30a8,-29695682549.720413,29695682932.98063,-28538958574.828423,28538958927.467266
experiment_66bb6b7e0ccbed81f3ed30a8_20250827094203.csv,66bb6b7e0ccbed81f3ed30a8,-35947407788.18327,35947408153.95635,-33347233569.06224,33347233925.966248
experiment_66bb6b7e0ccbed81f3ed30a8_20250827094339.csv,66bb6b7e0ccbed81f3ed30a8,67.7814465408805,321.93427672955977,67.74887387387386,309.62387387387383
experiment_66bb6b7e0ccbed81f3ed30a8_20250827094635.csv,66bb6b7e0ccbed81f3ed30a8,70.22323481116585,307.70451559934315,69.58473389355743,286.6120448179272
experiment_66bb6b7e0ccbed81f3ed30a8_20250827094749.csv,66bb6b7e0ccbed81f3ed30a8,69.13409961685824,342.8141762452107,68.08408408408408,324.18618618618615
experiment_66bb6b7e0ccbed81f3ed30a8_20250827095146.csv,66bb6b7e0ccbed81f3ed30a8,67.28559027777779,274.4296875,67.2781954887218,277.20676691729324
experiment_66bb6b7e0ccbed81f3ed30a8_20250827095354.csv,66bb6b7e0ccbed81f3ed30a8,-32101969169.127617,32101969537.313217,-37331733646.03116,37331734001.123436
experiment_66bb6b7e0ccbed81f3ed30a8_20250827095543.csv,66bb6b7e0ccbed81f3ed30a8,64.76304347826087,399.4482608695652,64.46750524109014,367.2274633123689
experiment_6702f60844f21087e0840e3d_20250827133525.csv,6702f60844f21087e0840e3d,-54307408087.48702,54307408508.47603,-55755605275.67989,55755605667.71494
experiment_6702f60844f21087e0840e3d_20250827133955.csv,6702f60844f21087e0840e3d,97.77405498281786,285.07560137457045,97.75210084033614,270.6344537815126
experiment_6702f60844f21087e0840e3d_20250827134445.csv,6702f60844f21087e0840e3d,-25090032181.255955,25090032511.69405,-53545800495.78049,53545800818.52236
experiment_6702f60844f21087e0840e3d_20250827134606.csv,6702f60844f21087e0840e3d,94.52727272727273,384.94545454545454,95.25862068965517,367.5431034482759
experiment_6702f60844f21087e0840e3d_20250827134835.csv,6702f60844f21087e0840e3d,87.98032407407408,248.48611111111111,90.55319148936171,230.5372340425532
experiment_6702f60844f21087e0840e3d_20250827134920.csv,6702f60844f21087e0840e3d,91.38418079096046,164.25706214689268,93.83088235294117,152.81372549019608
experiment_6702f60844f21087e0840e3d_20250827135301.csv,6702f60844f21087e0840e3d,100.63250000000001,192.48083333333335,99.08169934640522,181.2908496732026
experiment_6702f60844f21087e0840e3d_20250827135427.csv,6702f60844f21087e0840e3d,-13938911369.000685,13938911735.315544,-27903876889.873207,27903877232.826794
experiment_6725030a6ee43d8130ceefc5_20250826141649.csv,6725030a6ee43d8130ceefc5,-35479144768.59175,35479145139.37646,-25088823644.470234,25088824027.92976
experiment_6725030a6ee43d8130ceefc5_20250826142056.csv,6725030a6ee43d8130ceefc5,-64299356386.84286,64299356983.876015,-70454335006.0596,70454335531.23723
experiment_6725030a6ee43d8130ceefc5_20250826142348.csv,6725030a6ee43d8130ceefc5,90.63791275634341,427.3705074730622,92.21414141414141,347.08198653198656
experiment_6725030a6ee43d8130ceefc5_20250826142721.csv,6725030a6ee43d8130ceefc5,90.86864619481396,368.4468472864854,95.6392857142857,340.7577160493827
experiment_6725030a6ee43d8130ceefc5_20250826143040.csv,6725030a6ee43d8130ceefc5,98.61596761263428,341.24481802148466,98.87340067340067,322.08109668109665
experiment_6725030a6ee43d8130ceefc5_20250826143420.csv,6725030a6ee43d8130ceefc5,-54563341807.93468,54563342307.52895,-50016247382.75891,50016247861.501396
experiment_6725030a6ee43d8130ceefc5_20250826143716.csv,6725030a6ee43d8130ceefc5,94.72643097643099,477.28143939393937,98.3490099009901,362.38003300330035
experiment_6725030a6ee43d8130ceefc5_20250826143929.csv,6725030a6ee43d8130ceefc5,-26212225267.696796,26212225788.912735,-19513545419.365463,19513545880.355186
experiment_6725c4a8e3ab0787551acf38_20250827051835.csv,6725c4a8e3ab0787551acf38,119.66880952380951,417.5352380952381,119.29775280898876,420.34550561797755
experiment_6725c4a8e3ab0787551acf38_20250827052240.csv,6725c4a8e3ab0787551acf38,-50179199267.287476,50179200240.708694,-43906799083.323524,43906799946.85588
experiment_6725c4a8e3ab0787551acf38_20250827052811.csv,6725c4a8e3ab0787551acf38,-89301270962.76091,89301271774.19589,-79463751321.36896,79463752040.61444
experiment_6725c4a8e3ab0787551acf38_20250827052959.csv,6725c4a8e3ab0787551acf38,123.11607142857143,479.27083333333337,122.30882352941177,508.2352941176471
experiment_6725c4a8e3ab0787551acf38_20250827053420.csv,6725c4a8e3ab0787551acf38,110.66300390526582,580.3942617787856,112.20252747252748,542.837094017094
experiment_6725c4a8e3ab0787551acf38_20250827054055.csv,6725c4a8e3ab0787551acf38,-30215448210.187595,30215449038.49659,-22341280874.76099,22341281664.223217
experiment_6725c4a8e3ab0787551acf38_20250827055027.csv,6725c4a8e3ab0787551acf38,-26948112706.803448,26948113957.083652,-20324827162.750145,20324828163.31943
experiment_6725c4a8e3ab0787551acf38_20250827055451.csv,6725c4a8e3ab0787551acf38,116.66352854864434,699.4966711931343,116.34450730787364,567.6086555084079
experiment_67356f7cf6ff16fe3322a837_20250826204640.csv,67356f7cf6ff16fe3322a837,-62415430067.28554,62415430552.98937,-89408636183.32968,89408636667.12363
experiment_67356f7cf6ff16fe3322a837_20250826205335.csv,67356f7cf6ff16fe3322a837,-41595192805.26798,41595193264.90088,-50838569015.40714,50838569508.91729
experiment_67356f7cf6ff16fe3322a837_20250826205624.csv,67356f7cf6ff16fe3322a837,121.5679012345679,295.2716049382716,122.8804347826087,293.60869565217394
experiment_67356f7cf6ff16fe3322a837_20250826210047.csv,67356f7cf6ff16fe3322a837,155.30769230769232,567.3461538461538,155.46666666666667,500.95
experiment_67356f7cf6ff16fe3322a837_20250826210334.csv,67356f7cf6ff16fe3322a837,130.23547979797982,261.14646464646466,131.16780303030302,257.7443181818182
experiment_67356f7cf6ff16fe3322a837_20250826210919.csv,67356f7cf6ff16fe3322a837,128.3302795031056,458.4463250517598,127.63644067796609,471.76525423728816
experiment_67356f7cf6ff16fe3322a837_20250826211026.csv,67356f7cf6ff16fe3322a837,125.51923076923077,318.9951923076923,124.29824561403508,354.49122807017545
experiment_67356f7cf6ff16fe3322a837_20250826211152.csv,67356f7cf6ff16fe3322a837,107.61662631154157,362.4386602098466,110.50555555555555,337.6388888888889
experiment_673d0377254c407e5da57f97_20250827103338.csv,673d0377254c407e5da57f97,100.02962962962962,215.39560185185186,100.20786516853933,194.48314606741573
experiment_673d0377254c407e5da57f97_20250827103431.csv,673d0377254c407e5da57f97,96.5611111111111,196.68974358974356,95.53314393939394,182.14488636363637
experiment_673d0377254c407e5da57f97_20250827103530.csv,673d0377254c407e5da57f97,98.15833333333333,184.08611111111114,98.41044776119404,198.02238805970148
experiment_673d0377254c407e5da57f97_20250827103628.csv,673d0377254c407e5da57f97,-120338454565.42223,120338454862.65555,-154742649584.37024,154742649877.3264
experiment_673d0377254c407e5da57f97_20250827103656.csv,673d0377254c407e5da57f97,97.0047619047619,109.56666666666666,97.8,111.04166666666666
experiment_673d0377254c407e5da57f97_20250827103742.csv,673d0377254c407e5da57f97,94.43402777777777,200.32291666666666,94.73684210526316,215.62280701754386
experiment_673d0377254c407e5da57f97_20250827103842.csv,673d0377254c407e5da57f97,100.36928104575163,423.1535947712419,100.36666666666666,376.55
experiment_673d0377254c407e5da57f97_20250827103934.csv,673d0377254c407e5da57f97,124.64090909090909,239.65454545454546,120.7063492063492,218.34920634920636
experiment_673f7365f63a4a3036aae1f2_20250827084022.csv,673f7365f63a4a3036aae1f2,126.10951632035972,433.8129639102531,126.52979976442874,433.89929328621906
experiment_673f7365f63a4a3036aae1f2_20250827084625.csv,673f7365f63a4a3036aae1f2,121.15017636684303,426.950637633971,124.3705615942029,432.016847826087
experiment_673f7365f63a4a3036aae1f2_20250827085135.csv,673f7365f63a4a3036aae1f2,116.59836570593147,355.3400062656642,117.26108923884514,383.9320866141732
experiment_673f7365f63a4a3036aae1f2_20250827085743.csv,673f7365f63a4a3036aae1f2,139.4045618247299,458.94217687074837,136.24650698602795,453.0459081836328
experiment_673f7365f63a4a3036aae1f2_20250827090455.csv,673f7365f63a4a3036aae1f2,135.3969587835134,437.24701880752303,136.67871939736347,429.1474576271187
experiment_673f7365f63a4a3036aae1f2_20250827090828.csv,673f7365f63a4a3036aae1f2,121.2132616487455,319.77329749103944,122.49586776859505,318.61570247933884
experiment_673f7365f63a4a3036aae1f2_20250827091439.csv,673f7365f63a4a3036aae1f2,136.71039603960395,366.2608910891089,137.65091324200912,357.46826484018266
experiment_673f7365f63a4a3036aae1f2_20250827091805.csv,673f7365f63a4a3036aae1f2,136.52619047619046,413.3510737628385,138.6160337552743,518.8748945147679
experiment_67430c9cce2366e644146584_20250826130000.csv,67430c9cce2366e644146584,102.45008503401361,178.29753401360546,95.97758037225043,184.82698815566837
experiment_67430c9cce2366e644146584_20250826130049.csv,67430c9cce2366e644146584,-36757951210.862015,36757951457.73062,-30020738864.422005,30020739132.073715
experiment_67430c9cce2366e644146584_20250826130140.csv,67430c9cce2366e644146584,-24910826379.532974,24910826590.09119,-26609291819.969067,26609292009.342804
experiment_67430c9cce2366e644146584_20250826130246.csv,67430c9cce2366e644146584,-84817121217.19128,84817121483.65947,-94357953125.12134,94357953378.31726
experiment_67430c9cce2366e644146584_20250826130352.csv,67430c9cce2366e644146584,-93456079388.34882,93456079630.54268,-126001754749.47348,126001755004.05171
experiment_67430c9cce2366e644146584_20250826130445.csv,67430c9cce2366e644146584,-18293890135.28931,18293890347.28683,-14278158132.762873,14278158343.113821
experiment_67430c9cce2366e644146584_20250826130615.csv,67430c9cce2366e644146584,-38297491598.4242,38297491801.790955,-31548746264.682934,31548746457.972755
experiment_67430c9cce2366e644146584_20250826130746.csv,67430c9cce2366e644146584,79.66438356164383,295.64155251141557,79.89411764705882,294.21176470588233
experiment_67450bce7a49cb1c784dcc2b_20250827065436.csv,67450bce7a49cb1c784dcc2b,109.71646090534979,138.5508230452675,108.48453608247422,123.38144329896907
experiment_67450bce7a49cb1c784dcc2b_20250827065809.csv,67450bce7a49cb1c784dcc2b,-62564603105.78023,62564604100.95186,-67294563405.8775,67294564143.8324
experiment_67450bce7a49cb1c784dcc2b_20250827070247.csv,67450bce7a49cb1c784dcc2b,109.44651018019918,119.22196705733289,109.41212121212122,137.4021212121212
experiment_67450bce7a49cb1c784dcc2b_20250827071642.csv,67450bce7a49cb1c784dcc2b,-109396592096.15387,109396593174.84888,-121588534826.86171,121588535868.36732
experiment_67450bce7a49cb1c784dcc2b_20250827071753.csv,67450bce7a49cb1c784dcc2b,-51807640834.4525,51807641082.42582,-62724250977.42177,62724251217.48244
experiment_67450bce7a49cb1c784dcc2b_20250827071937.csv,67450bce7a49cb1c784dcc2b,-25089701472.623688,25089701740.724957,-17475413925.601276,17475414200.389362
experiment_67450bce7a49cb1c784dcc2b_20250827072032.csv,67450bce7a49cb1c784dcc2b,147.55574534161488,123.72308488612836,139.24338624338625,116.89550264550265
experiment_67450bce7a49cb1c784dcc2b_20250827072143.csv,67450bce7a49cb1c784dcc2b,114.49198312236287,121.2476793248945,114.546875,119.25
experiment_676797a573d3cbf6add72f02_20250827070828.csv,676797a573d3cbf6add72f02,140.77307692307693,246.66346153846155,140.73387096774192,250.06451612903226
experiment_676797a573d3cbf6add72f02_20250827071011.csv,676797a573d3cbf6add72f02,131.33650793650793,195.71150793650799,132.0747295968535,233.8180924287119
experiment_676797a573d3cbf6add72f02_20250827071225.csv,676797a573d3cbf6add72f02,126.64999999999999,350.1592592592593,127.4,312.3222222222222
experiment_676797a573d3cbf6add72f02_20250827071429.csv,676797a573d3cbf6add72f02,128.91261574074073,232.03298611111111,133.22555555555556,208.70666666666665
experiment_676797a573d3cbf6add72f02_20250827071601.csv,676797a573d3cbf6add72f02,140.91008771929828,253.82105263157897,142.3578947368421,281.59473684210525
experiment_676797a573d3cbf6add72f02_20250827071725.csv,676797a573d3cbf6add72f02,141.06150793650795,344.8134920634921,140.94845360824743,340.5773195876289
experiment_676797a573d3cbf6add72f02_20250827072002.csv,676797a573d3cbf6add72f02,-16506382347.62552,16506383037.058897,-25827634008.67353,25827634619.91544
experiment_676797a573d3cbf6add72f02_20250827072125.csv,676797a573d3cbf6add72f02,-65047379359.74462,65047379908.81993,-98838225865.22554,98838226381.1407
experiment_67709b0a96dcc9c2a7b0a06e_20250826184356.csv,67709b0a96dcc9c2a7b0a06e,95.85560344827586,328.6314655172414,96.07407407407406,307.8474945533769
experiment_67709b0a96dcc9c2a7b0a06e_20250826184357.csv,67709b0a96dcc9c2a7b0a06e,95.85560344827586,328.6314655172414,96.07407407407406,307.8474945533769
experiment_67709b0a96dcc9c2a7b0a06e_20250826184705.csv,67709b0a96dcc9c2a7b0a06e,97.06413398692811,311.1656454248366,95.56996336996336,304.0162393162393
experiment_67709b0a96dcc9c2a7b0a06e_20250826191927.csv,67709b0a96dcc9c2a7b0a06e,-56764421779.027916,56764422410.96539,-55073597402.963524,55073598031.98455
experiment_67709b0a96dcc9c2a7b0a06e_20250826192205.csv,67709b0a96dcc9c2a7b0a06e,113.25502136752137,495.78269230769234,115.15367647058824,416.3992647058824
experiment_67709b0a96dcc9c2a7b0a06e_20250826192538.csv,67709b0a96dcc9c2a7b0a06e,104.43027210884355,331.3537414965987,101.89430894308943,451.8739837398374
experiment_67709b0a96dcc9c2a7b0a06e_20250826192903.csv,67709b0a96dcc9c2a7b0a06e,104.35104166666667,707.7012152777778,104.99387254901961,821.4411764705883
experiment_67709b0a96dcc9c2a7b0a06e_20250826192905.csv,67709b0a96dcc9c2a7b0a06e,104.35104166666667,707.7012152777778,104.99387254901961,821.4411764705883
experiment_67acbb030811018b016dcaf7_20250827045345.csv,67acbb030811018b016dcaf7,127.09531986531988,171.52874579124577,126.95371900826446,136.1350780532599
experiment_67acbb030811018b016dcaf7_20250827045441.csv,67acbb030811018b016dcaf7,128.78005952380954,100.66041666666666,125.37920489296636,93.4862385321101
experiment_67acbb030811018b016dcaf7_20250827045529.csv,67acbb030811018b016dcaf7,129.53717948717951,105.76923076923077,129.09132420091325,103.15068493150685
experiment_67acbb030811018b016dcaf7_20250827045608.csv,67acbb030811018b016dcaf7,130.875,87.33571428571429,129.37037037037038,107.54320987654322
experiment_67acbb030811018b016dcaf7_20250827045711.csv,67acbb030811018b016dcaf7,124.29567307692308,64.49839743589743,122.98591549295774,57.32394366197183
experiment_67acbb030811018b016dcaf7_20250827045801.csv,67acbb030811018b016dcaf7,125.56607142857142,92.18406084656085,124.15922619047618,102.91071428571429
experiment_67acbb030811018b016dcaf7_20250827045845.csv,67acbb030811018b016dcaf7,134.25969328703704,79.59143518518518,131.99453551912566,75.85792349726775
experiment_67acbb030811018b016dcaf7_20250827045936.csv,67acbb030811018b016dcaf7,138.7,166.31111111111113,137.40151515151513,155.85795454545453
experiment_67bb91a04f5f96b7ac52242d_20250826203847.csv,67bb91a04f5f96b7ac52242d,80.00253169449599,392.42883297258294,78.5025,339.40231818181815
experiment_67bb91a04f5f96b7ac52242d_20250826204356.csv,67bb91a04f5f96b7ac52242d,76.50288235609825,464.9490865881945,76.8222068115272,440.2982855601788
experiment_67bb91a04f5f96b7ac52242d_20250826204756.csv,67bb91a04f5f96b7ac52242d,75.06496932121931,343.11702998578,75.47618555686736,331.2560770038043
experiment_67bb91a04f5f96b7ac52242d_20250826205112.csv,67bb91a04f5f96b7ac52242d,71.76851724830193,399.40596337474324,69.94242814242814,408.6219862719863
experiment_67bb91a04f5f96b7ac52242d_20250826205405.csv,67bb91a04f5f96b7ac52242d,77.22383708112875,410.43558201058204,77.080813172043,369.5127688172043
experiment_67bb91a04f5f96b7ac52242d_20250826205740.csv,67bb91a04f5f96b7ac52242d,79.14116161616163,372.668365472911,78.16151433691756,318.8296370967742
experiment_67bb91a04f5f96b7ac52242d_20250826210002.csv,67bb91a04f5f96b7ac52242d,76.2071818891491,474.4196233411397,75.8984674329502,383.3721264367816
experiment_67bb91a04f5f96b7ac52242d_20250826210430.csv,67bb91a04f5f96b7ac52242d,80.4583850931677,477.90254658385095,81.41201117318435,418.93715083798884
experiment_67d01f812bf82a710cd2193f_20250826194028.csv,67d01f812bf82a710cd2193f,90.99920000000002,701.9655333333333,91.09422348484848,641.2627840909091
experiment_67d01f812bf82a710cd2193f_20250826194359.csv,67d01f812bf82a710cd2193f,-27488931180.08811,27488931795.482605,-32197683295.498333,32197683901.655
experiment_67d01f812bf82a710cd2193f_20250826194644.csv,67d01f812bf82a710cd2193f,-35281556651.10303,35281557229.736786,-38026794587.83589,38026795121.63785
experiment_67d01f812bf82a710cd2193f_20250826194928.csv,67d01f812bf82a710cd2193f,-24620153896.303112,24620154459.110588,-24735741471.69718,24735742001.09507
experiment_67d01f812bf82a710cd2193f_20250826195238.csv,67d01f812bf82a710cd2193f,-43487794763.75949,43487795313.46514,-52936247733.97872,52936248251.7305
experiment_67d01f812bf82a710cd2193f_20250826195514.csv,67d01f812bf82a710cd2193f,78.9219298245614,433.5333333333333,78.3391472868217,436.4089147286822
experiment_67d01f812bf82a710cd2193f_20250826195742.csv,67d01f812bf82a710cd2193f,82.77286255411255,692.4910714285714,83.34782608695652,635.591304347826
experiment_67d01f812bf82a710cd2193f_20250826200038.csv,67d01f812bf82a710cd2193f,82.7998538011696,651.1355263157894,82.30701754385964,607.3717105263158
experiment_67d80b3db0cac8b1bd982fb2_20250827121337.csv,67d80b3db0cac8b1bd982fb2,90.95291666666667,683.5684722222223,89.57708333333332,637.5270833333333
experiment_67d80b3db0cac8b1bd982fb2_20250827121340.csv,67d80b3db0cac8b1bd982fb2,90.95291666666667,683.5684722222223,89.57708333333332,637.5270833333333
experiment_67d80b3db0cac8b1bd982fb2_20250827121343.csv,67d80b3db0cac8b1bd982fb2,90.95291666666667,683.5684722222223,89.57708333333332,637.5270833333333
experiment_67d80b3db0cac8b1bd982fb2_20250827121352.csv,67d80b3db0cac8b1bd982fb2,90.95291666666667,683.5684722222223,89.57708333333332,637.5270833333333
experiment_67d80b3db0cac8b1bd982fb2_20250827121418.csv,67d80b3db0cac8b1bd982fb2,90.95291666666667,683.5684722222223,89.57708333333332,637.5270833333333
experiment_67d80b3db0cac8b1bd982fb2_20250827121517.csv,67d80b3db0cac8b1bd982fb2,90.95291666666667,683.5684722222223,89.57708333333332,637.5270833333333
experiment_67d80b3db0cac8b1bd982fb2_20250827121617.csv,67d80b3db0cac8b1bd982fb2,10.109863945578232,111.64744897959184,9.954656862745097,98.01593137254902
experiment_67d80b3db0cac8b1bd982fb2_20250827121739.csv,67d80b3db0cac8b1bd982fb2,9.744047619047619,129.1031746031746,9.552287581699346,99.82516339869282
