filename,PARTICIPANT_ID,words,backspaces_in_words,ERRORRATE_FILE
experiment_5962a9280b835400010a7617_20250819171658.csv,5962a9280b835400010a7617,45,15,0.333333
experiment_5962a9280b835400010a7617_20250819171842.csv,5962a9280b835400010a7617,25,7,0.28
experiment_5962a9280b835400010a7617_20250819172140.csv,5962a9280b835400010a7617,58,30,0.517241
experiment_5962a9280b835400010a7617_20250819172308.csv,5962a9280b835400010a7617,13,11,0.846154
experiment_5962a9280b835400010a7617_20250819172535.csv,5962a9280b835400010a7617,30,26,0.866667
experiment_5962a9280b835400010a7617_20250819172701.csv,5962a9280b835400010a7617,43,4,0.093023
experiment_5962a9280b835400010a7617_20250819172849.csv,5962a9280b835400010a7617,39,7,0.179487
experiment_5962a9280b835400010a7617_20250819173056.csv,5962a9280b835400010a7617,44,14,0.318182
experiment_5accb373436f5500010037ee_20250826220942.csv,5accb373436f5500010037ee,22,0,0.0
experiment_5accb373436f5500010037ee_20250826221152.csv,5accb373436f5500010037ee,24,16,0.666667
experiment_5accb373436f5500010037ee_20250826221422.csv,5accb373436f5500010037ee,27,0,0.0
experiment_5accb373436f5500010037ee_20250826221929.csv,5accb373436f5500010037ee,51,8,0.156863
experiment_5accb373436f5500010037ee_20250826222104.csv,5accb373436f5500010037ee,28,5,0.178571
experiment_5accb373436f5500010037ee_20250826222601.csv,5accb373436f5500010037ee,55,1,0.018182
experiment_5accb373436f5500010037ee_20250826223512.csv,5accb373436f5500010037ee,29,8,0.275862
experiment_5accb373436f5500010037ee_20250826223839.csv,5accb373436f5500010037ee,20,1,0.05
experiment_5adae3ebdec767000128c131_20250819161542.csv,5adae3ebdec767000128c131,25,5,0.2
experiment_5adae3ebdec767000128c131_20250819161703.csv,5adae3ebdec767000128c131,15,0,0.0
experiment_5adae3ebdec767000128c131_20250819161830.csv,5adae3ebdec767000128c131,17,0,0.0
experiment_5adae3ebdec767000128c131_20250819161945.csv,5adae3ebdec767000128c131,13,10,0.769231
experiment_5adae3ebdec767000128c131_20250819162111.csv,5adae3ebdec767000128c131,21,0,0.0
experiment_5adae3ebdec767000128c131_20250819162323.csv,5adae3ebdec767000128c131,27,0,0.0
experiment_5adae3ebdec767000128c131_20250819162433.csv,5adae3ebdec767000128c131,20,0,0.0
experiment_5adae3ebdec767000128c131_20250819162658.csv,5adae3ebdec767000128c131,26,5,0.192308
experiment_5bf368846edd7200017136c7_20250819173015.csv,5bf368846edd7200017136c7,19,9,0.473684
experiment_5bf368846edd7200017136c7_20250819173115.csv,5bf368846edd7200017136c7,21,0,0.0
experiment_5bf368846edd7200017136c7_20250819173224.csv,5bf368846edd7200017136c7,18,7,0.388889
experiment_5bf368846edd7200017136c7_20250819173345.csv,5bf368846edd7200017136c7,18,0,0.0
experiment_5bf368846edd7200017136c7_20250819173434.csv,5bf368846edd7200017136c7,15,0,0.0
experiment_5bf368846edd7200017136c7_20250819173531.csv,5bf368846edd7200017136c7,14,1,0.071429
experiment_5bf368846edd7200017136c7_20250819173657.csv,5bf368846edd7200017136c7,23,2,0.086957
experiment_5bf368846edd7200017136c7_20250819173744.csv,5bf368846edd7200017136c7,7,0,0.0
experiment_5c4f5967aac8be0001716a65_20250827072337.csv,5c4f5967aac8be0001716a65,31,16,0.516129
experiment_5c4f5967aac8be0001716a65_20250827072604.csv,5c4f5967aac8be0001716a65,31,16,0.516129
experiment_5c4f5967aac8be0001716a65_20250827072740.csv,5c4f5967aac8be0001716a65,21,8,0.380952
experiment_5c4f5967aac8be0001716a65_20250827072858.csv,5c4f5967aac8be0001716a65,12,40,3.333333
experiment_5c4f5967aac8be0001716a65_20250827073017.csv,5c4f5967aac8be0001716a65,29,14,0.482759
experiment_5c4f5967aac8be0001716a65_20250827073135.csv,5c4f5967aac8be0001716a65,31,4,0.129032
experiment_5c4f5967aac8be0001716a65_20250827073247.csv,5c4f5967aac8be0001716a65,29,12,0.413793
experiment_5c4f5967aac8be0001716a65_20250827073348.csv,5c4f5967aac8be0001716a65,22,2,0.090909
experiment_5caa534a19731a00190bb935_20250826134753.csv,5caa534a19731a00190bb935,19,11,0.578947
experiment_5caa534a19731a00190bb935_20250826134934.csv,5caa534a19731a00190bb935,25,10,0.4
experiment_5caa534a19731a00190bb935_20250826135056.csv,5caa534a19731a00190bb935,24,7,0.291667
experiment_5caa534a19731a00190bb935_20250826135247.csv,5caa534a19731a00190bb935,22,9,0.409091
experiment_5caa534a19731a00190bb935_20250826135512.csv,5caa534a19731a00190bb935,37,6,0.162162
experiment_5caa534a19731a00190bb935_20250826135711.csv,5caa534a19731a00190bb935,28,11,0.392857
experiment_5caa534a19731a00190bb935_20250826135920.csv,5caa534a19731a00190bb935,22,23,1.045455
experiment_5caa534a19731a00190bb935_20250826140059.csv,5caa534a19731a00190bb935,22,9,0.409091
experiment_5cab22cd68194f001511b2d6_20250826123221.csv,5cab22cd68194f001511b2d6,12,46,3.833333
experiment_5cab22cd68194f001511b2d6_20250826123421.csv,5cab22cd68194f001511b2d6,16,51,3.1875
experiment_5cab22cd68194f001511b2d6_20250826123618.csv,5cab22cd68194f001511b2d6,22,18,0.818182
experiment_5cab22cd68194f001511b2d6_20250826123817.csv,5cab22cd68194f001511b2d6,51,11,0.215686
experiment_5cab22cd68194f001511b2d6_20250826124016.csv,5cab22cd68194f001511b2d6,54,15,0.277778
experiment_5cab22cd68194f001511b2d6_20250826124150.csv,5cab22cd68194f001511b2d6,39,4,0.102564
experiment_5cab22cd68194f001511b2d6_20250826124351.csv,5cab22cd68194f001511b2d6,43,11,0.255814
experiment_5cab22cd68194f001511b2d6_20250826124438.csv,5cab22cd68194f001511b2d6,12,0,0.0
experiment_5ced66139b5b490001b688ed_20250819173629.csv,5ced66139b5b490001b688ed,16,74,4.625
experiment_5ced66139b5b490001b688ed_20250819173808.csv,5ced66139b5b490001b688ed,41,12,0.292683
experiment_5ced66139b5b490001b688ed_20250819173856.csv,5ced66139b5b490001b688ed,20,3,0.15
experiment_5ced66139b5b490001b688ed_20250819173958.csv,5ced66139b5b490001b688ed,25,2,0.08
experiment_5ced66139b5b490001b688ed_20250819174044.csv,5ced66139b5b490001b688ed,17,0,0.0
experiment_5ced66139b5b490001b688ed_20250819174211.csv,5ced66139b5b490001b688ed,29,1,0.034483
experiment_5ced66139b5b490001b688ed_20250819174300.csv,5ced66139b5b490001b688ed,18,10,0.555556
experiment_5ced66139b5b490001b688ed_20250819174412.csv,5ced66139b5b490001b688ed,30,10,0.333333
experiment_5d3b0da8a884020001881773_20250827085711.csv,5d3b0da8a884020001881773,61,11,0.180328
experiment_5d3b0da8a884020001881773_20250827085854.csv,5d3b0da8a884020001881773,30,0,0.0
experiment_5d3b0da8a884020001881773_20250827085949.csv,5d3b0da8a884020001881773,24,1,0.041667
experiment_5d3b0da8a884020001881773_20250827090043.csv,5d3b0da8a884020001881773,20,5,0.25
experiment_5d3b0da8a884020001881773_20250827090418.csv,5d3b0da8a884020001881773,38,7,0.184211
experiment_5d3b0da8a884020001881773_20250827090613.csv,5d3b0da8a884020001881773,24,0,0.0
experiment_5d3b0da8a884020001881773_20250827090909.csv,5d3b0da8a884020001881773,26,11,0.423077
experiment_5d3b0da8a884020001881773_20250827091048.csv,5d3b0da8a884020001881773,30,2,0.066667
experiment_5d40a12f4994c40001e4b80c_20250826171318.csv,5d40a12f4994c40001e4b80c,23,0,0.0
experiment_5d40a12f4994c40001e4b80c_20250826171605.csv,5d40a12f4994c40001e4b80c,9,0,0.0
experiment_5d40a12f4994c40001e4b80c_20250826171829.csv,5d40a12f4994c40001e4b80c,9,0,0.0
experiment_5d40a12f4994c40001e4b80c_20250826172035.csv,5d40a12f4994c40001e4b80c,10,0,0.0
experiment_5d40a12f4994c40001e4b80c_20250826172259.csv,5d40a12f4994c40001e4b80c,13,0,0.0
experiment_5d40a12f4994c40001e4b80c_20250826172528.csv,5d40a12f4994c40001e4b80c,23,0,0.0
experiment_5d40a12f4994c40001e4b80c_20250826172723.csv,5d40a12f4994c40001e4b80c,16,4,0.25
experiment_5d40a12f4994c40001e4b80c_20250826172853.csv,5d40a12f4994c40001e4b80c,11,1,0.090909
experiment_5dafea4de40355001651fa2f_20250827072907.csv,5dafea4de40355001651fa2f,4,1,0.25
experiment_5dafea4de40355001651fa2f_20250827073139.csv,5dafea4de40355001651fa2f,16,0,0.0
experiment_5dafea4de40355001651fa2f_20250827073404.csv,5dafea4de40355001651fa2f,15,0,0.0
experiment_5dafea4de40355001651fa2f_20250827073623.csv,5dafea4de40355001651fa2f,14,0,0.0
experiment_5dafea4de40355001651fa2f_20250827073851.csv,5dafea4de40355001651fa2f,21,1,0.047619
experiment_5dafea4de40355001651fa2f_20250827074133.csv,5dafea4de40355001651fa2f,24,0,0.0
experiment_5dafea4de40355001651fa2f_20250827074355.csv,5dafea4de40355001651fa2f,26,0,0.0
experiment_5dafea4de40355001651fa2f_20250827074621.csv,5dafea4de40355001651fa2f,25,1,0.04
experiment_5ea4cebb8944a8495280db42_20250827131019.csv,5ea4cebb8944a8495280db42,38,11,0.289474
experiment_5ea4cebb8944a8495280db42_20250827131239.csv,5ea4cebb8944a8495280db42,27,27,1.0
experiment_5ea4cebb8944a8495280db42_20250827131357.csv,5ea4cebb8944a8495280db42,28,17,0.607143
experiment_5ea4cebb8944a8495280db42_20250827131506.csv,5ea4cebb8944a8495280db42,11,25,2.272727
experiment_5ea4cebb8944a8495280db42_20250827131629.csv,5ea4cebb8944a8495280db42,64,20,0.3125
experiment_5ea4cebb8944a8495280db42_20250827131754.csv,5ea4cebb8944a8495280db42,43,28,0.651163
experiment_5ea4cebb8944a8495280db42_20250827131916.csv,5ea4cebb8944a8495280db42,38,17,0.447368
experiment_5ea4cebb8944a8495280db42_20250827132017.csv,5ea4cebb8944a8495280db42,54,9,0.166667
experiment_5f29eff59714081a3594a331_20250827002427.csv,5f29eff59714081a3594a331,30,18,0.6
experiment_5f29eff59714081a3594a331_20250827002600.csv,5f29eff59714081a3594a331,18,4,0.222222
experiment_5f29eff59714081a3594a331_20250827002741.csv,5f29eff59714081a3594a331,15,7,0.466667
experiment_5f29eff59714081a3594a331_20250827003030.csv,5f29eff59714081a3594a331,26,14,0.538462
experiment_5f29eff59714081a3594a331_20250827003250.csv,5f29eff59714081a3594a331,18,7,0.388889
experiment_5f29eff59714081a3594a331_20250827003720.csv,5f29eff59714081a3594a331,24,18,0.75
experiment_5f29eff59714081a3594a331_20250827003856.csv,5f29eff59714081a3594a331,17,17,1.0
experiment_5f29eff59714081a3594a331_20250827004004.csv,5f29eff59714081a3594a331,18,10,0.555556
experiment_5f600669b846780f0fe45709_20250826213524.csv,5f600669b846780f0fe45709,8,23,2.875
experiment_5f600669b846780f0fe45709_20250826214105.csv,5f600669b846780f0fe45709,29,10,0.344828
experiment_5f600669b846780f0fe45709_20250826214342.csv,5f600669b846780f0fe45709,23,4,0.173913
experiment_5f600669b846780f0fe45709_20250826214807.csv,5f600669b846780f0fe45709,21,34,1.619048
experiment_5f600669b846780f0fe45709_20250826215049.csv,5f600669b846780f0fe45709,33,12,0.363636
experiment_5f600669b846780f0fe45709_20250826215513.csv,5f600669b846780f0fe45709,37,37,1.0
experiment_5f600669b846780f0fe45709_20250826215949.csv,5f600669b846780f0fe45709,42,8,0.190476
experiment_5f600669b846780f0fe45709_20250826220343.csv,5f600669b846780f0fe45709,30,34,1.133333
experiment_5faeb56b25a37f01d47d326c_20250827155350.csv,5faeb56b25a37f01d47d326c,41,40,0.97561
experiment_5faeb56b25a37f01d47d326c_20250827155623.csv,5faeb56b25a37f01d47d326c,32,13,0.40625
experiment_5faeb56b25a37f01d47d326c_20250827155839.csv,5faeb56b25a37f01d47d326c,31,15,0.483871
experiment_5faeb56b25a37f01d47d326c_20250827160020.csv,5faeb56b25a37f01d47d326c,20,14,0.7
experiment_5faeb56b25a37f01d47d326c_20250827160239.csv,5faeb56b25a37f01d47d326c,37,21,0.567568
experiment_5faeb56b25a37f01d47d326c_20250827160447.csv,5faeb56b25a37f01d47d326c,33,23,0.69697
experiment_5faeb56b25a37f01d47d326c_20250827160635.csv,5faeb56b25a37f01d47d326c,47,14,0.297872
experiment_5faeb56b25a37f01d47d326c_20250827160757.csv,5faeb56b25a37f01d47d326c,22,23,1.045455
experiment_5fb551ccab996500099ab1aa_20250819155215.csv,5fb551ccab996500099ab1aa,25,51,2.04
experiment_5fb551ccab996500099ab1aa_20250819155325.csv,5fb551ccab996500099ab1aa,14,14,1.0
experiment_5fb551ccab996500099ab1aa_20250819155614.csv,5fb551ccab996500099ab1aa,28,51,1.821429
experiment_5fb551ccab996500099ab1aa_20250819155807.csv,5fb551ccab996500099ab1aa,27,25,0.925926
experiment_5fb551ccab996500099ab1aa_20250819160110.csv,5fb551ccab996500099ab1aa,37,57,1.540541
experiment_5fb551ccab996500099ab1aa_20250819160238.csv,5fb551ccab996500099ab1aa,20,19,0.95
experiment_5fb551ccab996500099ab1aa_20250819160510.csv,5fb551ccab996500099ab1aa,47,44,0.93617
experiment_5fb551ccab996500099ab1aa_20250819160706.csv,5fb551ccab996500099ab1aa,31,11,0.354839
experiment_5fbfe145e52a44000a9c2966_20250827123944.csv,5fbfe145e52a44000a9c2966,41,29,0.707317
experiment_5fbfe145e52a44000a9c2966_20250827124623.csv,5fbfe145e52a44000a9c2966,30,6,0.2
experiment_5fbfe145e52a44000a9c2966_20250827125522.csv,5fbfe145e52a44000a9c2966,41,15,0.365854
experiment_5fbfe145e52a44000a9c2966_20250827125841.csv,5fbfe145e52a44000a9c2966,21,8,0.380952
experiment_5fbfe145e52a44000a9c2966_20250827130713.csv,5fbfe145e52a44000a9c2966,56,36,0.642857
experiment_5fbfe145e52a44000a9c2966_20250827131113.csv,5fbfe145e52a44000a9c2966,24,6,0.25
experiment_5fbfe145e52a44000a9c2966_20250827131610.csv,5fbfe145e52a44000a9c2966,31,24,0.774194
experiment_5fbfe145e52a44000a9c2966_20250827131905.csv,5fbfe145e52a44000a9c2966,20,6,0.3
experiment_5fff2877a99bcb65a14a223c_20250827105501.csv,5fff2877a99bcb65a14a223c,3,0,0.0
experiment_5fff2877a99bcb65a14a223c_20250827105621.csv,5fff2877a99bcb65a14a223c,14,1,0.071429
experiment_5fff2877a99bcb65a14a223c_20250827105709.csv,5fff2877a99bcb65a14a223c,11,1,0.090909
experiment_5fff2877a99bcb65a14a223c_20250827105737.csv,5fff2877a99bcb65a14a223c,5,0,0.0
experiment_5fff2877a99bcb65a14a223c_20250827105815.csv,5fff2877a99bcb65a14a223c,6,6,1.0
experiment_5fff2877a99bcb65a14a223c_20250827105905.csv,5fff2877a99bcb65a14a223c,4,3,0.75
experiment_5fff2877a99bcb65a14a223c_20250827105927.csv,5fff2877a99bcb65a14a223c,6,1,0.166667
experiment_5fff2877a99bcb65a14a223c_20250827110019.csv,5fff2877a99bcb65a14a223c,4,0,0.0
experiment_606598de386cd206c99a4648_20250827100151.csv,606598de386cd206c99a4648,37,22,0.594595
experiment_606598de386cd206c99a4648_20250827100414.csv,606598de386cd206c99a4648,40,3,0.075
experiment_606598de386cd206c99a4648_20250827100613.csv,606598de386cd206c99a4648,34,1,0.029412
experiment_606598de386cd206c99a4648_20250827100834.csv,606598de386cd206c99a4648,42,6,0.142857
experiment_606598de386cd206c99a4648_20250827101057.csv,606598de386cd206c99a4648,42,7,0.166667
experiment_606598de386cd206c99a4648_20250827101337.csv,606598de386cd206c99a4648,49,20,0.408163
experiment_606598de386cd206c99a4648_20250827101611.csv,606598de386cd206c99a4648,57,21,0.368421
experiment_606598de386cd206c99a4648_20250827101816.csv,606598de386cd206c99a4648,36,0,0.0
experiment_6081728972120aa7f9685791_20250819162308.csv,6081728972120aa7f9685791,25,13,0.52
experiment_6081728972120aa7f9685791_20250819162608.csv,6081728972120aa7f9685791,21,5,0.238095
experiment_6081728972120aa7f9685791_20250819162905.csv,6081728972120aa7f9685791,30,18,0.6
experiment_6081728972120aa7f9685791_20250819163340.csv,6081728972120aa7f9685791,38,6,0.157895
experiment_6081728972120aa7f9685791_20250819163538.csv,6081728972120aa7f9685791,20,12,0.6
experiment_6081728972120aa7f9685791_20250819164215.csv,6081728972120aa7f9685791,11,3,0.272727
experiment_6081728972120aa7f9685791_20250819164558.csv,6081728972120aa7f9685791,29,12,0.413793
experiment_6081728972120aa7f9685791_20250819164901.csv,6081728972120aa7f9685791,19,21,1.105263
experiment_60984a1b0cce76d16c4ca781_20250826200447.csv,60984a1b0cce76d16c4ca781,25,9,0.36
experiment_60984a1b0cce76d16c4ca781_20250826200645.csv,60984a1b0cce76d16c4ca781,26,10,0.384615
experiment_60984a1b0cce76d16c4ca781_20250826200908.csv,60984a1b0cce76d16c4ca781,37,14,0.378378
experiment_60984a1b0cce76d16c4ca781_20250826201050.csv,60984a1b0cce76d16c4ca781,41,15,0.365854
experiment_60984a1b0cce76d16c4ca781_20250826201214.csv,60984a1b0cce76d16c4ca781,33,39,1.181818
experiment_60984a1b0cce76d16c4ca781_20250826201351.csv,60984a1b0cce76d16c4ca781,21,6,0.285714
experiment_60984a1b0cce76d16c4ca781_20250826201445.csv,60984a1b0cce76d16c4ca781,27,16,0.592593
experiment_60984a1b0cce76d16c4ca781_20250826201546.csv,60984a1b0cce76d16c4ca781,25,11,0.44
experiment_60bf706fc3b12a3c4f11a487_20250827100116.csv,60bf706fc3b12a3c4f11a487,28,24,0.857143
experiment_60bf706fc3b12a3c4f11a487_20250827100808.csv,60bf706fc3b12a3c4f11a487,7,2,0.285714
experiment_60bf706fc3b12a3c4f11a487_20250827101328.csv,60bf706fc3b12a3c4f11a487,26,47,1.807692
experiment_60bf706fc3b12a3c4f11a487_20250827101501.csv,60bf706fc3b12a3c4f11a487,11,1,0.090909
experiment_60bf706fc3b12a3c4f11a487_20250827102031.csv,60bf706fc3b12a3c4f11a487,22,6,0.272727
experiment_60bf706fc3b12a3c4f11a487_20250827102148.csv,60bf706fc3b12a3c4f11a487,11,9,0.818182
experiment_60bf706fc3b12a3c4f11a487_20250827102400.csv,60bf706fc3b12a3c4f11a487,31,3,0.096774
experiment_60bf706fc3b12a3c4f11a487_20250827103123.csv,60bf706fc3b12a3c4f11a487,14,8,0.571429
experiment_60db9412ba928de1fdc2269e_20250827141622.csv,60db9412ba928de1fdc2269e,13,1,0.076923
experiment_60db9412ba928de1fdc2269e_20250827141823.csv,60db9412ba928de1fdc2269e,9,0,0.0
experiment_60db9412ba928de1fdc2269e_20250827142119.csv,60db9412ba928de1fdc2269e,7,0,0.0
experiment_60db9412ba928de1fdc2269e_20250827142439.csv,60db9412ba928de1fdc2269e,10,1,0.1
experiment_60db9412ba928de1fdc2269e_20250827142708.csv,60db9412ba928de1fdc2269e,8,0,0.0
experiment_60db9412ba928de1fdc2269e_20250827142848.csv,60db9412ba928de1fdc2269e,7,0,0.0
experiment_60db9412ba928de1fdc2269e_20250827143129.csv,60db9412ba928de1fdc2269e,6,5,0.833333
experiment_60db9412ba928de1fdc2269e_20250827143453.csv,60db9412ba928de1fdc2269e,4,0,0.0
experiment_60efc4347ae709f7f3dd8b04_20250827075231.csv,60efc4347ae709f7f3dd8b04,68,16,0.235294
experiment_60efc4347ae709f7f3dd8b04_20250827075425.csv,60efc4347ae709f7f3dd8b04,36,5,0.138889
experiment_60efc4347ae709f7f3dd8b04_20250827075557.csv,60efc4347ae709f7f3dd8b04,26,5,0.192308
experiment_60efc4347ae709f7f3dd8b04_20250827075848.csv,60efc4347ae709f7f3dd8b04,60,106,1.766667
experiment_60efc4347ae709f7f3dd8b04_20250827080019.csv,60efc4347ae709f7f3dd8b04,20,4,0.2
experiment_60efc4347ae709f7f3dd8b04_20250827080214.csv,60efc4347ae709f7f3dd8b04,36,39,1.083333
experiment_60efc4347ae709f7f3dd8b04_20250827080404.csv,60efc4347ae709f7f3dd8b04,53,25,0.471698
experiment_60efc4347ae709f7f3dd8b04_20250827080553.csv,60efc4347ae709f7f3dd8b04,20,17,0.85
experiment_60f23a36acf5f6c70e990efd_20250826202528.csv,60f23a36acf5f6c70e990efd,49,31,0.632653
experiment_60f23a36acf5f6c70e990efd_20250826202649.csv,60f23a36acf5f6c70e990efd,26,27,1.038462
experiment_60f23a36acf5f6c70e990efd_20250826202832.csv,60f23a36acf5f6c70e990efd,43,35,0.813953
experiment_60f23a36acf5f6c70e990efd_20250826202929.csv,60f23a36acf5f6c70e990efd,15,8,0.533333
experiment_60f23a36acf5f6c70e990efd_20250826203059.csv,60f23a36acf5f6c70e990efd,39,34,0.871795
experiment_60f23a36acf5f6c70e990efd_20250826203247.csv,60f23a36acf5f6c70e990efd,27,21,0.777778
experiment_60f23a36acf5f6c70e990efd_20250826203440.csv,60f23a36acf5f6c70e990efd,45,11,0.244444
experiment_60f23a36acf5f6c70e990efd_20250826203522.csv,60f23a36acf5f6c70e990efd,23,7,0.304348
experiment_6136cb52db0f1cb2262bbf5d_20250826171633.csv,6136cb52db0f1cb2262bbf5d,20,0,0.0
experiment_6136cb52db0f1cb2262bbf5d_20250826171925.csv,6136cb52db0f1cb2262bbf5d,32,1,0.03125
experiment_6136cb52db0f1cb2262bbf5d_20250826172151.csv,6136cb52db0f1cb2262bbf5d,23,8,0.347826
experiment_6136cb52db0f1cb2262bbf5d_20250826172433.csv,6136cb52db0f1cb2262bbf5d,25,7,0.28
experiment_6136cb52db0f1cb2262bbf5d_20250826172719.csv,6136cb52db0f1cb2262bbf5d,15,7,0.466667
experiment_6136cb52db0f1cb2262bbf5d_20250826172909.csv,6136cb52db0f1cb2262bbf5d,17,3,0.176471
experiment_6136cb52db0f1cb2262bbf5d_20250826173134.csv,6136cb52db0f1cb2262bbf5d,28,10,0.357143
experiment_6136cb52db0f1cb2262bbf5d_20250826173315.csv,6136cb52db0f1cb2262bbf5d,21,2,0.095238
experiment_6140ef8d27499e70e8740918_20250819164624.csv,6140ef8d27499e70e8740918,123,45,0.365854
experiment_6140ef8d27499e70e8740918_20250819165019.csv,6140ef8d27499e70e8740918,80,16,0.2
experiment_6140ef8d27499e70e8740918_20250819165535.csv,6140ef8d27499e70e8740918,148,41,0.277027
experiment_6140ef8d27499e70e8740918_20250819165712.csv,6140ef8d27499e70e8740918,37,4,0.108108
experiment_6140ef8d27499e70e8740918_20250819165918.csv,6140ef8d27499e70e8740918,52,5,0.096154
experiment_6140ef8d27499e70e8740918_20250819170107.csv,6140ef8d27499e70e8740918,33,5,0.151515
experiment_6140ef8d27499e70e8740918_20250819170250.csv,6140ef8d27499e70e8740918,56,20,0.357143
experiment_6140ef8d27499e70e8740918_20250819170542.csv,6140ef8d27499e70e8740918,84,45,0.535714
experiment_6150ca3f37e1fe330f70311d_20250827083054.csv,6150ca3f37e1fe330f70311d,36,45,1.25
experiment_6150ca3f37e1fe330f70311d_20250827083229.csv,6150ca3f37e1fe330f70311d,34,8,0.235294
experiment_6150ca3f37e1fe330f70311d_20250827083355.csv,6150ca3f37e1fe330f70311d,29,1,0.034483
experiment_6150ca3f37e1fe330f70311d_20250827083505.csv,6150ca3f37e1fe330f70311d,26,1,0.038462
experiment_6150ca3f37e1fe330f70311d_20250827083655.csv,6150ca3f37e1fe330f70311d,52,8,0.153846
experiment_6150ca3f37e1fe330f70311d_20250827083752.csv,6150ca3f37e1fe330f70311d,22,6,0.272727
experiment_6150ca3f37e1fe330f70311d_20250827083942.csv,6150ca3f37e1fe330f70311d,23,0,0.0
experiment_6150ca3f37e1fe330f70311d_20250827084050.csv,6150ca3f37e1fe330f70311d,24,2,0.083333
experiment_615921b85071b9caef6148d8_20250827031630.csv,615921b85071b9caef6148d8,28,23,0.821429
experiment_615921b85071b9caef6148d8_20250827031858.csv,615921b85071b9caef6148d8,74,40,0.540541
experiment_615921b85071b9caef6148d8_20250827032049.csv,615921b85071b9caef6148d8,40,21,0.525
experiment_615921b85071b9caef6148d8_20250827032257.csv,615921b85071b9caef6148d8,37,54,1.459459
experiment_615921b85071b9caef6148d8_20250827032451.csv,615921b85071b9caef6148d8,45,28,0.622222
experiment_615921b85071b9caef6148d8_20250827032611.csv,615921b85071b9caef6148d8,37,27,0.72973
experiment_615921b85071b9caef6148d8_20250827032744.csv,615921b85071b9caef6148d8,51,30,0.588235
experiment_615921b85071b9caef6148d8_20250827032948.csv,615921b85071b9caef6148d8,40,135,3.375
experiment_616f9519fb3906da76b8e173_20250827010929.csv,616f9519fb3906da76b8e173,46,10,0.217391
experiment_616f9519fb3906da76b8e173_20250827011029.csv,616f9519fb3906da76b8e173,17,9,0.529412
experiment_616f9519fb3906da76b8e173_20250827011130.csv,616f9519fb3906da76b8e173,21,42,2.0
experiment_616f9519fb3906da76b8e173_20250827011257.csv,616f9519fb3906da76b8e173,40,24,0.6
experiment_616f9519fb3906da76b8e173_20250827011345.csv,616f9519fb3906da76b8e173,28,5,0.178571
experiment_616f9519fb3906da76b8e173_20250827011511.csv,616f9519fb3906da76b8e173,43,17,0.395349
experiment_616f9519fb3906da76b8e173_20250827011656.csv,616f9519fb3906da76b8e173,48,57,1.1875
experiment_616f9519fb3906da76b8e173_20250827011744.csv,616f9519fb3906da76b8e173,17,8,0.470588
experiment_61717173748006894b2b54ff_20250826174044.csv,61717173748006894b2b54ff,13,15,1.153846
experiment_61717173748006894b2b54ff_20250826174129.csv,61717173748006894b2b54ff,15,7,0.466667
experiment_61717173748006894b2b54ff_20250826174846.csv,61717173748006894b2b54ff,11,20,1.818182
experiment_61717173748006894b2b54ff_20250826174953.csv,61717173748006894b2b54ff,15,10,0.666667
experiment_61717173748006894b2b54ff_20250826175115.csv,61717173748006894b2b54ff,11,52,4.727273
experiment_61717173748006894b2b54ff_20250826175153.csv,61717173748006894b2b54ff,14,6,0.428571
experiment_61717173748006894b2b54ff_20250826175756.csv,61717173748006894b2b54ff,14,22,1.571429
experiment_61717173748006894b2b54ff_20250826175900.csv,61717173748006894b2b54ff,10,11,1.1
experiment_6400e3697879c55c323f34d0_20250826123813.csv,6400e3697879c55c323f34d0,33,1,0.030303
experiment_6400e3697879c55c323f34d0_20250826124041.csv,6400e3697879c55c323f34d0,47,6,0.12766
experiment_6400e3697879c55c323f34d0_20250826124436.csv,6400e3697879c55c323f34d0,22,22,1.0
experiment_6400e3697879c55c323f34d0_20250826124619.csv,6400e3697879c55c323f34d0,34,17,0.5
experiment_6400e3697879c55c323f34d0_20250826124816.csv,6400e3697879c55c323f34d0,27,29,1.074074
experiment_6400e3697879c55c323f34d0_20250826125028.csv,6400e3697879c55c323f34d0,54,25,0.462963
experiment_6400e3697879c55c323f34d0_20250826125139.csv,6400e3697879c55c323f34d0,25,12,0.48
experiment_6400e3697879c55c323f34d0_20250826125335.csv,6400e3697879c55c323f34d0,52,1,0.019231
experiment_649dba79b97070557ebe3d0b_20250827035238.csv,649dba79b97070557ebe3d0b,48,23,0.479167
experiment_649dba79b97070557ebe3d0b_20250827035613.csv,649dba79b97070557ebe3d0b,56,19,0.339286
experiment_649dba79b97070557ebe3d0b_20250827035959.csv,649dba79b97070557ebe3d0b,127,27,0.212598
experiment_649dba79b97070557ebe3d0b_20250827040240.csv,649dba79b97070557ebe3d0b,85,47,0.552941
experiment_649dba79b97070557ebe3d0b_20250827040519.csv,649dba79b97070557ebe3d0b,103,38,0.368932
experiment_649dba79b97070557ebe3d0b_20250827040939.csv,649dba79b97070557ebe3d0b,95,45,0.473684
experiment_649dba79b97070557ebe3d0b_20250827041158.csv,649dba79b97070557ebe3d0b,75,41,0.546667
experiment_649dba79b97070557ebe3d0b_20250827041432.csv,649dba79b97070557ebe3d0b,79,17,0.21519
experiment_64e8b6f73929dae22fc25705_20250827034016.csv,64e8b6f73929dae22fc25705,7,0,0.0
experiment_64e8b6f73929dae22fc25705_20250827034105.csv,64e8b6f73929dae22fc25705,17,9,0.529412
experiment_64e8b6f73929dae22fc25705_20250827034148.csv,64e8b6f73929dae22fc25705,9,3,0.333333
experiment_64e8b6f73929dae22fc25705_20250827034238.csv,64e8b6f73929dae22fc25705,22,6,0.272727
experiment_64e8b6f73929dae22fc25705_20250827034323.csv,64e8b6f73929dae22fc25705,8,6,0.75
experiment_64e8b6f73929dae22fc25705_20250827034458.csv,64e8b6f73929dae22fc25705,22,11,0.5
experiment_64e8b6f73929dae22fc25705_20250827034540.csv,64e8b6f73929dae22fc25705,11,5,0.454545
experiment_64e8b6f73929dae22fc25705_20250827034636.csv,64e8b6f73929dae22fc25705,9,12,1.333333
experiment_6527f153bea7b2d7c0d556e4_20250827020003.csv,6527f153bea7b2d7c0d556e4,53,93,1.754717
experiment_6527f153bea7b2d7c0d556e4_20250827020215.csv,6527f153bea7b2d7c0d556e4,37,19,0.513514
experiment_6527f153bea7b2d7c0d556e4_20250827020421.csv,6527f153bea7b2d7c0d556e4,51,26,0.509804
experiment_6527f153bea7b2d7c0d556e4_20250827020608.csv,6527f153bea7b2d7c0d556e4,21,3,0.142857
experiment_6527f153bea7b2d7c0d556e4_20250827020822.csv,6527f153bea7b2d7c0d556e4,30,68,2.266667
experiment_6527f153bea7b2d7c0d556e4_20250827021128.csv,6527f153bea7b2d7c0d556e4,38,25,0.657895
experiment_6527f153bea7b2d7c0d556e4_20250827021347.csv,6527f153bea7b2d7c0d556e4,24,14,0.583333
experiment_6527f153bea7b2d7c0d556e4_20250827021555.csv,6527f153bea7b2d7c0d556e4,18,18,1.0
experiment_6538097b8793d9b90adc4667_20250827143620.csv,6538097b8793d9b90adc4667,13,20,1.538462
experiment_6538097b8793d9b90adc4667_20250827143705.csv,6538097b8793d9b90adc4667,14,8,0.571429
experiment_6538097b8793d9b90adc4667_20250827143856.csv,6538097b8793d9b90adc4667,11,7,0.636364
experiment_6538097b8793d9b90adc4667_20250827143933.csv,6538097b8793d9b90adc4667,12,2,0.166667
experiment_6538097b8793d9b90adc4667_20250827144052.csv,6538097b8793d9b90adc4667,11,10,0.909091
experiment_6538097b8793d9b90adc4667_20250827144122.csv,6538097b8793d9b90adc4667,11,6,0.545455
experiment_6538097b8793d9b90adc4667_20250827144346.csv,6538097b8793d9b90adc4667,8,5,0.625
experiment_6538097b8793d9b90adc4667_20250827144750.csv,6538097b8793d9b90adc4667,9,17,1.888889
experiment_65a3ec77f674ac3e98f0c6ac_20250827081018.csv,65a3ec77f674ac3e98f0c6ac,34,26,0.764706
experiment_65a3ec77f674ac3e98f0c6ac_20250827081127.csv,65a3ec77f674ac3e98f0c6ac,17,19,1.117647
experiment_65a3ec77f674ac3e98f0c6ac_20250827081246.csv,65a3ec77f674ac3e98f0c6ac,8,1,0.125
experiment_65a3ec77f674ac3e98f0c6ac_20250827081524.csv,65a3ec77f674ac3e98f0c6ac,37,24,0.648649
experiment_65a3ec77f674ac3e98f0c6ac_20250827081631.csv,65a3ec77f674ac3e98f0c6ac,13,8,0.615385
experiment_65a3ec77f674ac3e98f0c6ac_20250827081742.csv,65a3ec77f674ac3e98f0c6ac,15,2,0.133333
experiment_65a3ec77f674ac3e98f0c6ac_20250827081821.csv,65a3ec77f674ac3e98f0c6ac,6,0,0.0
experiment_65a3ec77f674ac3e98f0c6ac_20250827081902.csv,65a3ec77f674ac3e98f0c6ac,6,5,0.833333
experiment_65a3f4da297bacfcc92dead2_20250827092530.csv,65a3f4da297bacfcc92dead2,15,12,0.8
experiment_65a3f4da297bacfcc92dead2_20250827092700.csv,65a3f4da297bacfcc92dead2,10,18,1.8
experiment_65a3f4da297bacfcc92dead2_20250827092919.csv,65a3f4da297bacfcc92dead2,21,23,1.095238
experiment_65a3f4da297bacfcc92dead2_20250827093020.csv,65a3f4da297bacfcc92dead2,9,13,1.444444
experiment_65a3f4da297bacfcc92dead2_20250827093100.csv,65a3f4da297bacfcc92dead2,9,1,0.111111
experiment_65a3f4da297bacfcc92dead2_20250827093210.csv,65a3f4da297bacfcc92dead2,13,17,1.307692
experiment_65a3f4da297bacfcc92dead2_20250827093335.csv,65a3f4da297bacfcc92dead2,17,19,1.117647
experiment_65a3f4da297bacfcc92dead2_20250827093451.csv,65a3f4da297bacfcc92dead2,11,11,1.0
experiment_65c7b42c1c15b1064e26f265_20250826224116.csv,65c7b42c1c15b1064e26f265,1,0,0.0
experiment_65c7b42c1c15b1064e26f265_20250826224130.csv,65c7b42c1c15b1064e26f265,1,0,0.0
experiment_65c7b42c1c15b1064e26f265_20250826224151.csv,65c7b42c1c15b1064e26f265,1,0,0.0
experiment_65c7b42c1c15b1064e26f265_20250826224209.csv,65c7b42c1c15b1064e26f265,1,0,0.0
experiment_65c7b42c1c15b1064e26f265_20250826224210.csv,65c7b42c1c15b1064e26f265,1,0,0.0
experiment_65c7b42c1c15b1064e26f265_20250826224226.csv,65c7b42c1c15b1064e26f265,1,0,0.0
experiment_65c7b42c1c15b1064e26f265_20250826224238.csv,65c7b42c1c15b1064e26f265,1,0,0.0
experiment_65c7b42c1c15b1064e26f265_20250826224239.csv,65c7b42c1c15b1064e26f265,1,0,0.0
experiment_65cf6d8a589a67afcab54e6f_20250827123551.csv,65cf6d8a589a67afcab54e6f,114,45,0.394737
experiment_65cf6d8a589a67afcab54e6f_20250827124105.csv,65cf6d8a589a67afcab54e6f,58,53,0.913793
experiment_65cf6d8a589a67afcab54e6f_20250827124307.csv,65cf6d8a589a67afcab54e6f,39,13,0.333333
experiment_65cf6d8a589a67afcab54e6f_20250827124501.csv,65cf6d8a589a67afcab54e6f,33,11,0.333333
experiment_65cf6d8a589a67afcab54e6f_20250827124735.csv,65cf6d8a589a67afcab54e6f,58,22,0.37931
experiment_65cf6d8a589a67afcab54e6f_20250827124940.csv,65cf6d8a589a67afcab54e6f,43,30,0.697674
experiment_65cf6d8a589a67afcab54e6f_20250827125109.csv,65cf6d8a589a67afcab54e6f,28,32,1.142857
experiment_65cf6d8a589a67afcab54e6f_20250827125253.csv,65cf6d8a589a67afcab54e6f,29,14,0.482759
experiment_65eafe348dd7dad3b69be921_20250827113009.csv,65eafe348dd7dad3b69be921,29,10,0.344828
experiment_65eafe348dd7dad3b69be921_20250827113457.csv,65eafe348dd7dad3b69be921,12,92,7.666667
experiment_65eafe348dd7dad3b69be921_20250827113736.csv,65eafe348dd7dad3b69be921,19,38,2.0
experiment_65eafe348dd7dad3b69be921_20250827114014.csv,65eafe348dd7dad3b69be921,25,10,0.4
experiment_65eafe348dd7dad3b69be921_20250827114136.csv,65eafe348dd7dad3b69be921,18,10,0.555556
experiment_65eafe348dd7dad3b69be921_20250827114334.csv,65eafe348dd7dad3b69be921,30,1,0.033333
experiment_65eafe348dd7dad3b69be921_20250827114531.csv,65eafe348dd7dad3b69be921,23,29,1.26087
experiment_65eafe348dd7dad3b69be921_20250827114810.csv,65eafe348dd7dad3b69be921,40,50,1.25
experiment_65f03cac071873738667ccbb_20250827092250.csv,65f03cac071873738667ccbb,39,40,1.025641
experiment_65f03cac071873738667ccbb_20250827092521.csv,65f03cac071873738667ccbb,39,17,0.435897
experiment_65f03cac071873738667ccbb_20250827092725.csv,65f03cac071873738667ccbb,28,23,0.821429
experiment_65f03cac071873738667ccbb_20250827092927.csv,65f03cac071873738667ccbb,27,22,0.814815
experiment_65f03cac071873738667ccbb_20250827093155.csv,65f03cac071873738667ccbb,26,27,1.038462
experiment_65f03cac071873738667ccbb_20250827093335.csv,65f03cac071873738667ccbb,13,23,1.769231
experiment_65f03cac071873738667ccbb_20250827093525.csv,65f03cac071873738667ccbb,33,25,0.757576
experiment_65f03cac071873738667ccbb_20250827093626.csv,65f03cac071873738667ccbb,12,15,1.25
experiment_65f1ee12589aa15061efa22a_20250826152638.csv,65f1ee12589aa15061efa22a,124,67,0.540323
experiment_65f1ee12589aa15061efa22a_20250826153420.csv,65f1ee12589aa15061efa22a,49,52,1.061224
experiment_65f1ee12589aa15061efa22a_20250826154549.csv,65f1ee12589aa15061efa22a,113,115,1.017699
experiment_65f1ee12589aa15061efa22a_20250826155141.csv,65f1ee12589aa15061efa22a,46,79,1.717391
experiment_65f1ee12589aa15061efa22a_20250826155636.csv,65f1ee12589aa15061efa22a,85,40,0.470588
experiment_65f1ee12589aa15061efa22a_20250826160304.csv,65f1ee12589aa15061efa22a,98,77,0.785714
experiment_65f1ee12589aa15061efa22a_20250826160449.csv,65f1ee12589aa15061efa22a,37,11,0.297297
experiment_65f1ee12589aa15061efa22a_20250826160636.csv,65f1ee12589aa15061efa22a,39,12,0.307692
experiment_65f333c755d191fcd18fa279_20250826134900.csv,65f333c755d191fcd18fa279,54,24,0.444444
experiment_65f333c755d191fcd18fa279_20250826135249.csv,65f333c755d191fcd18fa279,50,29,0.58
experiment_65f333c755d191fcd18fa279_20250826135554.csv,65f333c755d191fcd18fa279,42,23,0.547619
experiment_65f333c755d191fcd18fa279_20250826135842.csv,65f333c755d191fcd18fa279,65,9,0.138462
experiment_65f333c755d191fcd18fa279_20250826140107.csv,65f333c755d191fcd18fa279,37,13,0.351351
experiment_65f333c755d191fcd18fa279_20250826140358.csv,65f333c755d191fcd18fa279,56,7,0.125
experiment_65f333c755d191fcd18fa279_20250826140611.csv,65f333c755d191fcd18fa279,30,6,0.2
experiment_65f333c755d191fcd18fa279_20250826141148.csv,65f333c755d191fcd18fa279,42,13,0.309524
experiment_65fb34c4df61f03ce0dd6dd9_20250827094245.csv,65fb34c4df61f03ce0dd6dd9,19,3,0.157895
experiment_65fb34c4df61f03ce0dd6dd9_20250827094458.csv,65fb34c4df61f03ce0dd6dd9,17,8,0.470588
experiment_65fb34c4df61f03ce0dd6dd9_20250827094639.csv,65fb34c4df61f03ce0dd6dd9,16,23,1.4375
experiment_65fb34c4df61f03ce0dd6dd9_20250827094844.csv,65fb34c4df61f03ce0dd6dd9,16,11,0.6875
experiment_65fb34c4df61f03ce0dd6dd9_20250827095006.csv,65fb34c4df61f03ce0dd6dd9,15,1,0.066667
experiment_65fb34c4df61f03ce0dd6dd9_20250827095144.csv,65fb34c4df61f03ce0dd6dd9,18,0,0.0
experiment_65fb34c4df61f03ce0dd6dd9_20250827095330.csv,65fb34c4df61f03ce0dd6dd9,23,4,0.173913
experiment_65fb34c4df61f03ce0dd6dd9_20250827095609.csv,65fb34c4df61f03ce0dd6dd9,33,18,0.545455
experiment_65fc95c627592d85499ae358_20250819165809.csv,65fc95c627592d85499ae358,31,15,0.483871
experiment_65fc95c627592d85499ae358_20250819170352.csv,65fc95c627592d85499ae358,75,30,0.4
experiment_65fc95c627592d85499ae358_20250819170605.csv,65fc95c627592d85499ae358,15,2,0.133333
experiment_65fc95c627592d85499ae358_20250819171143.csv,65fc95c627592d85499ae358,56,7,0.125
experiment_65fc95c627592d85499ae358_20250819171423.csv,65fc95c627592d85499ae358,18,6,0.333333
experiment_65fc95c627592d85499ae358_20250819172025.csv,65fc95c627592d85499ae358,22,5,0.227273
experiment_65fc95c627592d85499ae358_20250819172435.csv,65fc95c627592d85499ae358,25,5,0.2
experiment_65fc95c627592d85499ae358_20250819172658.csv,65fc95c627592d85499ae358,23,12,0.521739
experiment_65fda4aa45ba55e983e2a2d9_20250827040319.csv,65fda4aa45ba55e983e2a2d9,30,10,0.333333
experiment_65fda4aa45ba55e983e2a2d9_20250827040608.csv,65fda4aa45ba55e983e2a2d9,22,2,0.090909
experiment_65fda4aa45ba55e983e2a2d9_20250827041057.csv,65fda4aa45ba55e983e2a2d9,29,12,0.413793
experiment_65fda4aa45ba55e983e2a2d9_20250827041323.csv,65fda4aa45ba55e983e2a2d9,22,9,0.409091
experiment_65fda4aa45ba55e983e2a2d9_20250827041645.csv,65fda4aa45ba55e983e2a2d9,29,6,0.206897
experiment_65fda4aa45ba55e983e2a2d9_20250827041827.csv,65fda4aa45ba55e983e2a2d9,24,6,0.25
experiment_65fda4aa45ba55e983e2a2d9_20250827041958.csv,65fda4aa45ba55e983e2a2d9,20,13,0.65
experiment_65fda4aa45ba55e983e2a2d9_20250827042205.csv,65fda4aa45ba55e983e2a2d9,24,0,0.0
experiment_6614435124bf16e7a24f9662_20250827115207.csv,6614435124bf16e7a24f9662,21,12,0.571429
experiment_6614435124bf16e7a24f9662_20250827115412.csv,6614435124bf16e7a24f9662,16,4,0.25
experiment_6614435124bf16e7a24f9662_20250827115723.csv,6614435124bf16e7a24f9662,15,19,1.266667
experiment_6614435124bf16e7a24f9662_20250827121241.csv,6614435124bf16e7a24f9662,12,5,0.416667
experiment_6614435124bf16e7a24f9662_20250827121659.csv,6614435124bf16e7a24f9662,11,20,1.818182
experiment_6614435124bf16e7a24f9662_20250827122028.csv,6614435124bf16e7a24f9662,9,1,0.111111
experiment_6614435124bf16e7a24f9662_20250827122304.csv,6614435124bf16e7a24f9662,8,1,0.125
experiment_6614435124bf16e7a24f9662_20250827122637.csv,6614435124bf16e7a24f9662,9,14,1.555556
experiment_661564c766603e80ca4c3184_20250826163603.csv,661564c766603e80ca4c3184,11,20,1.818182
experiment_661564c766603e80ca4c3184_20250826163947.csv,661564c766603e80ca4c3184,21,16,0.761905
experiment_661564c766603e80ca4c3184_20250826164233.csv,661564c766603e80ca4c3184,14,8,0.571429
experiment_661564c766603e80ca4c3184_20250826164520.csv,661564c766603e80ca4c3184,15,2,0.133333
experiment_661564c766603e80ca4c3184_20250826164819.csv,661564c766603e80ca4c3184,10,0,0.0
experiment_661564c766603e80ca4c3184_20250826165148.csv,661564c766603e80ca4c3184,25,6,0.24
experiment_661564c766603e80ca4c3184_20250826165745.csv,661564c766603e80ca4c3184,14,3,0.214286
experiment_661564c766603e80ca4c3184_20250826165952.csv,661564c766603e80ca4c3184,12,74,6.166667
experiment_663068f52490bf6d13f95968_20250827030140.csv,663068f52490bf6d13f95968,13,8,0.615385
experiment_663068f52490bf6d13f95968_20250827030416.csv,663068f52490bf6d13f95968,67,57,0.850746
experiment_663068f52490bf6d13f95968_20250827030442.csv,663068f52490bf6d13f95968,6,2,0.333333
experiment_663068f52490bf6d13f95968_20250827030614.csv,663068f52490bf6d13f95968,40,17,0.425
experiment_663068f52490bf6d13f95968_20250827030627.csv,663068f52490bf6d13f95968,3,0,0.0
experiment_663068f52490bf6d13f95968_20250827030817.csv,663068f52490bf6d13f95968,29,3,0.103448
experiment_663068f52490bf6d13f95968_20250827030835.csv,663068f52490bf6d13f95968,3,0,0.0
experiment_663068f52490bf6d13f95968_20250827031546.csv,663068f52490bf6d13f95968,35,1,0.028571
experiment_66321cfc446914f3b199e193_20250827105624.csv,66321cfc446914f3b199e193,27,0,0.0
experiment_66321cfc446914f3b199e193_20250827110215.csv,66321cfc446914f3b199e193,61,23,0.377049
experiment_66321cfc446914f3b199e193_20250827110448.csv,66321cfc446914f3b199e193,25,11,0.44
experiment_66321cfc446914f3b199e193_20250827111048.csv,66321cfc446914f3b199e193,70,25,0.357143
experiment_66321cfc446914f3b199e193_20250827111258.csv,66321cfc446914f3b199e193,24,0,0.0
experiment_66321cfc446914f3b199e193_20250827111743.csv,66321cfc446914f3b199e193,41,35,0.853659
experiment_66321cfc446914f3b199e193_20250827112102.csv,66321cfc446914f3b199e193,54,7,0.12963
experiment_66321cfc446914f3b199e193_20250827112427.csv,66321cfc446914f3b199e193,39,9,0.230769
experiment_663378460f834e9670d1508c_20250827132822.csv,663378460f834e9670d1508c,69,0,0.0
experiment_663378460f834e9670d1508c_20250827133253.csv,663378460f834e9670d1508c,42,4,0.095238
experiment_663378460f834e9670d1508c_20250827133628.csv,663378460f834e9670d1508c,50,14,0.28
experiment_663378460f834e9670d1508c_20250827133849.csv,663378460f834e9670d1508c,32,0,0.0
experiment_663378460f834e9670d1508c_20250827134408.csv,663378460f834e9670d1508c,47,154,3.276596
experiment_663378460f834e9670d1508c_20250827135206.csv,663378460f834e9670d1508c,125,50,0.4
experiment_663378460f834e9670d1508c_20250827135723.csv,663378460f834e9670d1508c,72,15,0.208333
experiment_663378460f834e9670d1508c_20250827140210.csv,663378460f834e9670d1508c,66,24,0.363636
experiment_6635344fb4ae723326e3ce04_20250826132024.csv,6635344fb4ae723326e3ce04,7,2,0.285714
experiment_6635344fb4ae723326e3ce04_20250826132250.csv,6635344fb4ae723326e3ce04,9,3,0.333333
experiment_6635344fb4ae723326e3ce04_20250826132502.csv,6635344fb4ae723326e3ce04,11,0,0.0
experiment_6635344fb4ae723326e3ce04_20250826132624.csv,6635344fb4ae723326e3ce04,8,0,0.0
experiment_6635344fb4ae723326e3ce04_20250826132907.csv,6635344fb4ae723326e3ce04,11,7,0.636364
experiment_6635344fb4ae723326e3ce04_20250826133223.csv,6635344fb4ae723326e3ce04,10,4,0.4
experiment_6635344fb4ae723326e3ce04_20250826133323.csv,6635344fb4ae723326e3ce04,9,0,0.0
experiment_6635344fb4ae723326e3ce04_20250826133518.csv,6635344fb4ae723326e3ce04,7,4,0.571429
experiment_6643495b44af166c626762cd_20250819155555.csv,6643495b44af166c626762cd,17,7,0.411765
experiment_6643495b44af166c626762cd_20250819155834.csv,6643495b44af166c626762cd,55,18,0.327273
experiment_6643495b44af166c626762cd_20250819155956.csv,6643495b44af166c626762cd,14,12,0.857143
experiment_6643495b44af166c626762cd_20250819160208.csv,6643495b44af166c626762cd,42,2,0.047619
experiment_6643495b44af166c626762cd_20250819160307.csv,6643495b44af166c626762cd,20,2,0.1
experiment_6643495b44af166c626762cd_20250819160610.csv,6643495b44af166c626762cd,45,29,0.644444
experiment_6643495b44af166c626762cd_20250819160707.csv,6643495b44af166c626762cd,17,0,0.0
experiment_6643495b44af166c626762cd_20250819160831.csv,6643495b44af166c626762cd,23,10,0.434783
experiment_664b44d8a11f1bcbba9e0494_20250827045451.csv,664b44d8a11f1bcbba9e0494,25,3,0.12
experiment_664b44d8a11f1bcbba9e0494_20250827045629.csv,664b44d8a11f1bcbba9e0494,23,19,0.826087
experiment_664b44d8a11f1bcbba9e0494_20250827045742.csv,664b44d8a11f1bcbba9e0494,27,10,0.37037
experiment_664b44d8a11f1bcbba9e0494_20250827045845.csv,664b44d8a11f1bcbba9e0494,20,11,0.55
experiment_664b44d8a11f1bcbba9e0494_20250827050010.csv,664b44d8a11f1bcbba9e0494,34,5,0.147059
experiment_664b44d8a11f1bcbba9e0494_20250827050207.csv,664b44d8a11f1bcbba9e0494,45,5,0.111111
experiment_664b44d8a11f1bcbba9e0494_20250827050356.csv,664b44d8a11f1bcbba9e0494,28,10,0.357143
experiment_664b44d8a11f1bcbba9e0494_20250827050608.csv,664b44d8a11f1bcbba9e0494,52,13,0.25
experiment_664c8dd7baa052f7b1e88417_20250826174453.csv,664c8dd7baa052f7b1e88417,27,4,0.148148
experiment_664c8dd7baa052f7b1e88417_20250826174734.csv,664c8dd7baa052f7b1e88417,18,2,0.111111
experiment_664c8dd7baa052f7b1e88417_20250826175028.csv,664c8dd7baa052f7b1e88417,14,73,5.214286
experiment_664c8dd7baa052f7b1e88417_20250826175139.csv,664c8dd7baa052f7b1e88417,11,0,0.0
experiment_664c8dd7baa052f7b1e88417_20250826175316.csv,664c8dd7baa052f7b1e88417,21,0,0.0
experiment_664c8dd7baa052f7b1e88417_20250826175558.csv,664c8dd7baa052f7b1e88417,11,8,0.727273
experiment_664c8dd7baa052f7b1e88417_20250826175738.csv,664c8dd7baa052f7b1e88417,19,0,0.0
experiment_664c8dd7baa052f7b1e88417_20250826175848.csv,664c8dd7baa052f7b1e88417,16,0,0.0
experiment_664e413a5f3eb7f99d90e15b_20250826191757.csv,664e413a5f3eb7f99d90e15b,61,39,0.639344
experiment_664e413a5f3eb7f99d90e15b_20250826192354.csv,664e413a5f3eb7f99d90e15b,45,17,0.377778
experiment_664e413a5f3eb7f99d90e15b_20250826192643.csv,664e413a5f3eb7f99d90e15b,5,5,1.0
experiment_664e413a5f3eb7f99d90e15b_20250826193141.csv,664e413a5f3eb7f99d90e15b,54,8,0.148148
experiment_664e413a5f3eb7f99d90e15b_20250826193708.csv,664e413a5f3eb7f99d90e15b,54,36,0.666667
experiment_664e413a5f3eb7f99d90e15b_20250826194048.csv,664e413a5f3eb7f99d90e15b,46,16,0.347826
experiment_664e413a5f3eb7f99d90e15b_20250826194611.csv,664e413a5f3eb7f99d90e15b,66,22,0.333333
experiment_664e413a5f3eb7f99d90e15b_20250826194947.csv,664e413a5f3eb7f99d90e15b,37,13,0.351351
experiment_664fa86722f5339adebd32ec_20250827145607.csv,664fa86722f5339adebd32ec,10,1,0.1
experiment_664fa86722f5339adebd32ec_20250827150103.csv,664fa86722f5339adebd32ec,34,41,1.205882
experiment_664fa86722f5339adebd32ec_20250827150309.csv,664fa86722f5339adebd32ec,9,6,0.666667
experiment_664fa86722f5339adebd32ec_20250827150815.csv,664fa86722f5339adebd32ec,22,24,1.090909
experiment_664fa86722f5339adebd32ec_20250827151110.csv,664fa86722f5339adebd32ec,13,67,5.153846
experiment_664fa86722f5339adebd32ec_20250827151433.csv,664fa86722f5339adebd32ec,10,33,3.3
experiment_664fa86722f5339adebd32ec_20250827151627.csv,664fa86722f5339adebd32ec,11,15,1.363636
experiment_664fa86722f5339adebd32ec_20250827151843.csv,664fa86722f5339adebd32ec,8,19,2.375
experiment_666f76b68b89442817be678a_20250827043255.csv,666f76b68b89442817be678a,12,2,0.166667
experiment_666f76b68b89442817be678a_20250827043510.csv,666f76b68b89442817be678a,14,1,0.071429
experiment_666f76b68b89442817be678a_20250827043631.csv,666f76b68b89442817be678a,10,2,0.2
experiment_666f76b68b89442817be678a_20250827043905.csv,666f76b68b89442817be678a,23,8,0.347826
experiment_666f76b68b89442817be678a_20250827044000.csv,666f76b68b89442817be678a,13,0,0.0
experiment_666f76b68b89442817be678a_20250827044216.csv,666f76b68b89442817be678a,14,7,0.5
experiment_666f76b68b89442817be678a_20250827044433.csv,666f76b68b89442817be678a,9,3,0.333333
experiment_666f76b68b89442817be678a_20250827044818.csv,666f76b68b89442817be678a,21,25,1.190476
experiment_6672bf56d51710391ce2164d_20250827065429.csv,6672bf56d51710391ce2164d,68,57,0.838235
experiment_6672bf56d51710391ce2164d_20250827065546.csv,6672bf56d51710391ce2164d,30,3,0.1
experiment_6672bf56d51710391ce2164d_20250827065631.csv,6672bf56d51710391ce2164d,21,4,0.190476
experiment_6672bf56d51710391ce2164d_20250827065820.csv,6672bf56d51710391ce2164d,47,21,0.446809
experiment_6672bf56d51710391ce2164d_20250827065928.csv,6672bf56d51710391ce2164d,24,10,0.416667
experiment_6672bf56d51710391ce2164d_20250827070122.csv,6672bf56d51710391ce2164d,38,6,0.157895
experiment_6672bf56d51710391ce2164d_20250827070316.csv,6672bf56d51710391ce2164d,55,37,0.672727
experiment_6672bf56d51710391ce2164d_20250827070412.csv,6672bf56d51710391ce2164d,25,4,0.16
experiment_6672fea3fe6378e257b6ef25_20250826232322.csv,6672fea3fe6378e257b6ef25,39,13,0.333333
experiment_6672fea3fe6378e257b6ef25_20250826233453.csv,6672fea3fe6378e257b6ef25,78,46,0.589744
experiment_6672fea3fe6378e257b6ef25_20250826234654.csv,6672fea3fe6378e257b6ef25,50,33,0.66
experiment_6672fea3fe6378e257b6ef25_20250826235530.csv,6672fea3fe6378e257b6ef25,69,36,0.521739
experiment_6672fea3fe6378e257b6ef25_20250827001005.csv,6672fea3fe6378e257b6ef25,161,139,0.863354
experiment_6672fea3fe6378e257b6ef25_20250827001338.csv,6672fea3fe6378e257b6ef25,58,48,0.827586
experiment_6672fea3fe6378e257b6ef25_20250827001601.csv,6672fea3fe6378e257b6ef25,37,35,0.945946
experiment_6672fea3fe6378e257b6ef25_20250827001819.csv,6672fea3fe6378e257b6ef25,53,24,0.45283
experiment_6679a3b7cb020a6e4728eac5_20250826125226.csv,6679a3b7cb020a6e4728eac5,33,10,0.30303
experiment_6679a3b7cb020a6e4728eac5_20250826125403.csv,6679a3b7cb020a6e4728eac5,40,23,0.575
experiment_6679a3b7cb020a6e4728eac5_20250826125556.csv,6679a3b7cb020a6e4728eac5,27,53,1.962963
experiment_6679a3b7cb020a6e4728eac5_20250826125824.csv,6679a3b7cb020a6e4728eac5,48,18,0.375
experiment_6679a3b7cb020a6e4728eac5_20250826125919.csv,6679a3b7cb020a6e4728eac5,19,7,0.368421
experiment_6679a3b7cb020a6e4728eac5_20250826130229.csv,6679a3b7cb020a6e4728eac5,39,36,0.923077
experiment_6679a3b7cb020a6e4728eac5_20250826130356.csv,6679a3b7cb020a6e4728eac5,37,19,0.513514
experiment_6679a3b7cb020a6e4728eac5_20250826130646.csv,6679a3b7cb020a6e4728eac5,52,88,1.692308
experiment_66986ab71f2b54203f26ad32_20250827074414.csv,66986ab71f2b54203f26ad32,22,8,0.363636
experiment_66986ab71f2b54203f26ad32_20250827075113.csv,66986ab71f2b54203f26ad32,26,4,0.153846
experiment_66986ab71f2b54203f26ad32_20250827075354.csv,66986ab71f2b54203f26ad32,19,7,0.368421
experiment_66986ab71f2b54203f26ad32_20250827075811.csv,66986ab71f2b54203f26ad32,10,0,0.0
experiment_66986ab71f2b54203f26ad32_20250827080128.csv,66986ab71f2b54203f26ad32,12,0,0.0
experiment_66986ab71f2b54203f26ad32_20250827080320.csv,66986ab71f2b54203f26ad32,12,2,0.166667
experiment_66986ab71f2b54203f26ad32_20250827080446.csv,66986ab71f2b54203f26ad32,10,9,0.9
experiment_66986ab71f2b54203f26ad32_20250827080610.csv,66986ab71f2b54203f26ad32,12,0,0.0
experiment_66b4f89242c0ff3aab8f8774_20250827110519.csv,66b4f89242c0ff3aab8f8774,27,25,0.925926
experiment_66b4f89242c0ff3aab8f8774_20250827110707.csv,66b4f89242c0ff3aab8f8774,27,25,0.925926
experiment_66b4f89242c0ff3aab8f8774_20250827110837.csv,66b4f89242c0ff3aab8f8774,26,14,0.538462
experiment_66b4f89242c0ff3aab8f8774_20250827111006.csv,66b4f89242c0ff3aab8f8774,31,9,0.290323
experiment_66b4f89242c0ff3aab8f8774_20250827111135.csv,66b4f89242c0ff3aab8f8774,23,36,1.565217
experiment_66b4f89242c0ff3aab8f8774_20250827111254.csv,66b4f89242c0ff3aab8f8774,20,9,0.45
experiment_66b4f89242c0ff3aab8f8774_20250827111417.csv,66b4f89242c0ff3aab8f8774,21,8,0.380952
experiment_66b4f89242c0ff3aab8f8774_20250827111556.csv,66b4f89242c0ff3aab8f8774,45,56,1.244444
experiment_66bb6b7e0ccbed81f3ed30a8_20250827094005.csv,66bb6b7e0ccbed81f3ed30a8,31,4,0.129032
experiment_66bb6b7e0ccbed81f3ed30a8_20250827094203.csv,66bb6b7e0ccbed81f3ed30a8,28,2,0.071429
experiment_66bb6b7e0ccbed81f3ed30a8_20250827094339.csv,66bb6b7e0ccbed81f3ed30a8,27,3,0.111111
experiment_66bb6b7e0ccbed81f3ed30a8_20250827094635.csv,66bb6b7e0ccbed81f3ed30a8,25,2,0.08
experiment_66bb6b7e0ccbed81f3ed30a8_20250827094749.csv,66bb6b7e0ccbed81f3ed30a8,21,0,0.0
experiment_66bb6b7e0ccbed81f3ed30a8_20250827095146.csv,66bb6b7e0ccbed81f3ed30a8,25,2,0.08
experiment_66bb6b7e0ccbed81f3ed30a8_20250827095354.csv,66bb6b7e0ccbed81f3ed30a8,24,0,0.0
experiment_66bb6b7e0ccbed81f3ed30a8_20250827095543.csv,66bb6b7e0ccbed81f3ed30a8,27,1,0.037037
experiment_6702f60844f21087e0840e3d_20250827133525.csv,6702f60844f21087e0840e3d,12,50,4.166667
experiment_6702f60844f21087e0840e3d_20250827133955.csv,6702f60844f21087e0840e3d,19,13,0.684211
experiment_6702f60844f21087e0840e3d_20250827134445.csv,6702f60844f21087e0840e3d,13,11,0.846154
experiment_6702f60844f21087e0840e3d_20250827134606.csv,6702f60844f21087e0840e3d,8,3,0.375
experiment_6702f60844f21087e0840e3d_20250827134835.csv,6702f60844f21087e0840e3d,14,5,0.357143
experiment_6702f60844f21087e0840e3d_20250827134920.csv,6702f60844f21087e0840e3d,18,0,0.0
experiment_6702f60844f21087e0840e3d_20250827135301.csv,6702f60844f21087e0840e3d,10,7,0.7
experiment_6702f60844f21087e0840e3d_20250827135427.csv,6702f60844f21087e0840e3d,17,27,1.588235
experiment_6725030a6ee43d8130ceefc5_20250826141649.csv,6725030a6ee43d8130ceefc5,29,9,0.310345
experiment_6725030a6ee43d8130ceefc5_20250826142056.csv,6725030a6ee43d8130ceefc5,46,7,0.152174
experiment_6725030a6ee43d8130ceefc5_20250826142348.csv,6725030a6ee43d8130ceefc5,37,5,0.135135
experiment_6725030a6ee43d8130ceefc5_20250826142721.csv,6725030a6ee43d8130ceefc5,69,1,0.014493
experiment_6725030a6ee43d8130ceefc5_20250826143040.csv,6725030a6ee43d8130ceefc5,44,10,0.227273
experiment_6725030a6ee43d8130ceefc5_20250826143420.csv,6725030a6ee43d8130ceefc5,39,22,0.564103
experiment_6725030a6ee43d8130ceefc5_20250826143716.csv,6725030a6ee43d8130ceefc5,44,9,0.204545
experiment_6725030a6ee43d8130ceefc5_20250826143929.csv,6725030a6ee43d8130ceefc5,38,10,0.263158
experiment_6725c4a8e3ab0787551acf38_20250827051835.csv,6725c4a8e3ab0787551acf38,16,9,0.5625
experiment_6725c4a8e3ab0787551acf38_20250827052240.csv,6725c4a8e3ab0787551acf38,39,8,0.205128
experiment_6725c4a8e3ab0787551acf38_20250827052811.csv,6725c4a8e3ab0787551acf38,42,33,0.785714
experiment_6725c4a8e3ab0787551acf38_20250827052959.csv,6725c4a8e3ab0787551acf38,13,2,0.153846
experiment_6725c4a8e3ab0787551acf38_20250827053420.csv,6725c4a8e3ab0787551acf38,56,4,0.071429
experiment_6725c4a8e3ab0787551acf38_20250827054055.csv,6725c4a8e3ab0787551acf38,68,7,0.102941
experiment_6725c4a8e3ab0787551acf38_20250827055027.csv,6725c4a8e3ab0787551acf38,85,43,0.505882
experiment_6725c4a8e3ab0787551acf38_20250827055451.csv,6725c4a8e3ab0787551acf38,58,16,0.275862
experiment_67356f7cf6ff16fe3322a837_20250826204640.csv,67356f7cf6ff16fe3322a837,9,3,0.333333
experiment_67356f7cf6ff16fe3322a837_20250826205335.csv,67356f7cf6ff16fe3322a837,13,14,1.076923
experiment_67356f7cf6ff16fe3322a837_20250826205624.csv,67356f7cf6ff16fe3322a837,15,3,0.2
experiment_67356f7cf6ff16fe3322a837_20250826210047.csv,67356f7cf6ff16fe3322a837,12,0,0.0
experiment_67356f7cf6ff16fe3322a837_20250826210334.csv,67356f7cf6ff16fe3322a837,17,11,0.647059
experiment_67356f7cf6ff16fe3322a837_20250826210919.csv,67356f7cf6ff16fe3322a837,21,22,1.047619
experiment_67356f7cf6ff16fe3322a837_20250826211026.csv,67356f7cf6ff16fe3322a837,11,2,0.181818
experiment_67356f7cf6ff16fe3322a837_20250826211152.csv,67356f7cf6ff16fe3322a837,11,12,1.090909
experiment_673d0377254c407e5da57f97_20250827103338.csv,673d0377254c407e5da57f97,15,11,0.733333
experiment_673d0377254c407e5da57f97_20250827103431.csv,673d0377254c407e5da57f97,19,10,0.526316
experiment_673d0377254c407e5da57f97_20250827103530.csv,673d0377254c407e5da57f97,11,4,0.363636
experiment_673d0377254c407e5da57f97_20250827103628.csv,673d0377254c407e5da57f97,10,4,0.4
experiment_673d0377254c407e5da57f97_20250827103656.csv,673d0377254c407e5da57f97,10,0,0.0
experiment_673d0377254c407e5da57f97_20250827103742.csv,673d0377254c407e5da57f97,9,3,0.333333
experiment_673d0377254c407e5da57f97_20250827103842.csv,673d0377254c407e5da57f97,8,4,0.5
experiment_673d0377254c407e5da57f97_20250827103934.csv,673d0377254c407e5da57f97,10,6,0.6
experiment_673f7365f63a4a3036aae1f2_20250827084022.csv,673f7365f63a4a3036aae1f2,56,6,0.107143
experiment_673f7365f63a4a3036aae1f2_20250827084625.csv,673f7365f63a4a3036aae1f2,42,1,0.02381
experiment_673f7365f63a4a3036aae1f2_20250827085135.csv,673f7365f63a4a3036aae1f2,53,15,0.283019
experiment_673f7365f63a4a3036aae1f2_20250827085743.csv,673f7365f63a4a3036aae1f2,28,6,0.214286
experiment_673f7365f63a4a3036aae1f2_20250827090455.csv,673f7365f63a4a3036aae1f2,35,1,0.028571
experiment_673f7365f63a4a3036aae1f2_20250827090828.csv,673f7365f63a4a3036aae1f2,24,1,0.041667
experiment_673f7365f63a4a3036aae1f2_20250827091439.csv,673f7365f63a4a3036aae1f2,26,9,0.346154
experiment_673f7365f63a4a3036aae1f2_20250827091805.csv,673f7365f63a4a3036aae1f2,32,2,0.0625
experiment_67430c9cce2366e644146584_20250826130000.csv,67430c9cce2366e644146584,24,25,1.041667
experiment_67430c9cce2366e644146584_20250826130049.csv,67430c9cce2366e644146584,8,11,1.375
experiment_67430c9cce2366e644146584_20250826130140.csv,67430c9cce2366e644146584,29,3,0.103448
experiment_67430c9cce2366e644146584_20250826130246.csv,67430c9cce2366e644146584,17,10,0.588235
experiment_67430c9cce2366e644146584_20250826130352.csv,67430c9cce2366e644146584,19,20,1.052632
experiment_67430c9cce2366e644146584_20250826130445.csv,67430c9cce2366e644146584,23,1,0.043478
experiment_67430c9cce2366e644146584_20250826130615.csv,67430c9cce2366e644146584,41,7,0.170732
experiment_67430c9cce2366e644146584_20250826130746.csv,67430c9cce2366e644146584,16,3,0.1875
experiment_67450bce7a49cb1c784dcc2b_20250827065436.csv,67450bce7a49cb1c784dcc2b,16,3,0.1875
experiment_67450bce7a49cb1c784dcc2b_20250827065809.csv,67450bce7a49cb1c784dcc2b,42,24,0.571429
experiment_67450bce7a49cb1c784dcc2b_20250827070247.csv,67450bce7a49cb1c784dcc2b,60,20,0.333333
experiment_67450bce7a49cb1c784dcc2b_20250827071642.csv,67450bce7a49cb1c784dcc2b,45,39,0.866667
experiment_67450bce7a49cb1c784dcc2b_20250827071753.csv,67450bce7a49cb1c784dcc2b,27,22,0.814815
experiment_67450bce7a49cb1c784dcc2b_20250827071937.csv,67450bce7a49cb1c784dcc2b,39,8,0.205128
experiment_67450bce7a49cb1c784dcc2b_20250827072032.csv,67450bce7a49cb1c784dcc2b,25,13,0.52
experiment_67450bce7a49cb1c784dcc2b_20250827072143.csv,67450bce7a49cb1c784dcc2b,16,7,0.4375
experiment_676797a573d3cbf6add72f02_20250827070828.csv,676797a573d3cbf6add72f02,8,9,1.125
experiment_676797a573d3cbf6add72f02_20250827071011.csv,676797a573d3cbf6add72f02,18,21,1.166667
experiment_676797a573d3cbf6add72f02_20250827071225.csv,676797a573d3cbf6add72f02,11,15,1.363636
experiment_676797a573d3cbf6add72f02_20250827071429.csv,676797a573d3cbf6add72f02,11,11,1.0
experiment_676797a573d3cbf6add72f02_20250827071601.csv,676797a573d3cbf6add72f02,16,6,0.375
experiment_676797a573d3cbf6add72f02_20250827071725.csv,676797a573d3cbf6add72f02,19,12,0.631579
experiment_676797a573d3cbf6add72f02_20250827072002.csv,676797a573d3cbf6add72f02,17,21,1.235294
experiment_676797a573d3cbf6add72f02_20250827072125.csv,676797a573d3cbf6add72f02,10,8,0.8
experiment_67709b0a96dcc9c2a7b0a06e_20250826184356.csv,67709b0a96dcc9c2a7b0a06e,28,1,0.035714
experiment_67709b0a96dcc9c2a7b0a06e_20250826184357.csv,67709b0a96dcc9c2a7b0a06e,28,1,0.035714
experiment_67709b0a96dcc9c2a7b0a06e_20250826184705.csv,67709b0a96dcc9c2a7b0a06e,38,15,0.394737
experiment_67709b0a96dcc9c2a7b0a06e_20250826191927.csv,67709b0a96dcc9c2a7b0a06e,22,48,2.181818
experiment_67709b0a96dcc9c2a7b0a06e_20250826192205.csv,67709b0a96dcc9c2a7b0a06e,28,3,0.107143
experiment_67709b0a96dcc9c2a7b0a06e_20250826192538.csv,67709b0a96dcc9c2a7b0a06e,21,0,0.0
experiment_67709b0a96dcc9c2a7b0a06e_20250826192903.csv,67709b0a96dcc9c2a7b0a06e,23,4,0.173913
experiment_67709b0a96dcc9c2a7b0a06e_20250826192905.csv,67709b0a96dcc9c2a7b0a06e,23,4,0.173913
experiment_67acbb030811018b016dcaf7_20250827045345.csv,67acbb030811018b016dcaf7,23,14,0.608696
experiment_67acbb030811018b016dcaf7_20250827045441.csv,67acbb030811018b016dcaf7,21,10,0.47619
experiment_67acbb030811018b016dcaf7_20250827045529.csv,67acbb030811018b016dcaf7,14,3,0.214286
experiment_67acbb030811018b016dcaf7_20250827045608.csv,67acbb030811018b016dcaf7,14,4,0.285714
experiment_67acbb030811018b016dcaf7_20250827045711.csv,67acbb030811018b016dcaf7,28,2,0.071429
experiment_67acbb030811018b016dcaf7_20250827045801.csv,67acbb030811018b016dcaf7,24,12,0.5
experiment_67acbb030811018b016dcaf7_20250827045845.csv,67acbb030811018b016dcaf7,16,15,0.9375
experiment_67acbb030811018b016dcaf7_20250827045936.csv,67acbb030811018b016dcaf7,14,7,0.5
experiment_67bb91a04f5f96b7ac52242d_20250826203847.csv,67bb91a04f5f96b7ac52242d,53,33,0.622642
experiment_67bb91a04f5f96b7ac52242d_20250826204356.csv,67bb91a04f5f96b7ac52242d,83,15,0.180723
experiment_67bb91a04f5f96b7ac52242d_20250826204756.csv,67bb91a04f5f96b7ac52242d,68,23,0.338235
experiment_67bb91a04f5f96b7ac52242d_20250826205112.csv,67bb91a04f5f96b7ac52242d,50,15,0.3
experiment_67bb91a04f5f96b7ac52242d_20250826205405.csv,67bb91a04f5f96b7ac52242d,53,12,0.226415
experiment_67bb91a04f5f96b7ac52242d_20250826205740.csv,67bb91a04f5f96b7ac52242d,40,13,0.325
experiment_67bb91a04f5f96b7ac52242d_20250826210002.csv,67bb91a04f5f96b7ac52242d,41,3,0.073171
experiment_67bb91a04f5f96b7ac52242d_20250826210430.csv,67bb91a04f5f96b7ac52242d,36,7,0.194444
experiment_67d01f812bf82a710cd2193f_20250826194028.csv,67d01f812bf82a710cd2193f,34,3,0.088235
experiment_67d01f812bf82a710cd2193f_20250826194359.csv,67d01f812bf82a710cd2193f,25,2,0.08
experiment_67d01f812bf82a710cd2193f_20250826194644.csv,67d01f812bf82a710cd2193f,27,2,0.074074
experiment_67d01f812bf82a710cd2193f_20250826194928.csv,67d01f812bf82a710cd2193f,25,0,0.0
experiment_67d01f812bf82a710cd2193f_20250826195238.csv,67d01f812bf82a710cd2193f,19,0,0.0
experiment_67d01f812bf82a710cd2193f_20250826195514.csv,67d01f812bf82a710cd2193f,26,0,0.0
experiment_67d01f812bf82a710cd2193f_20250826195742.csv,67d01f812bf82a710cd2193f,20,5,0.25
experiment_67d01f812bf82a710cd2193f_20250826200038.csv,67d01f812bf82a710cd2193f,25,2,0.08
experiment_67d80b3db0cac8b1bd982fb2_20250827121337.csv,67d80b3db0cac8b1bd982fb2,29,11,0.37931
experiment_67d80b3db0cac8b1bd982fb2_20250827121340.csv,67d80b3db0cac8b1bd982fb2,29,11,0.37931
experiment_67d80b3db0cac8b1bd982fb2_20250827121343.csv,67d80b3db0cac8b1bd982fb2,29,11,0.37931
experiment_67d80b3db0cac8b1bd982fb2_20250827121352.csv,67d80b3db0cac8b1bd982fb2,29,11,0.37931
experiment_67d80b3db0cac8b1bd982fb2_20250827121418.csv,67d80b3db0cac8b1bd982fb2,29,11,0.37931
experiment_67d80b3db0cac8b1bd982fb2_20250827121517.csv,67d80b3db0cac8b1bd982fb2,29,11,0.37931
experiment_67d80b3db0cac8b1bd982fb2_20250827121617.csv,67d80b3db0cac8b1bd982fb2,25,0,0.0
experiment_67d80b3db0cac8b1bd982fb2_20250827121739.csv,67d80b3db0cac8b1bd982fb2,18,0,0.0
