filename,conflicting_words
experiment_5962a9280b835400010a7617_20250819171658.csv,2
experiment_5962a9280b835400010a7617_20250819171842.csv,0
experiment_5962a9280b835400010a7617_20250819172140.csv,3
experiment_5962a9280b835400010a7617_20250819172308.csv,0
experiment_5962a9280b835400010a7617_20250819172535.csv,4
experiment_5962a9280b835400010a7617_20250819172701.csv,3
experiment_5962a9280b835400010a7617_20250819172849.csv,3
experiment_5962a9280b835400010a7617_20250819173056.csv,2
experiment_5accb373436f5500010037ee_20250826220942.csv,1
experiment_5accb373436f5500010037ee_20250826221152.csv,2
experiment_5accb373436f5500010037ee_20250826221422.csv,0
experiment_5accb373436f5500010037ee_20250826221929.csv,2
experiment_5accb373436f5500010037ee_20250826222104.csv,2
experiment_5accb373436f5500010037ee_20250826222601.csv,1
experiment_5accb373436f5500010037ee_20250826223512.csv,0
experiment_5accb373436f5500010037ee_20250826223839.csv,0
experiment_5adae3ebdec767000128c131_20250819161542.csv,1
experiment_5adae3ebdec767000128c131_20250819161703.csv,0
experiment_5adae3ebdec767000128c131_20250819161830.csv,1
experiment_5adae3ebdec767000128c131_20250819161945.csv,0
experiment_5adae3ebdec767000128c131_20250819162111.csv,0
experiment_5adae3ebdec767000128c131_20250819162323.csv,0
experiment_5adae3ebdec767000128c131_20250819162433.csv,0
experiment_5adae3ebdec767000128c131_20250819162658.csv,0
experiment_5bf368846edd7200017136c7_20250819173015.csv,0
experiment_5bf368846edd7200017136c7_20250819173115.csv,0
experiment_5bf368846edd7200017136c7_20250819173224.csv,0
experiment_5bf368846edd7200017136c7_20250819173345.csv,1
experiment_5bf368846edd7200017136c7_20250819173434.csv,0
experiment_5bf368846edd7200017136c7_20250819173531.csv,0
experiment_5bf368846edd7200017136c7_20250819173657.csv,0
experiment_5bf368846edd7200017136c7_20250819173744.csv,1
experiment_5c4f5967aac8be0001716a65_20250827072337.csv,0
experiment_5c4f5967aac8be0001716a65_20250827072604.csv,0
experiment_5c4f5967aac8be0001716a65_20250827072740.csv,0
experiment_5c4f5967aac8be0001716a65_20250827072858.csv,0
experiment_5c4f5967aac8be0001716a65_20250827073017.csv,0
experiment_5c4f5967aac8be0001716a65_20250827073135.csv,0
experiment_5c4f5967aac8be0001716a65_20250827073247.csv,0
experiment_5c4f5967aac8be0001716a65_20250827073348.csv,0
experiment_5caa534a19731a00190bb935_20250826134753.csv,0
experiment_5caa534a19731a00190bb935_20250826134934.csv,0
experiment_5caa534a19731a00190bb935_20250826135056.csv,0
experiment_5caa534a19731a00190bb935_20250826135247.csv,0
experiment_5caa534a19731a00190bb935_20250826135512.csv,3
experiment_5caa534a19731a00190bb935_20250826135711.csv,1
experiment_5caa534a19731a00190bb935_20250826135920.csv,0
experiment_5caa534a19731a00190bb935_20250826140059.csv,0
experiment_5cab22cd68194f001511b2d6_20250826123221.csv,0
experiment_5cab22cd68194f001511b2d6_20250826123421.csv,0
experiment_5cab22cd68194f001511b2d6_20250826123618.csv,1
experiment_5cab22cd68194f001511b2d6_20250826123817.csv,0
experiment_5cab22cd68194f001511b2d6_20250826124016.csv,1
experiment_5cab22cd68194f001511b2d6_20250826124150.csv,0
experiment_5cab22cd68194f001511b2d6_20250826124351.csv,1
experiment_5cab22cd68194f001511b2d6_20250826124438.csv,0
experiment_5ced66139b5b490001b688ed_20250819173629.csv,1
experiment_5ced66139b5b490001b688ed_20250819173808.csv,1
experiment_5ced66139b5b490001b688ed_20250819173856.csv,0
experiment_5ced66139b5b490001b688ed_20250819173958.csv,0
experiment_5ced66139b5b490001b688ed_20250819174044.csv,0
experiment_5ced66139b5b490001b688ed_20250819174211.csv,1
experiment_5ced66139b5b490001b688ed_20250819174300.csv,0
experiment_5ced66139b5b490001b688ed_20250819174412.csv,0
experiment_5d3b0da8a884020001881773_20250827085711.csv,0
experiment_5d3b0da8a884020001881773_20250827085854.csv,0
experiment_5d3b0da8a884020001881773_20250827085949.csv,0
experiment_5d3b0da8a884020001881773_20250827090043.csv,0
experiment_5d3b0da8a884020001881773_20250827090418.csv,0
experiment_5d3b0da8a884020001881773_20250827090613.csv,1
experiment_5d3b0da8a884020001881773_20250827090909.csv,0
experiment_5d3b0da8a884020001881773_20250827091048.csv,0
experiment_5d40a12f4994c40001e4b80c_20250826171318.csv,0
experiment_5d40a12f4994c40001e4b80c_20250826171605.csv,0
experiment_5d40a12f4994c40001e4b80c_20250826171829.csv,0
experiment_5d40a12f4994c40001e4b80c_20250826172035.csv,0
experiment_5d40a12f4994c40001e4b80c_20250826172259.csv,1
experiment_5d40a12f4994c40001e4b80c_20250826172528.csv,0
experiment_5d40a12f4994c40001e4b80c_20250826172723.csv,1
experiment_5d40a12f4994c40001e4b80c_20250826172853.csv,0
experiment_5dafea4de40355001651fa2f_20250827072907.csv,0
experiment_5dafea4de40355001651fa2f_20250827073139.csv,0
experiment_5dafea4de40355001651fa2f_20250827073404.csv,0
experiment_5dafea4de40355001651fa2f_20250827073623.csv,0
experiment_5dafea4de40355001651fa2f_20250827073851.csv,0
experiment_5dafea4de40355001651fa2f_20250827074133.csv,1
experiment_5dafea4de40355001651fa2f_20250827074355.csv,0
experiment_5dafea4de40355001651fa2f_20250827074621.csv,1
experiment_5ea4cebb8944a8495280db42_20250827131019.csv,0
experiment_5ea4cebb8944a8495280db42_20250827131239.csv,0
experiment_5ea4cebb8944a8495280db42_20250827131357.csv,1
experiment_5ea4cebb8944a8495280db42_20250827131506.csv,0
experiment_5ea4cebb8944a8495280db42_20250827131629.csv,0
experiment_5ea4cebb8944a8495280db42_20250827131754.csv,0
experiment_5ea4cebb8944a8495280db42_20250827131916.csv,1
experiment_5ea4cebb8944a8495280db42_20250827132017.csv,0
experiment_5f29eff59714081a3594a331_20250827002427.csv,8
experiment_5f29eff59714081a3594a331_20250827002600.csv,1
experiment_5f29eff59714081a3594a331_20250827002741.csv,0
experiment_5f29eff59714081a3594a331_20250827003030.csv,1
experiment_5f29eff59714081a3594a331_20250827003250.csv,2
experiment_5f29eff59714081a3594a331_20250827003720.csv,2
experiment_5f29eff59714081a3594a331_20250827003856.csv,1
experiment_5f29eff59714081a3594a331_20250827004004.csv,2
experiment_5f600669b846780f0fe45709_20250826213524.csv,0
experiment_5f600669b846780f0fe45709_20250826214105.csv,0
experiment_5f600669b846780f0fe45709_20250826214342.csv,0
experiment_5f600669b846780f0fe45709_20250826214807.csv,0
experiment_5f600669b846780f0fe45709_20250826215049.csv,2
experiment_5f600669b846780f0fe45709_20250826215513.csv,0
experiment_5f600669b846780f0fe45709_20250826215949.csv,0
experiment_5f600669b846780f0fe45709_20250826220343.csv,0
experiment_5faeb56b25a37f01d47d326c_20250827155350.csv,1
experiment_5faeb56b25a37f01d47d326c_20250827155623.csv,0
experiment_5faeb56b25a37f01d47d326c_20250827155839.csv,0
experiment_5faeb56b25a37f01d47d326c_20250827160020.csv,1
experiment_5faeb56b25a37f01d47d326c_20250827160239.csv,1
experiment_5faeb56b25a37f01d47d326c_20250827160447.csv,1
experiment_5faeb56b25a37f01d47d326c_20250827160635.csv,1
experiment_5faeb56b25a37f01d47d326c_20250827160757.csv,0
experiment_5fb551ccab996500099ab1aa_20250819155215.csv,0
experiment_5fb551ccab996500099ab1aa_20250819155325.csv,0
experiment_5fb551ccab996500099ab1aa_20250819155614.csv,1
experiment_5fb551ccab996500099ab1aa_20250819155807.csv,0
experiment_5fb551ccab996500099ab1aa_20250819160110.csv,0
experiment_5fb551ccab996500099ab1aa_20250819160238.csv,0
experiment_5fb551ccab996500099ab1aa_20250819160510.csv,2
experiment_5fb551ccab996500099ab1aa_20250819160706.csv,5
experiment_5fbfe145e52a44000a9c2966_20250827123944.csv,0
experiment_5fbfe145e52a44000a9c2966_20250827124623.csv,0
experiment_5fbfe145e52a44000a9c2966_20250827125522.csv,0
experiment_5fbfe145e52a44000a9c2966_20250827125841.csv,0
experiment_5fbfe145e52a44000a9c2966_20250827130713.csv,1
experiment_5fbfe145e52a44000a9c2966_20250827131113.csv,0
experiment_5fbfe145e52a44000a9c2966_20250827131610.csv,0
experiment_5fbfe145e52a44000a9c2966_20250827131905.csv,0
experiment_5fff2877a99bcb65a14a223c_20250827105501.csv,0
experiment_5fff2877a99bcb65a14a223c_20250827105621.csv,0
experiment_5fff2877a99bcb65a14a223c_20250827105709.csv,0
experiment_5fff2877a99bcb65a14a223c_20250827105737.csv,0
experiment_5fff2877a99bcb65a14a223c_20250827105815.csv,0
experiment_5fff2877a99bcb65a14a223c_20250827105905.csv,0
experiment_5fff2877a99bcb65a14a223c_20250827105927.csv,0
experiment_5fff2877a99bcb65a14a223c_20250827110019.csv,0
experiment_606598de386cd206c99a4648_20250827100151.csv,1
experiment_606598de386cd206c99a4648_20250827100414.csv,1
experiment_606598de386cd206c99a4648_20250827100613.csv,1
experiment_606598de386cd206c99a4648_20250827100834.csv,1
experiment_606598de386cd206c99a4648_20250827101057.csv,3
experiment_606598de386cd206c99a4648_20250827101337.csv,2
experiment_606598de386cd206c99a4648_20250827101611.csv,4
experiment_606598de386cd206c99a4648_20250827101816.csv,1
experiment_6081728972120aa7f9685791_20250819162308.csv,0
experiment_6081728972120aa7f9685791_20250819162608.csv,0
experiment_6081728972120aa7f9685791_20250819162905.csv,0
experiment_6081728972120aa7f9685791_20250819163340.csv,0
experiment_6081728972120aa7f9685791_20250819163538.csv,0
experiment_6081728972120aa7f9685791_20250819164215.csv,1
experiment_6081728972120aa7f9685791_20250819164558.csv,0
experiment_6081728972120aa7f9685791_20250819164901.csv,0
experiment_60984a1b0cce76d16c4ca781_20250826200447.csv,0
experiment_60984a1b0cce76d16c4ca781_20250826200645.csv,1
experiment_60984a1b0cce76d16c4ca781_20250826200908.csv,0
experiment_60984a1b0cce76d16c4ca781_20250826201050.csv,0
experiment_60984a1b0cce76d16c4ca781_20250826201214.csv,0
experiment_60984a1b0cce76d16c4ca781_20250826201351.csv,3
experiment_60984a1b0cce76d16c4ca781_20250826201445.csv,0
experiment_60984a1b0cce76d16c4ca781_20250826201546.csv,0
experiment_60bf706fc3b12a3c4f11a487_20250827100116.csv,0
experiment_60bf706fc3b12a3c4f11a487_20250827100808.csv,0
experiment_60bf706fc3b12a3c4f11a487_20250827101328.csv,1
experiment_60bf706fc3b12a3c4f11a487_20250827101501.csv,0
experiment_60bf706fc3b12a3c4f11a487_20250827102031.csv,0
experiment_60bf706fc3b12a3c4f11a487_20250827102148.csv,0
experiment_60bf706fc3b12a3c4f11a487_20250827102400.csv,0
experiment_60bf706fc3b12a3c4f11a487_20250827103123.csv,0
experiment_60db9412ba928de1fdc2269e_20250827141622.csv,0
experiment_60db9412ba928de1fdc2269e_20250827141823.csv,0
experiment_60db9412ba928de1fdc2269e_20250827142119.csv,1
experiment_60db9412ba928de1fdc2269e_20250827142439.csv,0
experiment_60db9412ba928de1fdc2269e_20250827142708.csv,0
experiment_60db9412ba928de1fdc2269e_20250827142848.csv,0
experiment_60db9412ba928de1fdc2269e_20250827143129.csv,0
experiment_60db9412ba928de1fdc2269e_20250827143453.csv,0
experiment_60efc4347ae709f7f3dd8b04_20250827075231.csv,4
experiment_60efc4347ae709f7f3dd8b04_20250827075425.csv,0
experiment_60efc4347ae709f7f3dd8b04_20250827075557.csv,1
experiment_60efc4347ae709f7f3dd8b04_20250827075848.csv,2
experiment_60efc4347ae709f7f3dd8b04_20250827080019.csv,0
experiment_60efc4347ae709f7f3dd8b04_20250827080214.csv,1
experiment_60efc4347ae709f7f3dd8b04_20250827080404.csv,0
experiment_60efc4347ae709f7f3dd8b04_20250827080553.csv,1
experiment_60f23a36acf5f6c70e990efd_20250826202528.csv,0
experiment_60f23a36acf5f6c70e990efd_20250826202649.csv,0
experiment_60f23a36acf5f6c70e990efd_20250826202832.csv,1
experiment_60f23a36acf5f6c70e990efd_20250826202929.csv,1
experiment_60f23a36acf5f6c70e990efd_20250826203059.csv,3
experiment_60f23a36acf5f6c70e990efd_20250826203247.csv,1
experiment_60f23a36acf5f6c70e990efd_20250826203440.csv,2
experiment_60f23a36acf5f6c70e990efd_20250826203522.csv,1
experiment_6136cb52db0f1cb2262bbf5d_20250826171633.csv,0
experiment_6136cb52db0f1cb2262bbf5d_20250826171925.csv,0
experiment_6136cb52db0f1cb2262bbf5d_20250826172151.csv,0
experiment_6136cb52db0f1cb2262bbf5d_20250826172433.csv,0
experiment_6136cb52db0f1cb2262bbf5d_20250826172719.csv,0
experiment_6136cb52db0f1cb2262bbf5d_20250826172909.csv,0
experiment_6136cb52db0f1cb2262bbf5d_20250826173134.csv,0
experiment_6136cb52db0f1cb2262bbf5d_20250826173315.csv,0
experiment_6140ef8d27499e70e8740918_20250819164624.csv,7
experiment_6140ef8d27499e70e8740918_20250819165019.csv,0
experiment_6140ef8d27499e70e8740918_20250819165535.csv,3
experiment_6140ef8d27499e70e8740918_20250819165712.csv,0
experiment_6140ef8d27499e70e8740918_20250819165918.csv,2
experiment_6140ef8d27499e70e8740918_20250819170107.csv,1
experiment_6140ef8d27499e70e8740918_20250819170250.csv,1
experiment_6140ef8d27499e70e8740918_20250819170542.csv,2
experiment_6150ca3f37e1fe330f70311d_20250827083054.csv,0
experiment_6150ca3f37e1fe330f70311d_20250827083229.csv,0
experiment_6150ca3f37e1fe330f70311d_20250827083355.csv,1
experiment_6150ca3f37e1fe330f70311d_20250827083505.csv,1
experiment_6150ca3f37e1fe330f70311d_20250827083655.csv,0
experiment_6150ca3f37e1fe330f70311d_20250827083752.csv,0
experiment_6150ca3f37e1fe330f70311d_20250827083942.csv,1
experiment_6150ca3f37e1fe330f70311d_20250827084050.csv,1
experiment_615921b85071b9caef6148d8_20250827031630.csv,1
experiment_615921b85071b9caef6148d8_20250827031858.csv,5
experiment_615921b85071b9caef6148d8_20250827032049.csv,0
experiment_615921b85071b9caef6148d8_20250827032257.csv,1
experiment_615921b85071b9caef6148d8_20250827032451.csv,1
experiment_615921b85071b9caef6148d8_20250827032611.csv,0
experiment_615921b85071b9caef6148d8_20250827032744.csv,0
experiment_615921b85071b9caef6148d8_20250827032948.csv,0
experiment_616f9519fb3906da76b8e173_20250827010929.csv,0
experiment_616f9519fb3906da76b8e173_20250827011029.csv,0
experiment_616f9519fb3906da76b8e173_20250827011130.csv,0
experiment_616f9519fb3906da76b8e173_20250827011257.csv,0
experiment_616f9519fb3906da76b8e173_20250827011345.csv,1
experiment_616f9519fb3906da76b8e173_20250827011511.csv,0
experiment_616f9519fb3906da76b8e173_20250827011656.csv,1
experiment_616f9519fb3906da76b8e173_20250827011744.csv,0
experiment_61717173748006894b2b54ff_20250826174044.csv,0
experiment_61717173748006894b2b54ff_20250826174129.csv,0
experiment_61717173748006894b2b54ff_20250826174846.csv,1
experiment_61717173748006894b2b54ff_20250826174953.csv,0
experiment_61717173748006894b2b54ff_20250826175115.csv,1
experiment_61717173748006894b2b54ff_20250826175153.csv,1
experiment_61717173748006894b2b54ff_20250826175756.csv,0
experiment_61717173748006894b2b54ff_20250826175900.csv,0
experiment_6400e3697879c55c323f34d0_20250826123813.csv,8
experiment_6400e3697879c55c323f34d0_20250826124041.csv,0
experiment_6400e3697879c55c323f34d0_20250826124436.csv,1
experiment_6400e3697879c55c323f34d0_20250826124619.csv,1
experiment_6400e3697879c55c323f34d0_20250826124816.csv,0
experiment_6400e3697879c55c323f34d0_20250826125028.csv,1
experiment_6400e3697879c55c323f34d0_20250826125139.csv,0
experiment_6400e3697879c55c323f34d0_20250826125335.csv,2
experiment_649dba79b97070557ebe3d0b_20250827035238.csv,0
experiment_649dba79b97070557ebe3d0b_20250827035613.csv,1
experiment_649dba79b97070557ebe3d0b_20250827035959.csv,8
experiment_649dba79b97070557ebe3d0b_20250827040240.csv,3
experiment_649dba79b97070557ebe3d0b_20250827040519.csv,5
experiment_649dba79b97070557ebe3d0b_20250827040939.csv,4
experiment_649dba79b97070557ebe3d0b_20250827041158.csv,3
experiment_649dba79b97070557ebe3d0b_20250827041432.csv,1
experiment_64e8b6f73929dae22fc25705_20250827034016.csv,1
experiment_64e8b6f73929dae22fc25705_20250827034105.csv,3
experiment_64e8b6f73929dae22fc25705_20250827034148.csv,3
experiment_64e8b6f73929dae22fc25705_20250827034238.csv,1
experiment_64e8b6f73929dae22fc25705_20250827034323.csv,2
experiment_64e8b6f73929dae22fc25705_20250827034458.csv,1
experiment_64e8b6f73929dae22fc25705_20250827034540.csv,0
experiment_64e8b6f73929dae22fc25705_20250827034636.csv,0
experiment_6527f153bea7b2d7c0d556e4_20250827020003.csv,8
experiment_6527f153bea7b2d7c0d556e4_20250827020215.csv,0
experiment_6527f153bea7b2d7c0d556e4_20250827020421.csv,3
experiment_6527f153bea7b2d7c0d556e4_20250827020608.csv,0
experiment_6527f153bea7b2d7c0d556e4_20250827020822.csv,0
experiment_6527f153bea7b2d7c0d556e4_20250827021128.csv,0
experiment_6527f153bea7b2d7c0d556e4_20250827021347.csv,0
experiment_6527f153bea7b2d7c0d556e4_20250827021555.csv,0
experiment_6538097b8793d9b90adc4667_20250827143620.csv,0
experiment_6538097b8793d9b90adc4667_20250827143705.csv,2
experiment_6538097b8793d9b90adc4667_20250827143856.csv,0
experiment_6538097b8793d9b90adc4667_20250827143933.csv,1
experiment_6538097b8793d9b90adc4667_20250827144052.csv,1
experiment_6538097b8793d9b90adc4667_20250827144122.csv,0
experiment_6538097b8793d9b90adc4667_20250827144346.csv,0
experiment_6538097b8793d9b90adc4667_20250827144750.csv,1
experiment_65a3ec77f674ac3e98f0c6ac_20250827081018.csv,1
experiment_65a3ec77f674ac3e98f0c6ac_20250827081127.csv,0
experiment_65a3ec77f674ac3e98f0c6ac_20250827081246.csv,0
experiment_65a3ec77f674ac3e98f0c6ac_20250827081524.csv,1
experiment_65a3ec77f674ac3e98f0c6ac_20250827081631.csv,0
experiment_65a3ec77f674ac3e98f0c6ac_20250827081742.csv,0
experiment_65a3ec77f674ac3e98f0c6ac_20250827081821.csv,0
experiment_65a3ec77f674ac3e98f0c6ac_20250827081902.csv,0
experiment_65a3f4da297bacfcc92dead2_20250827092530.csv,0
experiment_65a3f4da297bacfcc92dead2_20250827092700.csv,0
experiment_65a3f4da297bacfcc92dead2_20250827092919.csv,0
experiment_65a3f4da297bacfcc92dead2_20250827093020.csv,0
experiment_65a3f4da297bacfcc92dead2_20250827093100.csv,0
experiment_65a3f4da297bacfcc92dead2_20250827093210.csv,0
experiment_65a3f4da297bacfcc92dead2_20250827093335.csv,0
experiment_65a3f4da297bacfcc92dead2_20250827093451.csv,0
experiment_65c7b42c1c15b1064e26f265_20250826224116.csv,1
experiment_65c7b42c1c15b1064e26f265_20250826224130.csv,1
experiment_65c7b42c1c15b1064e26f265_20250826224151.csv,1
experiment_65c7b42c1c15b1064e26f265_20250826224209.csv,1
experiment_65c7b42c1c15b1064e26f265_20250826224210.csv,1
experiment_65c7b42c1c15b1064e26f265_20250826224226.csv,1
experiment_65c7b42c1c15b1064e26f265_20250826224238.csv,1
experiment_65c7b42c1c15b1064e26f265_20250826224239.csv,1
experiment_65cf6d8a589a67afcab54e6f_20250827123551.csv,7
experiment_65cf6d8a589a67afcab54e6f_20250827124105.csv,1
experiment_65cf6d8a589a67afcab54e6f_20250827124307.csv,1
experiment_65cf6d8a589a67afcab54e6f_20250827124501.csv,2
experiment_65cf6d8a589a67afcab54e6f_20250827124735.csv,1
experiment_65cf6d8a589a67afcab54e6f_20250827124940.csv,1
experiment_65cf6d8a589a67afcab54e6f_20250827125109.csv,1
experiment_65cf6d8a589a67afcab54e6f_20250827125253.csv,0
experiment_65eafe348dd7dad3b69be921_20250827113009.csv,0
experiment_65eafe348dd7dad3b69be921_20250827113457.csv,0
experiment_65eafe348dd7dad3b69be921_20250827113736.csv,0
experiment_65eafe348dd7dad3b69be921_20250827114014.csv,1
experiment_65eafe348dd7dad3b69be921_20250827114136.csv,0
experiment_65eafe348dd7dad3b69be921_20250827114334.csv,4
experiment_65eafe348dd7dad3b69be921_20250827114531.csv,1
experiment_65eafe348dd7dad3b69be921_20250827114810.csv,1
experiment_65f03cac071873738667ccbb_20250827092250.csv,0
experiment_65f03cac071873738667ccbb_20250827092521.csv,2
experiment_65f03cac071873738667ccbb_20250827092725.csv,0
experiment_65f03cac071873738667ccbb_20250827092927.csv,0
experiment_65f03cac071873738667ccbb_20250827093155.csv,0
experiment_65f03cac071873738667ccbb_20250827093335.csv,0
experiment_65f03cac071873738667ccbb_20250827093525.csv,0
experiment_65f03cac071873738667ccbb_20250827093626.csv,0
experiment_65f1ee12589aa15061efa22a_20250826152638.csv,5
experiment_65f1ee12589aa15061efa22a_20250826153420.csv,0
experiment_65f1ee12589aa15061efa22a_20250826154549.csv,2
experiment_65f1ee12589aa15061efa22a_20250826155141.csv,2
experiment_65f1ee12589aa15061efa22a_20250826155636.csv,2
experiment_65f1ee12589aa15061efa22a_20250826160304.csv,1
experiment_65f1ee12589aa15061efa22a_20250826160449.csv,1
experiment_65f1ee12589aa15061efa22a_20250826160636.csv,0
experiment_65f333c755d191fcd18fa279_20250826134900.csv,0
experiment_65f333c755d191fcd18fa279_20250826135249.csv,3
experiment_65f333c755d191fcd18fa279_20250826135554.csv,2
experiment_65f333c755d191fcd18fa279_20250826135842.csv,3
experiment_65f333c755d191fcd18fa279_20250826140107.csv,0
experiment_65f333c755d191fcd18fa279_20250826140358.csv,2
experiment_65f333c755d191fcd18fa279_20250826140611.csv,0
experiment_65f333c755d191fcd18fa279_20250826141148.csv,1
experiment_65fb34c4df61f03ce0dd6dd9_20250827094245.csv,0
experiment_65fb34c4df61f03ce0dd6dd9_20250827094458.csv,0
experiment_65fb34c4df61f03ce0dd6dd9_20250827094639.csv,0
experiment_65fb34c4df61f03ce0dd6dd9_20250827094844.csv,1
experiment_65fb34c4df61f03ce0dd6dd9_20250827095006.csv,0
experiment_65fb34c4df61f03ce0dd6dd9_20250827095144.csv,0
experiment_65fb34c4df61f03ce0dd6dd9_20250827095330.csv,0
experiment_65fb34c4df61f03ce0dd6dd9_20250827095609.csv,0
experiment_65fc95c627592d85499ae358_20250819165809.csv,0
experiment_65fc95c627592d85499ae358_20250819170352.csv,3
experiment_65fc95c627592d85499ae358_20250819170605.csv,0
experiment_65fc95c627592d85499ae358_20250819171143.csv,1
experiment_65fc95c627592d85499ae358_20250819171423.csv,0
experiment_65fc95c627592d85499ae358_20250819172025.csv,0
experiment_65fc95c627592d85499ae358_20250819172435.csv,0
experiment_65fc95c627592d85499ae358_20250819172658.csv,0
experiment_65fda4aa45ba55e983e2a2d9_20250827040319.csv,0
experiment_65fda4aa45ba55e983e2a2d9_20250827040608.csv,0
experiment_65fda4aa45ba55e983e2a2d9_20250827041057.csv,1
experiment_65fda4aa45ba55e983e2a2d9_20250827041323.csv,1
experiment_65fda4aa45ba55e983e2a2d9_20250827041645.csv,0
experiment_65fda4aa45ba55e983e2a2d9_20250827041827.csv,1
experiment_65fda4aa45ba55e983e2a2d9_20250827041958.csv,1
experiment_65fda4aa45ba55e983e2a2d9_20250827042205.csv,0
experiment_6614435124bf16e7a24f9662_20250827115207.csv,1
experiment_6614435124bf16e7a24f9662_20250827115412.csv,0
experiment_6614435124bf16e7a24f9662_20250827115723.csv,1
experiment_6614435124bf16e7a24f9662_20250827121241.csv,0
experiment_6614435124bf16e7a24f9662_20250827121659.csv,1
experiment_6614435124bf16e7a24f9662_20250827122028.csv,0
experiment_6614435124bf16e7a24f9662_20250827122304.csv,0
experiment_6614435124bf16e7a24f9662_20250827122637.csv,1
experiment_661564c766603e80ca4c3184_20250826163603.csv,0
experiment_661564c766603e80ca4c3184_20250826163947.csv,0
experiment_661564c766603e80ca4c3184_20250826164233.csv,0
experiment_661564c766603e80ca4c3184_20250826164520.csv,0
experiment_661564c766603e80ca4c3184_20250826164819.csv,1
experiment_661564c766603e80ca4c3184_20250826165148.csv,1
experiment_661564c766603e80ca4c3184_20250826165745.csv,1
experiment_661564c766603e80ca4c3184_20250826165952.csv,0
experiment_663068f52490bf6d13f95968_20250827030140.csv,0
experiment_663068f52490bf6d13f95968_20250827030416.csv,0
experiment_663068f52490bf6d13f95968_20250827030442.csv,0
experiment_663068f52490bf6d13f95968_20250827030614.csv,0
experiment_663068f52490bf6d13f95968_20250827030627.csv,0
experiment_663068f52490bf6d13f95968_20250827030817.csv,0
experiment_663068f52490bf6d13f95968_20250827030835.csv,0
experiment_663068f52490bf6d13f95968_20250827031546.csv,0
experiment_66321cfc446914f3b199e193_20250827105624.csv,0
experiment_66321cfc446914f3b199e193_20250827110215.csv,3
experiment_66321cfc446914f3b199e193_20250827110448.csv,0
experiment_66321cfc446914f3b199e193_20250827111048.csv,2
experiment_66321cfc446914f3b199e193_20250827111258.csv,0
experiment_66321cfc446914f3b199e193_20250827111743.csv,0
experiment_66321cfc446914f3b199e193_20250827112102.csv,3
experiment_66321cfc446914f3b199e193_20250827112427.csv,1
experiment_663378460f834e9670d1508c_20250827132822.csv,3
experiment_663378460f834e9670d1508c_20250827133253.csv,0
experiment_663378460f834e9670d1508c_20250827133628.csv,2
experiment_663378460f834e9670d1508c_20250827133849.csv,1
experiment_663378460f834e9670d1508c_20250827134408.csv,1
experiment_663378460f834e9670d1508c_20250827135206.csv,9
experiment_663378460f834e9670d1508c_20250827135723.csv,4
experiment_663378460f834e9670d1508c_20250827140210.csv,2
experiment_6635344fb4ae723326e3ce04_20250826132024.csv,0
experiment_6635344fb4ae723326e3ce04_20250826132250.csv,0
experiment_6635344fb4ae723326e3ce04_20250826132502.csv,0
experiment_6635344fb4ae723326e3ce04_20250826132624.csv,0
experiment_6635344fb4ae723326e3ce04_20250826132907.csv,0
experiment_6635344fb4ae723326e3ce04_20250826133223.csv,0
experiment_6635344fb4ae723326e3ce04_20250826133323.csv,0
experiment_6635344fb4ae723326e3ce04_20250826133518.csv,0
experiment_6643495b44af166c626762cd_20250819155555.csv,0
experiment_6643495b44af166c626762cd_20250819155834.csv,1
experiment_6643495b44af166c626762cd_20250819155956.csv,0
experiment_6643495b44af166c626762cd_20250819160208.csv,4
experiment_6643495b44af166c626762cd_20250819160307.csv,0
experiment_6643495b44af166c626762cd_20250819160610.csv,1
experiment_6643495b44af166c626762cd_20250819160707.csv,2
experiment_6643495b44af166c626762cd_20250819160831.csv,0
experiment_664b44d8a11f1bcbba9e0494_20250827045451.csv,0
experiment_664b44d8a11f1bcbba9e0494_20250827045629.csv,1
experiment_664b44d8a11f1bcbba9e0494_20250827045742.csv,1
experiment_664b44d8a11f1bcbba9e0494_20250827045845.csv,1
experiment_664b44d8a11f1bcbba9e0494_20250827050010.csv,1
experiment_664b44d8a11f1bcbba9e0494_20250827050207.csv,1
experiment_664b44d8a11f1bcbba9e0494_20250827050356.csv,0
experiment_664b44d8a11f1bcbba9e0494_20250827050608.csv,0
experiment_664c8dd7baa052f7b1e88417_20250826174453.csv,0
experiment_664c8dd7baa052f7b1e88417_20250826174734.csv,0
experiment_664c8dd7baa052f7b1e88417_20250826175028.csv,0
experiment_664c8dd7baa052f7b1e88417_20250826175139.csv,0
experiment_664c8dd7baa052f7b1e88417_20250826175316.csv,0
experiment_664c8dd7baa052f7b1e88417_20250826175558.csv,0
experiment_664c8dd7baa052f7b1e88417_20250826175738.csv,1
experiment_664c8dd7baa052f7b1e88417_20250826175848.csv,0
experiment_664e413a5f3eb7f99d90e15b_20250826191757.csv,1
experiment_664e413a5f3eb7f99d90e15b_20250826192354.csv,2
experiment_664e413a5f3eb7f99d90e15b_20250826192643.csv,0
experiment_664e413a5f3eb7f99d90e15b_20250826193141.csv,1
experiment_664e413a5f3eb7f99d90e15b_20250826193708.csv,2
experiment_664e413a5f3eb7f99d90e15b_20250826194048.csv,0
experiment_664e413a5f3eb7f99d90e15b_20250826194611.csv,2
experiment_664e413a5f3eb7f99d90e15b_20250826194947.csv,5
experiment_664fa86722f5339adebd32ec_20250827145607.csv,1
experiment_664fa86722f5339adebd32ec_20250827150103.csv,0
experiment_664fa86722f5339adebd32ec_20250827150309.csv,1
experiment_664fa86722f5339adebd32ec_20250827150815.csv,0
experiment_664fa86722f5339adebd32ec_20250827151110.csv,1
experiment_664fa86722f5339adebd32ec_20250827151433.csv,0
experiment_664fa86722f5339adebd32ec_20250827151627.csv,0
experiment_664fa86722f5339adebd32ec_20250827151843.csv,0
experiment_666f76b68b89442817be678a_20250827043255.csv,0
experiment_666f76b68b89442817be678a_20250827043510.csv,0
experiment_666f76b68b89442817be678a_20250827043631.csv,0
experiment_666f76b68b89442817be678a_20250827043905.csv,0
experiment_666f76b68b89442817be678a_20250827044000.csv,0
experiment_666f76b68b89442817be678a_20250827044216.csv,0
experiment_666f76b68b89442817be678a_20250827044433.csv,0
experiment_666f76b68b89442817be678a_20250827044818.csv,0
experiment_6672bf56d51710391ce2164d_20250827065429.csv,2
experiment_6672bf56d51710391ce2164d_20250827065546.csv,1
experiment_6672bf56d51710391ce2164d_20250827065631.csv,0
experiment_6672bf56d51710391ce2164d_20250827065820.csv,1
experiment_6672bf56d51710391ce2164d_20250827065928.csv,0
experiment_6672bf56d51710391ce2164d_20250827070122.csv,0
experiment_6672bf56d51710391ce2164d_20250827070316.csv,4
experiment_6672bf56d51710391ce2164d_20250827070412.csv,0
experiment_6672fea3fe6378e257b6ef25_20250826232322.csv,0
experiment_6672fea3fe6378e257b6ef25_20250826233453.csv,3
experiment_6672fea3fe6378e257b6ef25_20250826234654.csv,0
experiment_6672fea3fe6378e257b6ef25_20250826235530.csv,3
experiment_6672fea3fe6378e257b6ef25_20250827001005.csv,9
experiment_6672fea3fe6378e257b6ef25_20250827001338.csv,2
experiment_6672fea3fe6378e257b6ef25_20250827001601.csv,1
experiment_6672fea3fe6378e257b6ef25_20250827001819.csv,0
experiment_6679a3b7cb020a6e4728eac5_20250826125226.csv,1
experiment_6679a3b7cb020a6e4728eac5_20250826125403.csv,0
experiment_6679a3b7cb020a6e4728eac5_20250826125556.csv,6
experiment_6679a3b7cb020a6e4728eac5_20250826125824.csv,2
experiment_6679a3b7cb020a6e4728eac5_20250826125919.csv,0
experiment_6679a3b7cb020a6e4728eac5_20250826130229.csv,1
experiment_6679a3b7cb020a6e4728eac5_20250826130356.csv,2
experiment_6679a3b7cb020a6e4728eac5_20250826130646.csv,1
experiment_66986ab71f2b54203f26ad32_20250827074414.csv,0
experiment_66986ab71f2b54203f26ad32_20250827075113.csv,0
experiment_66986ab71f2b54203f26ad32_20250827075354.csv,0
experiment_66986ab71f2b54203f26ad32_20250827075811.csv,0
experiment_66986ab71f2b54203f26ad32_20250827080128.csv,0
experiment_66986ab71f2b54203f26ad32_20250827080320.csv,0
experiment_66986ab71f2b54203f26ad32_20250827080446.csv,0
experiment_66986ab71f2b54203f26ad32_20250827080610.csv,0
experiment_66b4f89242c0ff3aab8f8774_20250827110519.csv,0
experiment_66b4f89242c0ff3aab8f8774_20250827110707.csv,0
experiment_66b4f89242c0ff3aab8f8774_20250827110837.csv,0
experiment_66b4f89242c0ff3aab8f8774_20250827111006.csv,0
experiment_66b4f89242c0ff3aab8f8774_20250827111135.csv,0
experiment_66b4f89242c0ff3aab8f8774_20250827111254.csv,0
experiment_66b4f89242c0ff3aab8f8774_20250827111417.csv,0
experiment_66b4f89242c0ff3aab8f8774_20250827111556.csv,0
experiment_66bb6b7e0ccbed81f3ed30a8_20250827094005.csv,0
experiment_66bb6b7e0ccbed81f3ed30a8_20250827094203.csv,0
experiment_66bb6b7e0ccbed81f3ed30a8_20250827094339.csv,0
experiment_66bb6b7e0ccbed81f3ed30a8_20250827094635.csv,1
experiment_66bb6b7e0ccbed81f3ed30a8_20250827094749.csv,0
experiment_66bb6b7e0ccbed81f3ed30a8_20250827095146.csv,0
experiment_66bb6b7e0ccbed81f3ed30a8_20250827095354.csv,0
experiment_66bb6b7e0ccbed81f3ed30a8_20250827095543.csv,0
experiment_6702f60844f21087e0840e3d_20250827133525.csv,1
experiment_6702f60844f21087e0840e3d_20250827133955.csv,0
experiment_6702f60844f21087e0840e3d_20250827134445.csv,0
experiment_6702f60844f21087e0840e3d_20250827134606.csv,0
experiment_6702f60844f21087e0840e3d_20250827134835.csv,0
experiment_6702f60844f21087e0840e3d_20250827134920.csv,0
experiment_6702f60844f21087e0840e3d_20250827135301.csv,0
experiment_6702f60844f21087e0840e3d_20250827135427.csv,0
experiment_6725030a6ee43d8130ceefc5_20250826141649.csv,5
experiment_6725030a6ee43d8130ceefc5_20250826142056.csv,1
experiment_6725030a6ee43d8130ceefc5_20250826142348.csv,1
experiment_6725030a6ee43d8130ceefc5_20250826142721.csv,1
experiment_6725030a6ee43d8130ceefc5_20250826143040.csv,2
experiment_6725030a6ee43d8130ceefc5_20250826143420.csv,0
experiment_6725030a6ee43d8130ceefc5_20250826143716.csv,4
experiment_6725030a6ee43d8130ceefc5_20250826143929.csv,1
experiment_6725c4a8e3ab0787551acf38_20250827051835.csv,0
experiment_6725c4a8e3ab0787551acf38_20250827052240.csv,0
experiment_6725c4a8e3ab0787551acf38_20250827052811.csv,2
experiment_6725c4a8e3ab0787551acf38_20250827052959.csv,0
experiment_6725c4a8e3ab0787551acf38_20250827053420.csv,4
experiment_6725c4a8e3ab0787551acf38_20250827054055.csv,5
experiment_6725c4a8e3ab0787551acf38_20250827055027.csv,3
experiment_6725c4a8e3ab0787551acf38_20250827055451.csv,1
experiment_67356f7cf6ff16fe3322a837_20250826204640.csv,1
experiment_67356f7cf6ff16fe3322a837_20250826205335.csv,3
experiment_67356f7cf6ff16fe3322a837_20250826205624.csv,0
experiment_67356f7cf6ff16fe3322a837_20250826210047.csv,0
experiment_67356f7cf6ff16fe3322a837_20250826210334.csv,0
experiment_67356f7cf6ff16fe3322a837_20250826210919.csv,0
experiment_67356f7cf6ff16fe3322a837_20250826211026.csv,0
experiment_67356f7cf6ff16fe3322a837_20250826211152.csv,0
experiment_673d0377254c407e5da57f97_20250827103338.csv,0
experiment_673d0377254c407e5da57f97_20250827103431.csv,2
experiment_673d0377254c407e5da57f97_20250827103530.csv,1
experiment_673d0377254c407e5da57f97_20250827103628.csv,0
experiment_673d0377254c407e5da57f97_20250827103656.csv,0
experiment_673d0377254c407e5da57f97_20250827103742.csv,0
experiment_673d0377254c407e5da57f97_20250827103842.csv,0
experiment_673d0377254c407e5da57f97_20250827103934.csv,1
experiment_673f7365f63a4a3036aae1f2_20250827084022.csv,1
experiment_673f7365f63a4a3036aae1f2_20250827084625.csv,0
experiment_673f7365f63a4a3036aae1f2_20250827085135.csv,1
experiment_673f7365f63a4a3036aae1f2_20250827085743.csv,0
experiment_673f7365f63a4a3036aae1f2_20250827090455.csv,0
experiment_673f7365f63a4a3036aae1f2_20250827090828.csv,0
experiment_673f7365f63a4a3036aae1f2_20250827091439.csv,0
experiment_673f7365f63a4a3036aae1f2_20250827091805.csv,0
experiment_67430c9cce2366e644146584_20250826130000.csv,0
experiment_67430c9cce2366e644146584_20250826130049.csv,0
experiment_67430c9cce2366e644146584_20250826130140.csv,0
experiment_67430c9cce2366e644146584_20250826130246.csv,0
experiment_67430c9cce2366e644146584_20250826130352.csv,0
experiment_67430c9cce2366e644146584_20250826130445.csv,0
experiment_67430c9cce2366e644146584_20250826130615.csv,0
experiment_67430c9cce2366e644146584_20250826130746.csv,0
experiment_67450bce7a49cb1c784dcc2b_20250827065436.csv,1
experiment_67450bce7a49cb1c784dcc2b_20250827065809.csv,1
experiment_67450bce7a49cb1c784dcc2b_20250827070247.csv,0
experiment_67450bce7a49cb1c784dcc2b_20250827071642.csv,2
experiment_67450bce7a49cb1c784dcc2b_20250827071753.csv,0
experiment_67450bce7a49cb1c784dcc2b_20250827071937.csv,1
experiment_67450bce7a49cb1c784dcc2b_20250827072032.csv,1
experiment_67450bce7a49cb1c784dcc2b_20250827072143.csv,0
experiment_676797a573d3cbf6add72f02_20250827070828.csv,0
experiment_676797a573d3cbf6add72f02_20250827071011.csv,0
experiment_676797a573d3cbf6add72f02_20250827071225.csv,0
experiment_676797a573d3cbf6add72f02_20250827071429.csv,0
experiment_676797a573d3cbf6add72f02_20250827071601.csv,0
experiment_676797a573d3cbf6add72f02_20250827071725.csv,0
experiment_676797a573d3cbf6add72f02_20250827072002.csv,0
experiment_676797a573d3cbf6add72f02_20250827072125.csv,0
experiment_67709b0a96dcc9c2a7b0a06e_20250826184356.csv,0
experiment_67709b0a96dcc9c2a7b0a06e_20250826184357.csv,0
experiment_67709b0a96dcc9c2a7b0a06e_20250826184705.csv,0
experiment_67709b0a96dcc9c2a7b0a06e_20250826191927.csv,1
experiment_67709b0a96dcc9c2a7b0a06e_20250826192205.csv,1
experiment_67709b0a96dcc9c2a7b0a06e_20250826192538.csv,0
experiment_67709b0a96dcc9c2a7b0a06e_20250826192903.csv,1
experiment_67709b0a96dcc9c2a7b0a06e_20250826192905.csv,1
experiment_67acbb030811018b016dcaf7_20250827045345.csv,0
experiment_67acbb030811018b016dcaf7_20250827045441.csv,1
experiment_67acbb030811018b016dcaf7_20250827045529.csv,2
experiment_67acbb030811018b016dcaf7_20250827045608.csv,1
experiment_67acbb030811018b016dcaf7_20250827045711.csv,0
experiment_67acbb030811018b016dcaf7_20250827045801.csv,0
experiment_67acbb030811018b016dcaf7_20250827045845.csv,0
experiment_67acbb030811018b016dcaf7_20250827045936.csv,0
experiment_67bb91a04f5f96b7ac52242d_20250826203847.csv,0
experiment_67bb91a04f5f96b7ac52242d_20250826204356.csv,4
experiment_67bb91a04f5f96b7ac52242d_20250826204756.csv,4
experiment_67bb91a04f5f96b7ac52242d_20250826205112.csv,2
experiment_67bb91a04f5f96b7ac52242d_20250826205405.csv,0
experiment_67bb91a04f5f96b7ac52242d_20250826205740.csv,0
experiment_67bb91a04f5f96b7ac52242d_20250826210002.csv,0
experiment_67bb91a04f5f96b7ac52242d_20250826210430.csv,0
experiment_67d01f812bf82a710cd2193f_20250826194028.csv,0
experiment_67d01f812bf82a710cd2193f_20250826194359.csv,1
experiment_67d01f812bf82a710cd2193f_20250826194644.csv,0
experiment_67d01f812bf82a710cd2193f_20250826194928.csv,1
experiment_67d01f812bf82a710cd2193f_20250826195238.csv,0
experiment_67d01f812bf82a710cd2193f_20250826195514.csv,0
experiment_67d01f812bf82a710cd2193f_20250826195742.csv,0
experiment_67d01f812bf82a710cd2193f_20250826200038.csv,0
experiment_67d80b3db0cac8b1bd982fb2_20250827121337.csv,1
experiment_67d80b3db0cac8b1bd982fb2_20250827121340.csv,1
experiment_67d80b3db0cac8b1bd982fb2_20250827121343.csv,1
experiment_67d80b3db0cac8b1bd982fb2_20250827121352.csv,1
experiment_67d80b3db0cac8b1bd982fb2_20250827121418.csv,1
experiment_67d80b3db0cac8b1bd982fb2_20250827121517.csv,1
experiment_67d80b3db0cac8b1bd982fb2_20250827121617.csv,1
experiment_67d80b3db0cac8b1bd982fb2_20250827121739.csv,0
