filename,PARTICIPANT_ID,words,duration_seconds,WPM_file
experiment_5962a9280b835400010a7617_20250819171658.csv,5962a9280b835400010a7617,45,99.9,27.027027
experiment_5962a9280b835400010a7617_20250819171842.csv,5962a9280b835400010a7617,25,46.241,32.438745
experiment_5962a9280b835400010a7617_20250819172140.csv,5962a9280b835400010a7617,58,103.874,33.502128
experiment_5962a9280b835400010a7617_20250819172308.csv,5962a9280b835400010a7617,13,23.766,32.819995
experiment_5962a9280b835400010a7617_20250819172535.csv,5962a9280b835400010a7617,30,104.048,17.299708
experiment_5962a9280b835400010a7617_20250819172701.csv,5962a9280b835400010a7617,43,57.15,45.144357
experiment_5962a9280b835400010a7617_20250819172849.csv,5962a9280b835400010a7617,39,62.553,37.408278
experiment_5962a9280b835400010a7617_20250819173056.csv,5962a9280b835400010a7617,44,95.432,27.663677
experiment_5accb373436f5500010037ee_20250826220942.csv,5accb373436f5500010037ee,22,89.991,14.668133
experiment_5accb373436f5500010037ee_20250826221152.csv,5accb373436f5500010037ee,24,77.726,18.526619
experiment_5accb373436f5500010037ee_20250826221422.csv,5accb373436f5500010037ee,27,120.835,13.406712
experiment_5accb373436f5500010037ee_20250826221929.csv,5accb373436f5500010037ee,51,144.548,21.169439
experiment_5accb373436f5500010037ee_20250826222104.csv,5accb373436f5500010037ee,28,55.369,30.341888
experiment_5accb373436f5500010037ee_20250826222601.csv,5accb373436f5500010037ee,55,262.01,12.594939
experiment_5accb373436f5500010037ee_20250826223512.csv,5accb373436f5500010037ee,29,375.515,4.633636
experiment_5accb373436f5500010037ee_20250826223839.csv,5accb373436f5500010037ee,20,51.81,23.161552
experiment_5adae3ebdec767000128c131_20250819161542.csv,5adae3ebdec767000128c131,25,90.173,16.634691
experiment_5adae3ebdec767000128c131_20250819161703.csv,5adae3ebdec767000128c131,15,28.264,31.842627
experiment_5adae3ebdec767000128c131_20250819161830.csv,5adae3ebdec767000128c131,17,30.159,33.82075
experiment_5adae3ebdec767000128c131_20250819161945.csv,5adae3ebdec767000128c131,13,49.286,15.825995
experiment_5adae3ebdec767000128c131_20250819162111.csv,5adae3ebdec767000128c131,21,48.591,25.930728
experiment_5adae3ebdec767000128c131_20250819162323.csv,5adae3ebdec767000128c131,27,86.631,18.700003
experiment_5adae3ebdec767000128c131_20250819162433.csv,5adae3ebdec767000128c131,20,43.839,27.372887
experiment_5adae3ebdec767000128c131_20250819162658.csv,5adae3ebdec767000128c131,26,109.702,14.220342
experiment_5bf368846edd7200017136c7_20250819173015.csv,5bf368846edd7200017136c7,19,17.806,64.023363
experiment_5bf368846edd7200017136c7_20250819173115.csv,5bf368846edd7200017136c7,21,19.335,65.166796
experiment_5bf368846edd7200017136c7_20250819173224.csv,5bf368846edd7200017136c7,18,35.971,30.024186
experiment_5bf368846edd7200017136c7_20250819173345.csv,5bf368846edd7200017136c7,18,37.945,28.462248
experiment_5bf368846edd7200017136c7_20250819173434.csv,5bf368846edd7200017136c7,15,15.772,57.06315
experiment_5bf368846edd7200017136c7_20250819173531.csv,5bf368846edd7200017136c7,14,20.591,40.794522
experiment_5bf368846edd7200017136c7_20250819173657.csv,5bf368846edd7200017136c7,23,31.352,44.016331
experiment_5bf368846edd7200017136c7_20250819173744.csv,5bf368846edd7200017136c7,7,4.386,95.759234
experiment_5c4f5967aac8be0001716a65_20250827072337.csv,5c4f5967aac8be0001716a65,31,56.044,33.188209
experiment_5c4f5967aac8be0001716a65_20250827072604.csv,5c4f5967aac8be0001716a65,31,80.299,23.163427
experiment_5c4f5967aac8be0001716a65_20250827072740.csv,5c4f5967aac8be0001716a65,21,40.93,30.784266
experiment_5c4f5967aac8be0001716a65_20250827072858.csv,5c4f5967aac8be0001716a65,12,52.403,13.739671
experiment_5c4f5967aac8be0001716a65_20250827073017.csv,5c4f5967aac8be0001716a65,29,48.72,35.714286
experiment_5c4f5967aac8be0001716a65_20250827073135.csv,5c4f5967aac8be0001716a65,31,27.201,68.379839
experiment_5c4f5967aac8be0001716a65_20250827073247.csv,5c4f5967aac8be0001716a65,29,48.284,36.036782
experiment_5c4f5967aac8be0001716a65_20250827073348.csv,5c4f5967aac8be0001716a65,22,34.604,38.145879
experiment_5caa534a19731a00190bb935_20250826134753.csv,5caa534a19731a00190bb935,19,79.743,14.295926
experiment_5caa534a19731a00190bb935_20250826134934.csv,5caa534a19731a00190bb935,25,68.33,21.95229
experiment_5caa534a19731a00190bb935_20250826135056.csv,5caa534a19731a00190bb935,24,53.741,26.795184
experiment_5caa534a19731a00190bb935_20250826135247.csv,5caa534a19731a00190bb935,22,71.282,18.517999
experiment_5caa534a19731a00190bb935_20250826135512.csv,5caa534a19731a00190bb935,37,69.653,31.872281
experiment_5caa534a19731a00190bb935_20250826135711.csv,5caa534a19731a00190bb935,28,72.915,23.040527
experiment_5caa534a19731a00190bb935_20250826135920.csv,5caa534a19731a00190bb935,22,72.784,18.135854
experiment_5caa534a19731a00190bb935_20250826140059.csv,5caa534a19731a00190bb935,22,62.101,21.255696
experiment_5cab22cd68194f001511b2d6_20250826123221.csv,5cab22cd68194f001511b2d6,12,118.967,6.052098
experiment_5cab22cd68194f001511b2d6_20250826123421.csv,5cab22cd68194f001511b2d6,16,79.997,12.00045
experiment_5cab22cd68194f001511b2d6_20250826123618.csv,5cab22cd68194f001511b2d6,22,85.088,15.513351
experiment_5cab22cd68194f001511b2d6_20250826123817.csv,5cab22cd68194f001511b2d6,51,83.851,36.493304
experiment_5cab22cd68194f001511b2d6_20250826124016.csv,5cab22cd68194f001511b2d6,54,69.031,46.935435
experiment_5cab22cd68194f001511b2d6_20250826124150.csv,5cab22cd68194f001511b2d6,39,46.519,50.302027
experiment_5cab22cd68194f001511b2d6_20250826124351.csv,5cab22cd68194f001511b2d6,43,77.118,33.455224
experiment_5cab22cd68194f001511b2d6_20250826124438.csv,5cab22cd68194f001511b2d6,12,15.885,45.325779
experiment_5ced66139b5b490001b688ed_20250819173629.csv,5ced66139b5b490001b688ed,16,100.996,9.505327
experiment_5ced66139b5b490001b688ed_20250819173808.csv,5ced66139b5b490001b688ed,41,55.567,44.27088
experiment_5ced66139b5b490001b688ed_20250819173856.csv,5ced66139b5b490001b688ed,20,17.978,66.748248
experiment_5ced66139b5b490001b688ed_20250819173958.csv,5ced66139b5b490001b688ed,25,33.812,44.362948
experiment_5ced66139b5b490001b688ed_20250819174044.csv,5ced66139b5b490001b688ed,17,19.179,53.183169
experiment_5ced66139b5b490001b688ed_20250819174211.csv,5ced66139b5b490001b688ed,29,34.335,50.677152
experiment_5ced66139b5b490001b688ed_20250819174300.csv,5ced66139b5b490001b688ed,18,28.779,37.527364
experiment_5ced66139b5b490001b688ed_20250819174412.csv,5ced66139b5b490001b688ed,30,44.375,40.56338
experiment_5d3b0da8a884020001881773_20250827085711.csv,5d3b0da8a884020001881773,61,203.202,18.011634
experiment_5d3b0da8a884020001881773_20250827085854.csv,5d3b0da8a884020001881773,30,35.724,50.386295
experiment_5d3b0da8a884020001881773_20250827085949.csv,5d3b0da8a884020001881773,24,28.925,49.783924
experiment_5d3b0da8a884020001881773_20250827090043.csv,5d3b0da8a884020001881773,20,24.942,48.111619
experiment_5d3b0da8a884020001881773_20250827090418.csv,5d3b0da8a884020001881773,38,53.346,42.739849
experiment_5d3b0da8a884020001881773_20250827090613.csv,5d3b0da8a884020001881773,24,33.291,43.254934
experiment_5d3b0da8a884020001881773_20250827090909.csv,5d3b0da8a884020001881773,26,34.491,45.22919
experiment_5d3b0da8a884020001881773_20250827091048.csv,5d3b0da8a884020001881773,30,36.221,49.694928
experiment_5d40a12f4994c40001e4b80c_20250826171318.csv,5d40a12f4994c40001e4b80c,23,86.743,15.909065
experiment_5d40a12f4994c40001e4b80c_20250826171605.csv,5d40a12f4994c40001e4b80c,9,26.876,20.092276
experiment_5d40a12f4994c40001e4b80c_20250826171829.csv,5d40a12f4994c40001e4b80c,9,16.385,32.956973
experiment_5d40a12f4994c40001e4b80c_20250826172035.csv,5d40a12f4994c40001e4b80c,10,17.775,33.755274
experiment_5d40a12f4994c40001e4b80c_20250826172259.csv,5d40a12f4994c40001e4b80c,13,24.61,31.694433
experiment_5d40a12f4994c40001e4b80c_20250826172528.csv,5d40a12f4994c40001e4b80c,23,63.53,21.722021
experiment_5d40a12f4994c40001e4b80c_20250826172723.csv,5d40a12f4994c40001e4b80c,16,31.99,30.009378
experiment_5d40a12f4994c40001e4b80c_20250826172853.csv,5d40a12f4994c40001e4b80c,11,23.08,28.596187
experiment_5dafea4de40355001651fa2f_20250827072907.csv,5dafea4de40355001651fa2f,4,40.011,5.99835
experiment_5dafea4de40355001651fa2f_20250827073139.csv,5dafea4de40355001651fa2f,16,42.066,22.821281
experiment_5dafea4de40355001651fa2f_20250827073404.csv,5dafea4de40355001651fa2f,15,46.536,19.339866
experiment_5dafea4de40355001651fa2f_20250827073623.csv,5dafea4de40355001651fa2f,14,33.187,25.311116
experiment_5dafea4de40355001651fa2f_20250827073851.csv,5dafea4de40355001651fa2f,21,56.646,22.243406
experiment_5dafea4de40355001651fa2f_20250827074133.csv,5dafea4de40355001651fa2f,24,61.8,23.300971
experiment_5dafea4de40355001651fa2f_20250827074355.csv,5dafea4de40355001651fa2f,26,55.819,27.947473
experiment_5dafea4de40355001651fa2f_20250827074621.csv,5dafea4de40355001651fa2f,25,69.97,21.437759
experiment_5ea4cebb8944a8495280db42_20250827131019.csv,5ea4cebb8944a8495280db42,38,46.952,48.560232
experiment_5ea4cebb8944a8495280db42_20250827131239.csv,5ea4cebb8944a8495280db42,27,40.714,39.789753
experiment_5ea4cebb8944a8495280db42_20250827131357.csv,5ea4cebb8944a8495280db42,28,36.147,46.476886
experiment_5ea4cebb8944a8495280db42_20250827131506.csv,5ea4cebb8944a8495280db42,11,29.339,22.495654
experiment_5ea4cebb8944a8495280db42_20250827131629.csv,5ea4cebb8944a8495280db42,64,57.547,66.728066
experiment_5ea4cebb8944a8495280db42_20250827131754.csv,5ea4cebb8944a8495280db42,43,59.887,43.081136
experiment_5ea4cebb8944a8495280db42_20250827131916.csv,5ea4cebb8944a8495280db42,38,48.001,47.49901
experiment_5ea4cebb8944a8495280db42_20250827132017.csv,5ea4cebb8944a8495280db42,54,44.556,72.717479
experiment_5f29eff59714081a3594a331_20250827002427.csv,5f29eff59714081a3594a331,30,63.096,28.527957
experiment_5f29eff59714081a3594a331_20250827002600.csv,5f29eff59714081a3594a331,18,67.071,16.102339
experiment_5f29eff59714081a3594a331_20250827002741.csv,5f29eff59714081a3594a331,15,48.652,18.498726
experiment_5f29eff59714081a3594a331_20250827003030.csv,5f29eff59714081a3594a331,26,79.85,19.536631
experiment_5f29eff59714081a3594a331_20250827003250.csv,5f29eff59714081a3594a331,18,44.945,24.029369
experiment_5f29eff59714081a3594a331_20250827003720.csv,5f29eff59714081a3594a331,24,205.313,7.013682
experiment_5f29eff59714081a3594a331_20250827003856.csv,5f29eff59714081a3594a331,17,43.514,23.440732
experiment_5f29eff59714081a3594a331_20250827004004.csv,5f29eff59714081a3594a331,18,43.447,24.857873
experiment_5f600669b846780f0fe45709_20250826213524.csv,5f600669b846780f0fe45709,8,114.895,4.177727
experiment_5f600669b846780f0fe45709_20250826214105.csv,5f600669b846780f0fe45709,29,78.038,22.29683
experiment_5f600669b846780f0fe45709_20250826214342.csv,5f600669b846780f0fe45709,23,85.239,16.189772
experiment_5f600669b846780f0fe45709_20250826214807.csv,5f600669b846780f0fe45709,21,108.151,11.650378
experiment_5f600669b846780f0fe45709_20250826215049.csv,5f600669b846780f0fe45709,33,102.206,19.37264
experiment_5f600669b846780f0fe45709_20250826215513.csv,5f600669b846780f0fe45709,37,141.319,15.70914
experiment_5f600669b846780f0fe45709_20250826215949.csv,5f600669b846780f0fe45709,42,129.83,19.409998
experiment_5f600669b846780f0fe45709_20250826220343.csv,5f600669b846780f0fe45709,30,112.326,16.024785
experiment_5faeb56b25a37f01d47d326c_20250827155350.csv,5faeb56b25a37f01d47d326c,41,103.149,23.848995
experiment_5faeb56b25a37f01d47d326c_20250827155623.csv,5faeb56b25a37f01d47d326c,32,104.039,18.454618
experiment_5faeb56b25a37f01d47d326c_20250827155839.csv,5faeb56b25a37f01d47d326c,31,54.694,34.007387
experiment_5faeb56b25a37f01d47d326c_20250827160020.csv,5faeb56b25a37f01d47d326c,20,53.06,22.615907
experiment_5faeb56b25a37f01d47d326c_20250827160239.csv,5faeb56b25a37f01d47d326c,37,84.345,26.32047
experiment_5faeb56b25a37f01d47d326c_20250827160447.csv,5faeb56b25a37f01d47d326c,33,86.06,23.007204
experiment_5faeb56b25a37f01d47d326c_20250827160635.csv,5faeb56b25a37f01d47d326c,47,84.286,33.457514
experiment_5faeb56b25a37f01d47d326c_20250827160757.csv,5faeb56b25a37f01d47d326c,22,70.755,18.655925
experiment_5fb551ccab996500099ab1aa_20250819155215.csv,5fb551ccab996500099ab1aa,25,67.442,22.241333
experiment_5fb551ccab996500099ab1aa_20250819155325.csv,5fb551ccab996500099ab1aa,14,23.517,35.718842
experiment_5fb551ccab996500099ab1aa_20250819155614.csv,5fb551ccab996500099ab1aa,28,84.994,19.766101
experiment_5fb551ccab996500099ab1aa_20250819155807.csv,5fb551ccab996500099ab1aa,27,34.333,47.184924
experiment_5fb551ccab996500099ab1aa_20250819160110.csv,5fb551ccab996500099ab1aa,37,126.852,17.500709
experiment_5fb551ccab996500099ab1aa_20250819160238.csv,5fb551ccab996500099ab1aa,20,27.081,44.31151
experiment_5fb551ccab996500099ab1aa_20250819160510.csv,5fb551ccab996500099ab1aa,47,88.368,31.912004
experiment_5fb551ccab996500099ab1aa_20250819160706.csv,5fb551ccab996500099ab1aa,31,46.068,40.375098
experiment_5fbfe145e52a44000a9c2966_20250827123944.csv,5fbfe145e52a44000a9c2966,41,158.512,15.51933
experiment_5fbfe145e52a44000a9c2966_20250827124623.csv,5fbfe145e52a44000a9c2966,30,76.724,23.460716
experiment_5fbfe145e52a44000a9c2966_20250827125522.csv,5fbfe145e52a44000a9c2966,41,117.767,20.888704
experiment_5fbfe145e52a44000a9c2966_20250827125841.csv,5fbfe145e52a44000a9c2966,21,57.622,21.866648
experiment_5fbfe145e52a44000a9c2966_20250827130713.csv,5fbfe145e52a44000a9c2966,56,147.843,22.726812
experiment_5fbfe145e52a44000a9c2966_20250827131113.csv,5fbfe145e52a44000a9c2966,24,40.249,35.777286
experiment_5fbfe145e52a44000a9c2966_20250827131610.csv,5fbfe145e52a44000a9c2966,31,97.294,19.117315
experiment_5fbfe145e52a44000a9c2966_20250827131905.csv,5fbfe145e52a44000a9c2966,20,41.473,28.934487
experiment_5fff2877a99bcb65a14a223c_20250827105501.csv,5fff2877a99bcb65a14a223c,3,9.325,19.302949
experiment_5fff2877a99bcb65a14a223c_20250827105621.csv,5fff2877a99bcb65a14a223c,14,26.436,31.774852
experiment_5fff2877a99bcb65a14a223c_20250827105709.csv,5fff2877a99bcb65a14a223c,11,20.397,32.3577
experiment_5fff2877a99bcb65a14a223c_20250827105737.csv,5fff2877a99bcb65a14a223c,5,14.054,21.346236
experiment_5fff2877a99bcb65a14a223c_20250827105815.csv,5fff2877a99bcb65a14a223c,6,18.265,19.709828
experiment_5fff2877a99bcb65a14a223c_20250827105905.csv,5fff2877a99bcb65a14a223c,4,14.666,16.36438
experiment_5fff2877a99bcb65a14a223c_20250827105927.csv,5fff2877a99bcb65a14a223c,6,10.754,33.475916
experiment_5fff2877a99bcb65a14a223c_20250827110019.csv,5fff2877a99bcb65a14a223c,4,26.268,9.136592
experiment_606598de386cd206c99a4648_20250827100151.csv,606598de386cd206c99a4648,37,100.333,22.126319
experiment_606598de386cd206c99a4648_20250827100414.csv,606598de386cd206c99a4648,40,103.019,23.296673
experiment_606598de386cd206c99a4648_20250827100613.csv,606598de386cd206c99a4648,34,76.029,26.831867
experiment_606598de386cd206c99a4648_20250827100834.csv,606598de386cd206c99a4648,42,107.184,23.510972
experiment_606598de386cd206c99a4648_20250827101057.csv,606598de386cd206c99a4648,42,90.157,27.951241
experiment_606598de386cd206c99a4648_20250827101337.csv,606598de386cd206c99a4648,49,118.55,24.799663
experiment_606598de386cd206c99a4648_20250827101611.csv,606598de386cd206c99a4648,57,130.06,26.295556
experiment_606598de386cd206c99a4648_20250827101816.csv,606598de386cd206c99a4648,36,92.1,23.452769
experiment_6081728972120aa7f9685791_20250819162308.csv,6081728972120aa7f9685791,25,127.941,11.724154
experiment_6081728972120aa7f9685791_20250819162608.csv,6081728972120aa7f9685791,21,54.897,22.952074
experiment_6081728972120aa7f9685791_20250819162905.csv,6081728972120aa7f9685791,30,133.964,13.436446
experiment_6081728972120aa7f9685791_20250819163340.csv,6081728972120aa7f9685791,38,91.387,24.948844
experiment_6081728972120aa7f9685791_20250819163538.csv,6081728972120aa7f9685791,20,61.467,19.522671
experiment_6081728972120aa7f9685791_20250819164215.csv,6081728972120aa7f9685791,11,46.023,14.340656
experiment_6081728972120aa7f9685791_20250819164558.csv,6081728972120aa7f9685791,29,43.017,40.449125
experiment_6081728972120aa7f9685791_20250819164901.csv,6081728972120aa7f9685791,19,40.272,28.307509
experiment_60984a1b0cce76d16c4ca781_20250826200447.csv,60984a1b0cce76d16c4ca781,25,30.543,49.111089
experiment_60984a1b0cce76d16c4ca781_20250826200645.csv,60984a1b0cce76d16c4ca781,26,35.119,44.420399
experiment_60984a1b0cce76d16c4ca781_20250826200908.csv,60984a1b0cce76d16c4ca781,37,48.223,46.036124
experiment_60984a1b0cce76d16c4ca781_20250826201050.csv,60984a1b0cce76d16c4ca781,41,56.959,43.18896
experiment_60984a1b0cce76d16c4ca781_20250826201214.csv,60984a1b0cce76d16c4ca781,33,56.759,34.884336
experiment_60984a1b0cce76d16c4ca781_20250826201351.csv,60984a1b0cce76d16c4ca781,21,34.887,36.116605
experiment_60984a1b0cce76d16c4ca781_20250826201445.csv,60984a1b0cce76d16c4ca781,27,33.176,48.83048
experiment_60984a1b0cce76d16c4ca781_20250826201546.csv,60984a1b0cce76d16c4ca781,25,40.111,37.396225
experiment_60bf706fc3b12a3c4f11a487_20250827100116.csv,60bf706fc3b12a3c4f11a487,28,81.76,20.547945
experiment_60bf706fc3b12a3c4f11a487_20250827100808.csv,60bf706fc3b12a3c4f11a487,7,32.763,12.819339
experiment_60bf706fc3b12a3c4f11a487_20250827101328.csv,60bf706fc3b12a3c4f11a487,26,113.731,13.716577
experiment_60bf706fc3b12a3c4f11a487_20250827101501.csv,60bf706fc3b12a3c4f11a487,11,37.865,17.430345
experiment_60bf706fc3b12a3c4f11a487_20250827102031.csv,60bf706fc3b12a3c4f11a487,22,63.955,20.639512
experiment_60bf706fc3b12a3c4f11a487_20250827102148.csv,60bf706fc3b12a3c4f11a487,11,40.979,16.10581
experiment_60bf706fc3b12a3c4f11a487_20250827102400.csv,60bf706fc3b12a3c4f11a487,31,79.211,23.481587
experiment_60bf706fc3b12a3c4f11a487_20250827103123.csv,60bf706fc3b12a3c4f11a487,14,47.755,17.589781
experiment_60db9412ba928de1fdc2269e_20250827141622.csv,60db9412ba928de1fdc2269e,13,68.701,11.353547
experiment_60db9412ba928de1fdc2269e_20250827141823.csv,60db9412ba928de1fdc2269e,9,42.339,12.754198
experiment_60db9412ba928de1fdc2269e_20250827142119.csv,60db9412ba928de1fdc2269e,7,101.37,4.143238
experiment_60db9412ba928de1fdc2269e_20250827142439.csv,60db9412ba928de1fdc2269e,10,64.711,9.271994
experiment_60db9412ba928de1fdc2269e_20250827142708.csv,60db9412ba928de1fdc2269e,8,74.454,6.446934
experiment_60db9412ba928de1fdc2269e_20250827142848.csv,60db9412ba928de1fdc2269e,7,35.765,11.743324
experiment_60db9412ba928de1fdc2269e_20250827143129.csv,60db9412ba928de1fdc2269e,6,117.614,3.06086
experiment_60db9412ba928de1fdc2269e_20250827143453.csv,60db9412ba928de1fdc2269e,4,108.791,2.206065
experiment_60efc4347ae709f7f3dd8b04_20250827075231.csv,60efc4347ae709f7f3dd8b04,68,92.838,43.947521
experiment_60efc4347ae709f7f3dd8b04_20250827075425.csv,60efc4347ae709f7f3dd8b04,36,58.922,36.658633
experiment_60efc4347ae709f7f3dd8b04_20250827075557.csv,60efc4347ae709f7f3dd8b04,26,43.125,36.173913
experiment_60efc4347ae709f7f3dd8b04_20250827075848.csv,60efc4347ae709f7f3dd8b04,60,118.613,30.350805
experiment_60efc4347ae709f7f3dd8b04_20250827080019.csv,60efc4347ae709f7f3dd8b04,20,38.42,31.233732
experiment_60efc4347ae709f7f3dd8b04_20250827080214.csv,60efc4347ae709f7f3dd8b04,36,60.311,35.814362
experiment_60efc4347ae709f7f3dd8b04_20250827080404.csv,60efc4347ae709f7f3dd8b04,53,73.643,43.181294
experiment_60efc4347ae709f7f3dd8b04_20250827080553.csv,60efc4347ae709f7f3dd8b04,20,70.595,16.998371
experiment_60f23a36acf5f6c70e990efd_20250826202528.csv,60f23a36acf5f6c70e990efd,49,81.27,36.175711
experiment_60f23a36acf5f6c70e990efd_20250826202649.csv,60f23a36acf5f6c70e990efd,26,33.029,47.231221
experiment_60f23a36acf5f6c70e990efd_20250826202832.csv,60f23a36acf5f6c70e990efd,43,57.114,45.172812
experiment_60f23a36acf5f6c70e990efd_20250826202929.csv,60f23a36acf5f6c70e990efd,15,36.225,24.84472
experiment_60f23a36acf5f6c70e990efd_20250826203059.csv,60f23a36acf5f6c70e990efd,39,53.783,43.508172
experiment_60f23a36acf5f6c70e990efd_20250826203247.csv,60f23a36acf5f6c70e990efd,27,65.299,24.808956
experiment_60f23a36acf5f6c70e990efd_20250826203440.csv,60f23a36acf5f6c70e990efd,45,71.67,37.672666
experiment_60f23a36acf5f6c70e990efd_20250826203522.csv,60f23a36acf5f6c70e990efd,23,26.069,52.936438
experiment_6136cb52db0f1cb2262bbf5d_20250826171633.csv,6136cb52db0f1cb2262bbf5d,20,18.967,63.267781
experiment_6136cb52db0f1cb2262bbf5d_20250826171925.csv,6136cb52db0f1cb2262bbf5d,32,35.342,54.326297
experiment_6136cb52db0f1cb2262bbf5d_20250826172151.csv,6136cb52db0f1cb2262bbf5d,23,74.864,18.433426
experiment_6136cb52db0f1cb2262bbf5d_20250826172433.csv,6136cb52db0f1cb2262bbf5d,25,43.975,34.11029
experiment_6136cb52db0f1cb2262bbf5d_20250826172719.csv,6136cb52db0f1cb2262bbf5d,15,24.296,37.043135
experiment_6136cb52db0f1cb2262bbf5d_20250826172909.csv,6136cb52db0f1cb2262bbf5d,17,23.296,43.784341
experiment_6136cb52db0f1cb2262bbf5d_20250826173134.csv,6136cb52db0f1cb2262bbf5d,28,61.232,27.436634
experiment_6136cb52db0f1cb2262bbf5d_20250826173315.csv,6136cb52db0f1cb2262bbf5d,21,31.072,40.550978
experiment_6140ef8d27499e70e8740918_20250819164624.csv,6140ef8d27499e70e8740918,123,191.506,38.536652
experiment_6140ef8d27499e70e8740918_20250819165019.csv,6140ef8d27499e70e8740918,80,133.897,35.848451
experiment_6140ef8d27499e70e8740918_20250819165535.csv,6140ef8d27499e70e8740918,148,201.393,44.092893
experiment_6140ef8d27499e70e8740918_20250819165712.csv,6140ef8d27499e70e8740918,37,49.136,45.180723
experiment_6140ef8d27499e70e8740918_20250819165918.csv,6140ef8d27499e70e8740918,52,57.664,54.106548
experiment_6140ef8d27499e70e8740918_20250819170107.csv,6140ef8d27499e70e8740918,33,60.72,32.608696
experiment_6140ef8d27499e70e8740918_20250819170250.csv,6140ef8d27499e70e8740918,56,68.272,49.214905
experiment_6140ef8d27499e70e8740918_20250819170542.csv,6140ef8d27499e70e8740918,84,111.279,45.291564
experiment_6150ca3f37e1fe330f70311d_20250827083054.csv,6150ca3f37e1fe330f70311d,36,100.172,21.562912
experiment_6150ca3f37e1fe330f70311d_20250827083229.csv,6150ca3f37e1fe330f70311d,34,58.826,34.678544
experiment_6150ca3f37e1fe330f70311d_20250827083355.csv,6150ca3f37e1fe330f70311d,29,48.084,36.186673
experiment_6150ca3f37e1fe330f70311d_20250827083505.csv,6150ca3f37e1fe330f70311d,26,41.445,37.640246
experiment_6150ca3f37e1fe330f70311d_20250827083655.csv,6150ca3f37e1fe330f70311d,52,69.049,45.185303
experiment_6150ca3f37e1fe330f70311d_20250827083752.csv,6150ca3f37e1fe330f70311d,22,40.873,32.295158
experiment_6150ca3f37e1fe330f70311d_20250827083942.csv,6150ca3f37e1fe330f70311d,23,45.982,30.011744
experiment_6150ca3f37e1fe330f70311d_20250827084050.csv,6150ca3f37e1fe330f70311d,24,52.391,27.485637
experiment_615921b85071b9caef6148d8_20250827031630.csv,615921b85071b9caef6148d8,28,37.499,44.801195
experiment_615921b85071b9caef6148d8_20250827031858.csv,615921b85071b9caef6148d8,74,87.683,50.636954
experiment_615921b85071b9caef6148d8_20250827032049.csv,615921b85071b9caef6148d8,40,59.538,40.31039
experiment_615921b85071b9caef6148d8_20250827032257.csv,615921b85071b9caef6148d8,37,83.011,26.743444
experiment_615921b85071b9caef6148d8_20250827032451.csv,615921b85071b9caef6148d8,45,74.751,36.119918
experiment_615921b85071b9caef6148d8_20250827032611.csv,615921b85071b9caef6148d8,37,43.127,51.475874
experiment_615921b85071b9caef6148d8_20250827032744.csv,615921b85071b9caef6148d8,51,54.969,55.66774
experiment_615921b85071b9caef6148d8_20250827032948.csv,615921b85071b9caef6148d8,40,88.352,27.164071
experiment_616f9519fb3906da76b8e173_20250827010929.csv,616f9519fb3906da76b8e173,46,57.625,47.895879
experiment_616f9519fb3906da76b8e173_20250827011029.csv,616f9519fb3906da76b8e173,17,24.794,41.138985
experiment_616f9519fb3906da76b8e173_20250827011130.csv,616f9519fb3906da76b8e173,21,30.502,41.308767
experiment_616f9519fb3906da76b8e173_20250827011257.csv,616f9519fb3906da76b8e173,40,48.789,49.191416
experiment_616f9519fb3906da76b8e173_20250827011345.csv,616f9519fb3906da76b8e173,28,24.094,69.726903
experiment_616f9519fb3906da76b8e173_20250827011511.csv,616f9519fb3906da76b8e173,43,57.692,44.720239
experiment_616f9519fb3906da76b8e173_20250827011656.csv,616f9519fb3906da76b8e173,48,77.666,37.081863
experiment_616f9519fb3906da76b8e173_20250827011744.csv,616f9519fb3906da76b8e173,17,22.743,44.848965
experiment_61717173748006894b2b54ff_20250826174044.csv,61717173748006894b2b54ff,13,41.266,18.901759
experiment_61717173748006894b2b54ff_20250826174129.csv,61717173748006894b2b54ff,15,21.738,41.402153
experiment_61717173748006894b2b54ff_20250826174846.csv,61717173748006894b2b54ff,11,24.202,27.270474
experiment_61717173748006894b2b54ff_20250826174953.csv,61717173748006894b2b54ff,15,30.313,29.690232
experiment_61717173748006894b2b54ff_20250826175115.csv,61717173748006894b2b54ff,11,30.323,21.765656
experiment_61717173748006894b2b54ff_20250826175153.csv,61717173748006894b2b54ff,14,19.882,42.249271
experiment_61717173748006894b2b54ff_20250826175756.csv,61717173748006894b2b54ff,14,42.905,19.578138
experiment_61717173748006894b2b54ff_20250826175900.csv,61717173748006894b2b54ff,10,22.861,26.245571
experiment_6400e3697879c55c323f34d0_20250826123813.csv,6400e3697879c55c323f34d0,33,72.583,27.279115
experiment_6400e3697879c55c323f34d0_20250826124041.csv,6400e3697879c55c323f34d0,47,106.508,26.476884
experiment_6400e3697879c55c323f34d0_20250826124436.csv,6400e3697879c55c323f34d0,22,109.101,12.098881
experiment_6400e3697879c55c323f34d0_20250826124619.csv,6400e3697879c55c323f34d0,34,73.646,27.700079
experiment_6400e3697879c55c323f34d0_20250826124816.csv,6400e3697879c55c323f34d0,27,73.902,21.920922
experiment_6400e3697879c55c323f34d0_20250826125028.csv,6400e3697879c55c323f34d0,54,84.75,38.230088
experiment_6400e3697879c55c323f34d0_20250826125139.csv,6400e3697879c55c323f34d0,25,39.538,37.938186
experiment_6400e3697879c55c323f34d0_20250826125335.csv,6400e3697879c55c323f34d0,52,77.545,40.234702
experiment_649dba79b97070557ebe3d0b_20250827035238.csv,649dba79b97070557ebe3d0b,48,87.768,32.813782
experiment_649dba79b97070557ebe3d0b_20250827035613.csv,649dba79b97070557ebe3d0b,56,66.262,50.707796
experiment_649dba79b97070557ebe3d0b_20250827035959.csv,649dba79b97070557ebe3d0b,127,160.666,47.427583
experiment_649dba79b97070557ebe3d0b_20250827040240.csv,649dba79b97070557ebe3d0b,85,106.774,47.764437
experiment_649dba79b97070557ebe3d0b_20250827040519.csv,649dba79b97070557ebe3d0b,103,112.696,54.837794
experiment_649dba79b97070557ebe3d0b_20250827040939.csv,649dba79b97070557ebe3d0b,95,161.388,35.318611
experiment_649dba79b97070557ebe3d0b_20250827041158.csv,649dba79b97070557ebe3d0b,75,112.252,40.088373
experiment_649dba79b97070557ebe3d0b_20250827041432.csv,649dba79b97070557ebe3d0b,79,115.855,40.91321
experiment_64e8b6f73929dae22fc25705_20250827034016.csv,64e8b6f73929dae22fc25705,7,15.592,26.936891
experiment_64e8b6f73929dae22fc25705_20250827034105.csv,64e8b6f73929dae22fc25705,17,21.791,46.808315
experiment_64e8b6f73929dae22fc25705_20250827034148.csv,64e8b6f73929dae22fc25705,9,11.078,48.745261
experiment_64e8b6f73929dae22fc25705_20250827034238.csv,64e8b6f73929dae22fc25705,22,33.634,39.246001
experiment_64e8b6f73929dae22fc25705_20250827034323.csv,64e8b6f73929dae22fc25705,8,25.189,19.055937
experiment_64e8b6f73929dae22fc25705_20250827034458.csv,64e8b6f73929dae22fc25705,22,63.565,20.766145
experiment_64e8b6f73929dae22fc25705_20250827034540.csv,64e8b6f73929dae22fc25705,11,30.955,21.321273
experiment_64e8b6f73929dae22fc25705_20250827034636.csv,64e8b6f73929dae22fc25705,9,32.813,16.456892
experiment_6527f153bea7b2d7c0d556e4_20250827020003.csv,6527f153bea7b2d7c0d556e4,53,104.422,30.453353
experiment_6527f153bea7b2d7c0d556e4_20250827020215.csv,6527f153bea7b2d7c0d556e4,37,70.744,31.380753
experiment_6527f153bea7b2d7c0d556e4_20250827020421.csv,6527f153bea7b2d7c0d556e4,51,57.122,53.569553
experiment_6527f153bea7b2d7c0d556e4_20250827020608.csv,6527f153bea7b2d7c0d556e4,21,42.711,29.500597
experiment_6527f153bea7b2d7c0d556e4_20250827020822.csv,6527f153bea7b2d7c0d556e4,30,80.008,22.49775
experiment_6527f153bea7b2d7c0d556e4_20250827021128.csv,6527f153bea7b2d7c0d556e4,38,81.63,27.930908
experiment_6527f153bea7b2d7c0d556e4_20250827021347.csv,6527f153bea7b2d7c0d556e4,24,87.095,16.53367
experiment_6527f153bea7b2d7c0d556e4_20250827021555.csv,6527f153bea7b2d7c0d556e4,18,31.46,34.329307
experiment_6538097b8793d9b90adc4667_20250827143620.csv,6538097b8793d9b90adc4667,13,32.36,24.103832
experiment_6538097b8793d9b90adc4667_20250827143705.csv,6538097b8793d9b90adc4667,14,23.712,35.425101
experiment_6538097b8793d9b90adc4667_20250827143856.csv,6538097b8793d9b90adc4667,11,15.408,42.834891
experiment_6538097b8793d9b90adc4667_20250827143933.csv,6538097b8793d9b90adc4667,12,19.876,36.224592
experiment_6538097b8793d9b90adc4667_20250827144052.csv,6538097b8793d9b90adc4667,11,19.729,33.453292
experiment_6538097b8793d9b90adc4667_20250827144122.csv,6538097b8793d9b90adc4667,11,11.298,58.417419
experiment_6538097b8793d9b90adc4667_20250827144346.csv,6538097b8793d9b90adc4667,8,13.262,36.193636
experiment_6538097b8793d9b90adc4667_20250827144750.csv,6538097b8793d9b90adc4667,9,14.671,36.807307
experiment_65a3ec77f674ac3e98f0c6ac_20250827081018.csv,65a3ec77f674ac3e98f0c6ac,34,81.323,25.085154
experiment_65a3ec77f674ac3e98f0c6ac_20250827081127.csv,65a3ec77f674ac3e98f0c6ac,17,44.269,23.040954
experiment_65a3ec77f674ac3e98f0c6ac_20250827081246.csv,65a3ec77f674ac3e98f0c6ac,8,16.724,28.701268
experiment_65a3ec77f674ac3e98f0c6ac_20250827081524.csv,65a3ec77f674ac3e98f0c6ac,37,83.795,26.493228
experiment_65a3ec77f674ac3e98f0c6ac_20250827081631.csv,65a3ec77f674ac3e98f0c6ac,13,26.172,29.802843
experiment_65a3ec77f674ac3e98f0c6ac_20250827081742.csv,65a3ec77f674ac3e98f0c6ac,15,31.53,28.544244
experiment_65a3ec77f674ac3e98f0c6ac_20250827081821.csv,65a3ec77f674ac3e98f0c6ac,6,9.224,39.028621
experiment_65a3ec77f674ac3e98f0c6ac_20250827081902.csv,65a3ec77f674ac3e98f0c6ac,6,17.784,20.242915
experiment_65a3f4da297bacfcc92dead2_20250827092530.csv,65a3f4da297bacfcc92dead2,15,55.724,16.15103
experiment_65a3f4da297bacfcc92dead2_20250827092700.csv,65a3f4da297bacfcc92dead2,10,62.615,9.582368
experiment_65a3f4da297bacfcc92dead2_20250827092919.csv,65a3f4da297bacfcc92dead2,21,76.44,16.483516
experiment_65a3f4da297bacfcc92dead2_20250827093020.csv,65a3f4da297bacfcc92dead2,9,27.134,19.901231
experiment_65a3f4da297bacfcc92dead2_20250827093100.csv,65a3f4da297bacfcc92dead2,9,8.781,61.496413
experiment_65a3f4da297bacfcc92dead2_20250827093210.csv,65a3f4da297bacfcc92dead2,13,49.808,15.660135
experiment_65a3f4da297bacfcc92dead2_20250827093335.csv,65a3f4da297bacfcc92dead2,17,62.743,16.256794
experiment_65a3f4da297bacfcc92dead2_20250827093451.csv,65a3f4da297bacfcc92dead2,11,49.012,13.46609
experiment_65c7b42c1c15b1064e26f265_20250826224116.csv,65c7b42c1c15b1064e26f265,1,3.147,19.065777
experiment_65c7b42c1c15b1064e26f265_20250826224130.csv,65c7b42c1c15b1064e26f265,1,2.104,28.51711
experiment_65c7b42c1c15b1064e26f265_20250826224151.csv,65c7b42c1c15b1064e26f265,1,1.887,31.796502
experiment_65c7b42c1c15b1064e26f265_20250826224209.csv,65c7b42c1c15b1064e26f265,1,3.207,18.709074
experiment_65c7b42c1c15b1064e26f265_20250826224210.csv,65c7b42c1c15b1064e26f265,1,3.207,18.709074
experiment_65c7b42c1c15b1064e26f265_20250826224226.csv,65c7b42c1c15b1064e26f265,1,4.258,14.091123
experiment_65c7b42c1c15b1064e26f265_20250826224238.csv,65c7b42c1c15b1064e26f265,1,3.147,19.065777
experiment_65c7b42c1c15b1064e26f265_20250826224239.csv,65c7b42c1c15b1064e26f265,1,3.147,19.065777
experiment_65cf6d8a589a67afcab54e6f_20250827123551.csv,65cf6d8a589a67afcab54e6f,114,306.647,22.305778
experiment_65cf6d8a589a67afcab54e6f_20250827124105.csv,65cf6d8a589a67afcab54e6f,58,178.617,19.483028
experiment_65cf6d8a589a67afcab54e6f_20250827124307.csv,65cf6d8a589a67afcab54e6f,39,72.513,32.270076
experiment_65cf6d8a589a67afcab54e6f_20250827124501.csv,65cf6d8a589a67afcab54e6f,33,76.671,25.824627
experiment_65cf6d8a589a67afcab54e6f_20250827124735.csv,65cf6d8a589a67afcab54e6f,58,99.243,35.065445
experiment_65cf6d8a589a67afcab54e6f_20250827124940.csv,65cf6d8a589a67afcab54e6f,43,95.92,26.897415
experiment_65cf6d8a589a67afcab54e6f_20250827125109.csv,65cf6d8a589a67afcab54e6f,28,42.475,39.552678
experiment_65cf6d8a589a67afcab54e6f_20250827125253.csv,65cf6d8a589a67afcab54e6f,29,73.161,23.783163
experiment_65eafe348dd7dad3b69be921_20250827113009.csv,65eafe348dd7dad3b69be921,29,128.653,13.524753
experiment_65eafe348dd7dad3b69be921_20250827113457.csv,65eafe348dd7dad3b69be921,12,240.391,2.99512
experiment_65eafe348dd7dad3b69be921_20250827113736.csv,65eafe348dd7dad3b69be921,19,126.906,8.983027
experiment_65eafe348dd7dad3b69be921_20250827114014.csv,65eafe348dd7dad3b69be921,25,126.022,11.902684
experiment_65eafe348dd7dad3b69be921_20250827114136.csv,65eafe348dd7dad3b69be921,18,55.931,19.309506
experiment_65eafe348dd7dad3b69be921_20250827114334.csv,65eafe348dd7dad3b69be921,30,102.663,17.533094
experiment_65eafe348dd7dad3b69be921_20250827114531.csv,65eafe348dd7dad3b69be921,23,89.202,15.470505
experiment_65eafe348dd7dad3b69be921_20250827114810.csv,65eafe348dd7dad3b69be921,40,132.103,18.167642
experiment_65f03cac071873738667ccbb_20250827092250.csv,65f03cac071873738667ccbb,39,89.615,26.1117
experiment_65f03cac071873738667ccbb_20250827092521.csv,65f03cac071873738667ccbb,39,104.86,22.315468
experiment_65f03cac071873738667ccbb_20250827092725.csv,65f03cac071873738667ccbb,28,86.077,19.517409
experiment_65f03cac071873738667ccbb_20250827092927.csv,65f03cac071873738667ccbb,27,83.992,19.287551
experiment_65f03cac071873738667ccbb_20250827093155.csv,65f03cac071873738667ccbb,26,130.039,11.996401
experiment_65f03cac071873738667ccbb_20250827093335.csv,65f03cac071873738667ccbb,13,67.415,11.570125
experiment_65f03cac071873738667ccbb_20250827093525.csv,65f03cac071873738667ccbb,33,80.255,24.67136
experiment_65f03cac071873738667ccbb_20250827093626.csv,65f03cac071873738667ccbb,12,27.726,25.968405
experiment_65f1ee12589aa15061efa22a_20250826152638.csv,65f1ee12589aa15061efa22a,124,390.358,19.059427
experiment_65f1ee12589aa15061efa22a_20250826153420.csv,65f1ee12589aa15061efa22a,49,305.242,9.631702
experiment_65f1ee12589aa15061efa22a_20250826154549.csv,65f1ee12589aa15061efa22a,113,594.729,11.40015
experiment_65f1ee12589aa15061efa22a_20250826155141.csv,65f1ee12589aa15061efa22a,46,242.1,11.400248
experiment_65f1ee12589aa15061efa22a_20250826155636.csv,65f1ee12589aa15061efa22a,85,242.354,21.043597
experiment_65f1ee12589aa15061efa22a_20250826160304.csv,65f1ee12589aa15061efa22a,98,352.308,16.689942
experiment_65f1ee12589aa15061efa22a_20250826160449.csv,65f1ee12589aa15061efa22a,37,85.961,25.825665
experiment_65f1ee12589aa15061efa22a_20250826160636.csv,65f1ee12589aa15061efa22a,39,77.068,30.362796
experiment_65f333c755d191fcd18fa279_20250826134900.csv,65f333c755d191fcd18fa279,54,116.415,27.831465
experiment_65f333c755d191fcd18fa279_20250826135249.csv,65f333c755d191fcd18fa279,50,101.916,29.436006
experiment_65f333c755d191fcd18fa279_20250826135554.csv,65f333c755d191fcd18fa279,42,94.845,26.569666
experiment_65f333c755d191fcd18fa279_20250826135842.csv,65f333c755d191fcd18fa279,65,117.329,33.239864
experiment_65f333c755d191fcd18fa279_20250826140107.csv,65f333c755d191fcd18fa279,37,73.692,30.125387
experiment_65f333c755d191fcd18fa279_20250826140358.csv,65f333c755d191fcd18fa279,56,91.785,36.607289
experiment_65f333c755d191fcd18fa279_20250826140611.csv,65f333c755d191fcd18fa279,30,84.217,21.373357
experiment_65f333c755d191fcd18fa279_20250826141148.csv,65f333c755d191fcd18fa279,42,86.184,29.239766
experiment_65fb34c4df61f03ce0dd6dd9_20250827094245.csv,65fb34c4df61f03ce0dd6dd9,19,30.687,37.149281
experiment_65fb34c4df61f03ce0dd6dd9_20250827094458.csv,65fb34c4df61f03ce0dd6dd9,17,31.648,32.229525
experiment_65fb34c4df61f03ce0dd6dd9_20250827094639.csv,65fb34c4df61f03ce0dd6dd9,16,42.963,22.344808
experiment_65fb34c4df61f03ce0dd6dd9_20250827094844.csv,65fb34c4df61f03ce0dd6dd9,16,38.646,24.840863
experiment_65fb34c4df61f03ce0dd6dd9_20250827095006.csv,65fb34c4df61f03ce0dd6dd9,15,22.118,40.69084
experiment_65fb34c4df61f03ce0dd6dd9_20250827095144.csv,65fb34c4df61f03ce0dd6dd9,18,28.166,38.344103
experiment_65fb34c4df61f03ce0dd6dd9_20250827095330.csv,65fb34c4df61f03ce0dd6dd9,23,42.897,32.170082
experiment_65fb34c4df61f03ce0dd6dd9_20250827095609.csv,65fb34c4df61f03ce0dd6dd9,33,91.721,21.587205
experiment_65fc95c627592d85499ae358_20250819165809.csv,65fc95c627592d85499ae358,31,76.175,24.41746
experiment_65fc95c627592d85499ae358_20250819170352.csv,65fc95c627592d85499ae358,75,137.977,32.614131
experiment_65fc95c627592d85499ae358_20250819170605.csv,65fc95c627592d85499ae358,15,26.695,33.714179
experiment_65fc95c627592d85499ae358_20250819171143.csv,65fc95c627592d85499ae358,56,93.414,35.968913
experiment_65fc95c627592d85499ae358_20250819171423.csv,65fc95c627592d85499ae358,18,34.443,31.356154
experiment_65fc95c627592d85499ae358_20250819172025.csv,65fc95c627592d85499ae358,22,44.329,29.777347
experiment_65fc95c627592d85499ae358_20250819172435.csv,65fc95c627592d85499ae358,25,41.285,36.332809
experiment_65fc95c627592d85499ae358_20250819172658.csv,65fc95c627592d85499ae358,23,54.304,25.412493
experiment_65fda4aa45ba55e983e2a2d9_20250827040319.csv,65fda4aa45ba55e983e2a2d9,30,146.147,12.316366
experiment_65fda4aa45ba55e983e2a2d9_20250827040608.csv,65fda4aa45ba55e983e2a2d9,22,109.204,12.087469
experiment_65fda4aa45ba55e983e2a2d9_20250827041057.csv,65fda4aa45ba55e983e2a2d9,29,112.016,15.533495
experiment_65fda4aa45ba55e983e2a2d9_20250827041323.csv,65fda4aa45ba55e983e2a2d9,22,84.138,15.688512
experiment_65fda4aa45ba55e983e2a2d9_20250827041645.csv,65fda4aa45ba55e983e2a2d9,29,100.345,17.340176
experiment_65fda4aa45ba55e983e2a2d9_20250827041827.csv,65fda4aa45ba55e983e2a2d9,24,58.59,24.577573
experiment_65fda4aa45ba55e983e2a2d9_20250827041958.csv,65fda4aa45ba55e983e2a2d9,20,63.315,18.952855
experiment_65fda4aa45ba55e983e2a2d9_20250827042205.csv,65fda4aa45ba55e983e2a2d9,24,50.685,28.410772
experiment_6614435124bf16e7a24f9662_20250827115207.csv,6614435124bf16e7a24f9662,21,26.983,46.696068
experiment_6614435124bf16e7a24f9662_20250827115412.csv,6614435124bf16e7a24f9662,16,23.805,40.327662
experiment_6614435124bf16e7a24f9662_20250827115723.csv,6614435124bf16e7a24f9662,15,36.725,24.506467
experiment_6614435124bf16e7a24f9662_20250827121241.csv,6614435124bf16e7a24f9662,12,41.282,17.441015
experiment_6614435124bf16e7a24f9662_20250827121659.csv,6614435124bf16e7a24f9662,11,187.539,3.519268
experiment_6614435124bf16e7a24f9662_20250827122028.csv,6614435124bf16e7a24f9662,9,188.276,2.86813
experiment_6614435124bf16e7a24f9662_20250827122304.csv,6614435124bf16e7a24f9662,8,87.913,5.459943
experiment_6614435124bf16e7a24f9662_20250827122637.csv,6614435124bf16e7a24f9662,9,66.83,8.080204
experiment_661564c766603e80ca4c3184_20250826163603.csv,661564c766603e80ca4c3184,11,38.525,17.131733
experiment_661564c766603e80ca4c3184_20250826163947.csv,661564c766603e80ca4c3184,21,35.648,35.345601
experiment_661564c766603e80ca4c3184_20250826164233.csv,661564c766603e80ca4c3184,14,15.127,55.529847
experiment_661564c766603e80ca4c3184_20250826164520.csv,661564c766603e80ca4c3184,15,16.119,55.834729
experiment_661564c766603e80ca4c3184_20250826164819.csv,661564c766603e80ca4c3184,10,41.31,14.524328
experiment_661564c766603e80ca4c3184_20250826165148.csv,661564c766603e80ca4c3184,25,51.922,28.889488
experiment_661564c766603e80ca4c3184_20250826165745.csv,661564c766603e80ca4c3184,14,18.777,44.735581
experiment_661564c766603e80ca4c3184_20250826165952.csv,661564c766603e80ca4c3184,12,46.492,15.486535
experiment_663068f52490bf6d13f95968_20250827030140.csv,663068f52490bf6d13f95968,13,14.158,55.092527
experiment_663068f52490bf6d13f95968_20250827030416.csv,663068f52490bf6d13f95968,67,111.736,35.977662
experiment_663068f52490bf6d13f95968_20250827030442.csv,663068f52490bf6d13f95968,6,7.471,48.18632
experiment_663068f52490bf6d13f95968_20250827030614.csv,663068f52490bf6d13f95968,40,60.797,39.475632
experiment_663068f52490bf6d13f95968_20250827030627.csv,663068f52490bf6d13f95968,3,3.418,52.662376
experiment_663068f52490bf6d13f95968_20250827030817.csv,663068f52490bf6d13f95968,29,59.187,29.398348
experiment_663068f52490bf6d13f95968_20250827030835.csv,663068f52490bf6d13f95968,3,2.662,67.618332
experiment_663068f52490bf6d13f95968_20250827031546.csv,663068f52490bf6d13f95968,35,44.42,47.276002
experiment_66321cfc446914f3b199e193_20250827105624.csv,66321cfc446914f3b199e193,27,90.913,17.819234
experiment_66321cfc446914f3b199e193_20250827110215.csv,66321cfc446914f3b199e193,61,220.373,16.608205
experiment_66321cfc446914f3b199e193_20250827110448.csv,66321cfc446914f3b199e193,25,83.418,17.981731
experiment_66321cfc446914f3b199e193_20250827111048.csv,66321cfc446914f3b199e193,70,246.157,17.062281
experiment_66321cfc446914f3b199e193_20250827111258.csv,66321cfc446914f3b199e193,24,55.799,25.806914
experiment_66321cfc446914f3b199e193_20250827111743.csv,66321cfc446914f3b199e193,41,230.861,10.655763
experiment_66321cfc446914f3b199e193_20250827112102.csv,66321cfc446914f3b199e193,54,132.107,24.525574
experiment_66321cfc446914f3b199e193_20250827112427.csv,66321cfc446914f3b199e193,39,128.651,18.188743
experiment_663378460f834e9670d1508c_20250827132822.csv,663378460f834e9670d1508c,69,176.869,23.407154
experiment_663378460f834e9670d1508c_20250827133253.csv,663378460f834e9670d1508c,42,98.487,25.587133
experiment_663378460f834e9670d1508c_20250827133628.csv,663378460f834e9670d1508c,50,136.552,21.969653
experiment_663378460f834e9670d1508c_20250827133849.csv,663378460f834e9670d1508c,32,68.88,27.874564
experiment_663378460f834e9670d1508c_20250827134408.csv,663378460f834e9670d1508c,47,198.687,14.193178
experiment_663378460f834e9670d1508c_20250827135206.csv,663378460f834e9670d1508c,125,260.007,28.845377
experiment_663378460f834e9670d1508c_20250827135723.csv,663378460f834e9670d1508c,72,202.225,21.362344
experiment_663378460f834e9670d1508c_20250827140210.csv,663378460f834e9670d1508c,66,177.455,22.315517
experiment_6635344fb4ae723326e3ce04_20250826132024.csv,6635344fb4ae723326e3ce04,7,37.352,11.244378
experiment_6635344fb4ae723326e3ce04_20250826132250.csv,6635344fb4ae723326e3ce04,9,44.607,12.105723
experiment_6635344fb4ae723326e3ce04_20250826132502.csv,6635344fb4ae723326e3ce04,11,39.816,16.576251
experiment_6635344fb4ae723326e3ce04_20250826132624.csv,6635344fb4ae723326e3ce04,8,31.215,15.377222
experiment_6635344fb4ae723326e3ce04_20250826132907.csv,6635344fb4ae723326e3ce04,11,85.07,7.758317
experiment_6635344fb4ae723326e3ce04_20250826133223.csv,6635344fb4ae723326e3ce04,10,46.005,13.042061
experiment_6635344fb4ae723326e3ce04_20250826133323.csv,6635344fb4ae723326e3ce04,9,19.844,27.212256
experiment_6635344fb4ae723326e3ce04_20250826133518.csv,6635344fb4ae723326e3ce04,7,31.848,13.187641
experiment_6643495b44af166c626762cd_20250819155555.csv,6643495b44af166c626762cd,17,89.002,11.460417
experiment_6643495b44af166c626762cd_20250819155834.csv,6643495b44af166c626762cd,55,105.008,31.426177
experiment_6643495b44af166c626762cd_20250819155956.csv,6643495b44af166c626762cd,14,29.353,28.617177
experiment_6643495b44af166c626762cd_20250819160208.csv,6643495b44af166c626762cd,42,94.315,26.718974
experiment_6643495b44af166c626762cd_20250819160307.csv,6643495b44af166c626762cd,20,29.336,40.905372
experiment_6643495b44af166c626762cd_20250819160610.csv,6643495b44af166c626762cd,45,113.351,23.819816
experiment_6643495b44af166c626762cd_20250819160707.csv,6643495b44af166c626762cd,17,25.161,40.538929
experiment_6643495b44af166c626762cd_20250819160831.csv,6643495b44af166c626762cd,23,45.018,30.654405
experiment_664b44d8a11f1bcbba9e0494_20250827045451.csv,664b44d8a11f1bcbba9e0494,25,45.825,32.733224
experiment_664b44d8a11f1bcbba9e0494_20250827045629.csv,664b44d8a11f1bcbba9e0494,23,51.363,26.86759
experiment_664b44d8a11f1bcbba9e0494_20250827045742.csv,664b44d8a11f1bcbba9e0494,27,48.051,33.714179
experiment_664b44d8a11f1bcbba9e0494_20250827045845.csv,664b44d8a11f1bcbba9e0494,20,36.734,32.667284
experiment_664b44d8a11f1bcbba9e0494_20250827050010.csv,664b44d8a11f1bcbba9e0494,34,59.878,34.069274
experiment_664b44d8a11f1bcbba9e0494_20250827050207.csv,664b44d8a11f1bcbba9e0494,45,84.585,31.920553
experiment_664b44d8a11f1bcbba9e0494_20250827050356.csv,664b44d8a11f1bcbba9e0494,28,68.891,24.386349
experiment_664b44d8a11f1bcbba9e0494_20250827050608.csv,664b44d8a11f1bcbba9e0494,52,95.919,32.527445
experiment_664c8dd7baa052f7b1e88417_20250826174453.csv,664c8dd7baa052f7b1e88417,27,137.648,11.76915
experiment_664c8dd7baa052f7b1e88417_20250826174734.csv,664c8dd7baa052f7b1e88417,18,62.108,17.389064
experiment_664c8dd7baa052f7b1e88417_20250826175028.csv,664c8dd7baa052f7b1e88417,14,84.431,9.948952
experiment_664c8dd7baa052f7b1e88417_20250826175139.csv,664c8dd7baa052f7b1e88417,11,21.543,30.636402
experiment_664c8dd7baa052f7b1e88417_20250826175316.csv,664c8dd7baa052f7b1e88417,21,48.186,26.148674
experiment_664c8dd7baa052f7b1e88417_20250826175558.csv,664c8dd7baa052f7b1e88417,11,51.103,12.915093
experiment_664c8dd7baa052f7b1e88417_20250826175738.csv,664c8dd7baa052f7b1e88417,19,67.933,16.78124
experiment_664c8dd7baa052f7b1e88417_20250826175848.csv,664c8dd7baa052f7b1e88417,16,33.328,28.804609
experiment_664e413a5f3eb7f99d90e15b_20250826191757.csv,664e413a5f3eb7f99d90e15b,61,377.512,9.695056
experiment_664e413a5f3eb7f99d90e15b_20250826192354.csv,664e413a5f3eb7f99d90e15b,45,252.221,10.704898
experiment_664e413a5f3eb7f99d90e15b_20250826192643.csv,664e413a5f3eb7f99d90e15b,5,14.177,21.161035
experiment_664e413a5f3eb7f99d90e15b_20250826193141.csv,664e413a5f3eb7f99d90e15b,54,161.954,20.005681
experiment_664e413a5f3eb7f99d90e15b_20250826193708.csv,664e413a5f3eb7f99d90e15b,54,196.137,16.519066
experiment_664e413a5f3eb7f99d90e15b_20250826194048.csv,664e413a5f3eb7f99d90e15b,46,164.509,16.777198
experiment_664e413a5f3eb7f99d90e15b_20250826194611.csv,664e413a5f3eb7f99d90e15b,66,199.448,19.854799
experiment_664e413a5f3eb7f99d90e15b_20250826194947.csv,664e413a5f3eb7f99d90e15b,37,170.963,12.985266
experiment_664fa86722f5339adebd32ec_20250827145607.csv,664fa86722f5339adebd32ec,10,52.42,11.446013
experiment_664fa86722f5339adebd32ec_20250827150103.csv,664fa86722f5339adebd32ec,34,206.102,9.898012
experiment_664fa86722f5339adebd32ec_20250827150309.csv,664fa86722f5339adebd32ec,9,32.792,16.467431
experiment_664fa86722f5339adebd32ec_20250827150815.csv,664fa86722f5339adebd32ec,22,159.172,8.292916
experiment_664fa86722f5339adebd32ec_20250827151110.csv,664fa86722f5339adebd32ec,13,122.499,6.367399
experiment_664fa86722f5339adebd32ec_20250827151433.csv,664fa86722f5339adebd32ec,10,126.298,4.750669
experiment_664fa86722f5339adebd32ec_20250827151627.csv,664fa86722f5339adebd32ec,11,50.965,12.950064
experiment_664fa86722f5339adebd32ec_20250827151843.csv,664fa86722f5339adebd32ec,8,52.744,9.100561
experiment_666f76b68b89442817be678a_20250827043255.csv,666f76b68b89442817be678a,12,90.959,7.915654
experiment_666f76b68b89442817be678a_20250827043510.csv,666f76b68b89442817be678a,14,74.925,11.211211
experiment_666f76b68b89442817be678a_20250827043631.csv,666f76b68b89442817be678a,10,36.734,16.333642
experiment_666f76b68b89442817be678a_20250827043905.csv,666f76b68b89442817be678a,23,102.466,13.467882
experiment_666f76b68b89442817be678a_20250827044000.csv,666f76b68b89442817be678a,13,29.539,26.405769
experiment_666f76b68b89442817be678a_20250827044216.csv,666f76b68b89442817be678a,14,80.06,10.492131
experiment_666f76b68b89442817be678a_20250827044433.csv,666f76b68b89442817be678a,9,72.523,7.445914
experiment_666f76b68b89442817be678a_20250827044818.csv,666f76b68b89442817be678a,21,157.646,7.992591
experiment_6672bf56d51710391ce2164d_20250827065429.csv,6672bf56d51710391ce2164d,68,144.726,28.191203
experiment_6672bf56d51710391ce2164d_20250827065546.csv,6672bf56d51710391ce2164d,30,42.531,42.322071
experiment_6672bf56d51710391ce2164d_20250827065631.csv,6672bf56d51710391ce2164d,21,24.989,50.422186
experiment_6672bf56d51710391ce2164d_20250827065820.csv,6672bf56d51710391ce2164d,47,79.397,35.517715
experiment_6672bf56d51710391ce2164d_20250827065928.csv,6672bf56d51710391ce2164d,24,37.178,38.732584
experiment_6672bf56d51710391ce2164d_20250827070122.csv,6672bf56d51710391ce2164d,38,78.678,28.978876
experiment_6672bf56d51710391ce2164d_20250827070316.csv,6672bf56d51710391ce2164d,55,85.479,38.605973
experiment_6672bf56d51710391ce2164d_20250827070412.csv,6672bf56d51710391ce2164d,25,32.444,46.23351
experiment_6672fea3fe6378e257b6ef25_20250826232322.csv,6672fea3fe6378e257b6ef25,39,85.479,27.375145
experiment_6672fea3fe6378e257b6ef25_20250826233453.csv,6672fea3fe6378e257b6ef25,78,417.169,11.218475
experiment_6672fea3fe6378e257b6ef25_20250826234654.csv,6672fea3fe6378e257b6ef25,50,239.889,12.505784
experiment_6672fea3fe6378e257b6ef25_20250826235530.csv,6672fea3fe6378e257b6ef25,69,272.812,15.175286
experiment_6672fea3fe6378e257b6ef25_20250827001005.csv,6672fea3fe6378e257b6ef25,161,628.276,15.375408
experiment_6672fea3fe6378e257b6ef25_20250827001338.csv,6672fea3fe6378e257b6ef25,58,128.807,27.017165
experiment_6672fea3fe6378e257b6ef25_20250827001601.csv,6672fea3fe6378e257b6ef25,37,87.632,25.333212
experiment_6672fea3fe6378e257b6ef25_20250827001819.csv,6672fea3fe6378e257b6ef25,53,77.686,40.934016
experiment_6679a3b7cb020a6e4728eac5_20250826125226.csv,6679a3b7cb020a6e4728eac5,33,52.76,37.528431
experiment_6679a3b7cb020a6e4728eac5_20250826125403.csv,6679a3b7cb020a6e4728eac5,40,47.4,50.632911
experiment_6679a3b7cb020a6e4728eac5_20250826125556.csv,6679a3b7cb020a6e4728eac5,27,92.621,17.490634
experiment_6679a3b7cb020a6e4728eac5_20250826125824.csv,6679a3b7cb020a6e4728eac5,48,90.078,31.972291
experiment_6679a3b7cb020a6e4728eac5_20250826125919.csv,6679a3b7cb020a6e4728eac5,19,31.281,36.443848
experiment_6679a3b7cb020a6e4728eac5_20250826130229.csv,6679a3b7cb020a6e4728eac5,39,67.279,34.780541
experiment_6679a3b7cb020a6e4728eac5_20250826130356.csv,6679a3b7cb020a6e4728eac5,37,48.279,45.982725
experiment_6679a3b7cb020a6e4728eac5_20250826130646.csv,6679a3b7cb020a6e4728eac5,52,136.48,22.860492
experiment_66986ab71f2b54203f26ad32_20250827074414.csv,66986ab71f2b54203f26ad32,22,92.522,14.266877
experiment_66986ab71f2b54203f26ad32_20250827075113.csv,66986ab71f2b54203f26ad32,26,195.168,7.993114
experiment_66986ab71f2b54203f26ad32_20250827075354.csv,66986ab71f2b54203f26ad32,19,68.197,16.716278
experiment_66986ab71f2b54203f26ad32_20250827075811.csv,66986ab71f2b54203f26ad32,10,26.826,22.366361
experiment_66986ab71f2b54203f26ad32_20250827080128.csv,66986ab71f2b54203f26ad32,12,135.533,5.312359
experiment_66986ab71f2b54203f26ad32_20250827080320.csv,66986ab71f2b54203f26ad32,12,53.346,13.496795
experiment_66986ab71f2b54203f26ad32_20250827080446.csv,66986ab71f2b54203f26ad32,10,36.061,16.638474
experiment_66986ab71f2b54203f26ad32_20250827080610.csv,66986ab71f2b54203f26ad32,12,31.777,22.657897
experiment_66b4f89242c0ff3aab8f8774_20250827110519.csv,66b4f89242c0ff3aab8f8774,27,64.364,25.169349
experiment_66b4f89242c0ff3aab8f8774_20250827110707.csv,66b4f89242c0ff3aab8f8774,27,33.273,48.688126
experiment_66b4f89242c0ff3aab8f8774_20250827110837.csv,66b4f89242c0ff3aab8f8774,26,58.33,26.744385
experiment_66b4f89242c0ff3aab8f8774_20250827111006.csv,66b4f89242c0ff3aab8f8774,31,59.648,31.18294
experiment_66b4f89242c0ff3aab8f8774_20250827111135.csv,66b4f89242c0ff3aab8f8774,23,56.787,24.301337
experiment_66b4f89242c0ff3aab8f8774_20250827111254.csv,66b4f89242c0ff3aab8f8774,20,33.976,35.319049
experiment_66b4f89242c0ff3aab8f8774_20250827111417.csv,66b4f89242c0ff3aab8f8774,21,32.366,38.929741
experiment_66b4f89242c0ff3aab8f8774_20250827111556.csv,66b4f89242c0ff3aab8f8774,45,68.536,39.395354
experiment_66bb6b7e0ccbed81f3ed30a8_20250827094005.csv,66bb6b7e0ccbed81f3ed30a8,31,73.352,25.357182
experiment_66bb6b7e0ccbed81f3ed30a8_20250827094203.csv,66bb6b7e0ccbed81f3ed30a8,28,65.688,25.575448
experiment_66bb6b7e0ccbed81f3ed30a8_20250827094339.csv,66bb6b7e0ccbed81f3ed30a8,27,61.432,26.370621
experiment_66bb6b7e0ccbed81f3ed30a8_20250827094635.csv,66bb6b7e0ccbed81f3ed30a8,25,56.656,26.475572
experiment_66bb6b7e0ccbed81f3ed30a8_20250827094749.csv,66bb6b7e0ccbed81f3ed30a8,21,46.84,26.900085
experiment_66bb6b7e0ccbed81f3ed30a8_20250827095146.csv,66bb6b7e0ccbed81f3ed30a8,25,48.072,31.203195
experiment_66bb6b7e0ccbed81f3ed30a8_20250827095354.csv,66bb6b7e0ccbed81f3ed30a8,24,58.343,24.681624
experiment_66bb6b7e0ccbed81f3ed30a8_20250827095543.csv,66bb6b7e0ccbed81f3ed30a8,27,76.536,21.16651
experiment_6702f60844f21087e0840e3d_20250827133525.csv,6702f60844f21087e0840e3d,12,57.7,12.478336
experiment_6702f60844f21087e0840e3d_20250827133955.csv,6702f60844f21087e0840e3d,19,49.87,22.859435
experiment_6702f60844f21087e0840e3d_20250827134445.csv,6702f60844f21087e0840e3d,13,31.595,24.687451
experiment_6702f60844f21087e0840e3d_20250827134606.csv,6702f60844f21087e0840e3d,8,31.039,15.464416
experiment_6702f60844f21087e0840e3d_20250827134835.csv,6702f60844f21087e0840e3d,14,31.092,27.016596
experiment_6702f60844f21087e0840e3d_20250827134920.csv,6702f60844f21087e0840e3d,18,20.597,52.434821
experiment_6702f60844f21087e0840e3d_20250827135301.csv,6702f60844f21087e0840e3d,10,16.2,37.037037
experiment_6702f60844f21087e0840e3d_20250827135427.csv,6702f60844f21087e0840e3d,17,44.876,22.729299
experiment_6725030a6ee43d8130ceefc5_20250826141649.csv,6725030a6ee43d8130ceefc5,29,63.254,27.508142
experiment_6725030a6ee43d8130ceefc5_20250826142056.csv,6725030a6ee43d8130ceefc5,46,165.042,16.723016
experiment_6725030a6ee43d8130ceefc5_20250826142348.csv,6725030a6ee43d8130ceefc5,37,95.339,23.285329
experiment_6725030a6ee43d8130ceefc5_20250826142721.csv,6725030a6ee43d8130ceefc5,69,141.879,29.179794
experiment_6725030a6ee43d8130ceefc5_20250826143040.csv,6725030a6ee43d8130ceefc5,44,107.38,24.585584
experiment_6725030a6ee43d8130ceefc5_20250826143420.csv,6725030a6ee43d8130ceefc5,39,172.955,13.529531
experiment_6725030a6ee43d8130ceefc5_20250826143716.csv,6725030a6ee43d8130ceefc5,44,111.988,23.573954
experiment_6725030a6ee43d8130ceefc5_20250826143929.csv,6725030a6ee43d8130ceefc5,38,95.002,23.999495
experiment_6725c4a8e3ab0787551acf38_20250827051835.csv,6725c4a8e3ab0787551acf38,16,56.473,16.999274
experiment_6725c4a8e3ab0787551acf38_20250827052240.csv,6725c4a8e3ab0787551acf38,39,173.514,13.485943
experiment_6725c4a8e3ab0787551acf38_20250827052811.csv,6725c4a8e3ab0787551acf38,42,224.268,11.236556
experiment_6725c4a8e3ab0787551acf38_20250827052959.csv,6725c4a8e3ab0787551acf38,13,43.728,17.837541
experiment_6725c4a8e3ab0787551acf38_20250827053420.csv,6725c4a8e3ab0787551acf38,56,190.815,17.608679
experiment_6725c4a8e3ab0787551acf38_20250827054055.csv,6725c4a8e3ab0787551acf38,68,316.514,12.890425
experiment_6725c4a8e3ab0787551acf38_20250827055027.csv,6725c4a8e3ab0787551acf38,85,477.035,10.691039
experiment_6725c4a8e3ab0787551acf38_20250827055451.csv,6725c4a8e3ab0787551acf38,58,202.963,17.145982
experiment_67356f7cf6ff16fe3322a837_20250826204640.csv,67356f7cf6ff16fe3322a837,9,31.239,17.286085
experiment_67356f7cf6ff16fe3322a837_20250826205335.csv,67356f7cf6ff16fe3322a837,13,51.628,15.108081
experiment_67356f7cf6ff16fe3322a837_20250826205624.csv,67356f7cf6ff16fe3322a837,15,40.358,22.300411
experiment_67356f7cf6ff16fe3322a837_20250826210047.csv,67356f7cf6ff16fe3322a837,12,40.703,17.689114
experiment_67356f7cf6ff16fe3322a837_20250826210334.csv,67356f7cf6ff16fe3322a837,17,39.076,26.102979
experiment_67356f7cf6ff16fe3322a837_20250826210919.csv,67356f7cf6ff16fe3322a837,21,89.086,14.143636
experiment_67356f7cf6ff16fe3322a837_20250826211026.csv,67356f7cf6ff16fe3322a837,11,29.068,22.70538
experiment_67356f7cf6ff16fe3322a837_20250826211152.csv,67356f7cf6ff16fe3322a837,11,35.961,18.353216
experiment_673d0377254c407e5da57f97_20250827103338.csv,673d0377254c407e5da57f97,15,28.571,31.500473
experiment_673d0377254c407e5da57f97_20250827103431.csv,673d0377254c407e5da57f97,19,30.027,37.965831
experiment_673d0377254c407e5da57f97_20250827103530.csv,673d0377254c407e5da57f97,11,21.542,30.637824
experiment_673d0377254c407e5da57f97_20250827103628.csv,673d0377254c407e5da57f97,10,22.153,27.084368
experiment_673d0377254c407e5da57f97_20250827103656.csv,673d0377254c407e5da57f97,10,9.405,63.795853
experiment_673d0377254c407e5da57f97_20250827103742.csv,673d0377254c407e5da57f97,9,18.348,29.431001
experiment_673d0377254c407e5da57f97_20250827103842.csv,673d0377254c407e5da57f97,8,29.249,16.410817
experiment_673d0377254c407e5da57f97_20250827103934.csv,673d0377254c407e5da57f97,10,29.389,20.415802
experiment_673f7365f63a4a3036aae1f2_20250827084022.csv,673f7365f63a4a3036aae1f2,56,199.101,16.875857
experiment_673f7365f63a4a3036aae1f2_20250827084625.csv,673f7365f63a4a3036aae1f2,42,126.344,19.945545
experiment_673f7365f63a4a3036aae1f2_20250827085135.csv,673f7365f63a4a3036aae1f2,53,169.193,18.795104
experiment_673f7365f63a4a3036aae1f2_20250827085743.csv,673f7365f63a4a3036aae1f2,28,110.195,15.245701
experiment_673f7365f63a4a3036aae1f2_20250827090455.csv,673f7365f63a4a3036aae1f2,35,122.169,17.189303
experiment_673f7365f63a4a3036aae1f2_20250827090828.csv,673f7365f63a4a3036aae1f2,24,59.851,24.059748
experiment_673f7365f63a4a3036aae1f2_20250827091439.csv,673f7365f63a4a3036aae1f2,26,86.174,18.102908
experiment_673f7365f63a4a3036aae1f2_20250827091805.csv,673f7365f63a4a3036aae1f2,32,125.873,15.25347
experiment_67430c9cce2366e644146584_20250826130000.csv,67430c9cce2366e644146584,24,70.824,20.332091
experiment_67430c9cce2366e644146584_20250826130049.csv,67430c9cce2366e644146584,8,16.241,29.55483
experiment_67430c9cce2366e644146584_20250826130140.csv,67430c9cce2366e644146584,29,29.785,58.418667
experiment_67430c9cce2366e644146584_20250826130246.csv,67430c9cce2366e644146584,17,31.583,32.295855
experiment_67430c9cce2366e644146584_20250826130352.csv,67430c9cce2366e644146584,19,46.71,24.405909
experiment_67430c9cce2366e644146584_20250826130445.csv,67430c9cce2366e644146584,23,28.306,48.752915
experiment_67430c9cce2366e644146584_20250826130615.csv,67430c9cce2366e644146584,41,43.802,56.161819
experiment_67430c9cce2366e644146584_20250826130746.csv,67430c9cce2366e644146584,16,36.269,26.468885
experiment_67450bce7a49cb1c784dcc2b_20250827065436.csv,67450bce7a49cb1c784dcc2b,16,23.447,40.943404
experiment_67450bce7a49cb1c784dcc2b_20250827065809.csv,67450bce7a49cb1c784dcc2b,42,161.993,15.556228
experiment_67450bce7a49cb1c784dcc2b_20250827070247.csv,67450bce7a49cb1c784dcc2b,60,80.746,44.584252
experiment_67450bce7a49cb1c784dcc2b_20250827071642.csv,67450bce7a49cb1c784dcc2b,45,429.797,6.282035
experiment_67450bce7a49cb1c784dcc2b_20250827071753.csv,67450bce7a49cb1c784dcc2b,27,47.422,34.16136
experiment_67450bce7a49cb1c784dcc2b_20250827071937.csv,67450bce7a49cb1c784dcc2b,39,63.893,36.62373
experiment_67450bce7a49cb1c784dcc2b_20250827072032.csv,67450bce7a49cb1c784dcc2b,25,37.268,40.249007
experiment_67450bce7a49cb1c784dcc2b_20250827072143.csv,67450bce7a49cb1c784dcc2b,16,23.841,40.266767
experiment_676797a573d3cbf6add72f02_20250827070828.csv,676797a573d3cbf6add72f02,8,24.735,19.4057
experiment_676797a573d3cbf6add72f02_20250827071011.csv,676797a573d3cbf6add72f02,18,46.756,23.09864
experiment_676797a573d3cbf6add72f02_20250827071225.csv,676797a573d3cbf6add72f02,11,42.445,15.549535
experiment_676797a573d3cbf6add72f02_20250827071429.csv,676797a573d3cbf6add72f02,11,32.045,20.596037
experiment_676797a573d3cbf6add72f02_20250827071601.csv,676797a573d3cbf6add72f02,16,43.826,21.904805
experiment_676797a573d3cbf6add72f02_20250827071725.csv,676797a573d3cbf6add72f02,19,51.165,22.280856
experiment_676797a573d3cbf6add72f02_20250827072002.csv,676797a573d3cbf6add72f02,17,88.085,11.579724
experiment_676797a573d3cbf6add72f02_20250827072125.csv,676797a573d3cbf6add72f02,10,47.558,12.616174
experiment_67709b0a96dcc9c2a7b0a06e_20250826184356.csv,67709b0a96dcc9c2a7b0a06e,28,66.967,25.086983
experiment_67709b0a96dcc9c2a7b0a06e_20250826184357.csv,67709b0a96dcc9c2a7b0a06e,28,66.967,25.086983
experiment_67709b0a96dcc9c2a7b0a06e_20250826184705.csv,67709b0a96dcc9c2a7b0a06e,38,88.956,25.630649
experiment_67709b0a96dcc9c2a7b0a06e_20250826191927.csv,67709b0a96dcc9c2a7b0a06e,22,144.799,9.116085
experiment_67709b0a96dcc9c2a7b0a06e_20250826192205.csv,67709b0a96dcc9c2a7b0a06e,28,80.355,20.907224
experiment_67709b0a96dcc9c2a7b0a06e_20250826192538.csv,67709b0a96dcc9c2a7b0a06e,21,71.719,17.568566
experiment_67709b0a96dcc9c2a7b0a06e_20250826192903.csv,67709b0a96dcc9c2a7b0a06e,23,133.441,10.341649
experiment_67709b0a96dcc9c2a7b0a06e_20250826192905.csv,67709b0a96dcc9c2a7b0a06e,23,133.441,10.341649
experiment_67acbb030811018b016dcaf7_20250827045345.csv,67acbb030811018b016dcaf7,23,37.627,36.675791
experiment_67acbb030811018b016dcaf7_20250827045441.csv,67acbb030811018b016dcaf7,21,29.019,43.419828
experiment_67acbb030811018b016dcaf7_20250827045529.csv,67acbb030811018b016dcaf7,14,19.024,44.154752
experiment_67acbb030811018b016dcaf7_20250827045608.csv,67acbb030811018b016dcaf7,14,19.361,43.386189
experiment_67acbb030811018b016dcaf7_20250827045711.csv,67acbb030811018b016dcaf7,28,27.192,61.782877
experiment_67acbb030811018b016dcaf7_20250827045801.csv,67acbb030811018b016dcaf7,24,31.414,45.839435
experiment_67acbb030811018b016dcaf7_20250827045845.csv,67acbb030811018b016dcaf7,16,27.883,34.429581
experiment_67acbb030811018b016dcaf7_20250827045936.csv,67acbb030811018b016dcaf7,14,28.657,29.31221
experiment_67bb91a04f5f96b7ac52242d_20250826203847.csv,67bb91a04f5f96b7ac52242d,53,157.52,20.187913
experiment_67bb91a04f5f96b7ac52242d_20250826204356.csv,67bb91a04f5f96b7ac52242d,83,249.679,19.94561
experiment_67bb91a04f5f96b7ac52242d_20250826204756.csv,67bb91a04f5f96b7ac52242d,68,164.437,24.811934
experiment_67bb91a04f5f96b7ac52242d_20250826205112.csv,67bb91a04f5f96b7ac52242d,50,135.042,22.215311
experiment_67bb91a04f5f96b7ac52242d_20250826205405.csv,67bb91a04f5f96b7ac52242d,53,143.737,22.12374
experiment_67bb91a04f5f96b7ac52242d_20250826205740.csv,67bb91a04f5f96b7ac52242d,40,110.107,21.796979
experiment_67bb91a04f5f96b7ac52242d_20250826210002.csv,67bb91a04f5f96b7ac52242d,41,97.829,25.145918
experiment_67bb91a04f5f96b7ac52242d_20250826210430.csv,67bb91a04f5f96b7ac52242d,36,106.962,20.194088
experiment_67d01f812bf82a710cd2193f_20250826194028.csv,67d01f812bf82a710cd2193f,34,143.728,14.193477
experiment_67d01f812bf82a710cd2193f_20250826194359.csv,67d01f812bf82a710cd2193f,25,105.558,14.210197
experiment_67d01f812bf82a710cd2193f_20250826194644.csv,67d01f812bf82a710cd2193f,27,87.292,18.558402
experiment_67d01f812bf82a710cd2193f_20250826194928.csv,67d01f812bf82a710cd2193f,25,89.896,16.685948
experiment_67d01f812bf82a710cd2193f_20250826195238.csv,67d01f812bf82a710cd2193f,19,54.694,20.843237
experiment_67d01f812bf82a710cd2193f_20250826195514.csv,67d01f812bf82a710cd2193f,26,70.989,21.975236
experiment_67d01f812bf82a710cd2193f_20250826195742.csv,67d01f812bf82a710cd2193f,20,85.618,14.015744
experiment_67d01f812bf82a710cd2193f_20250826200038.csv,67d01f812bf82a710cd2193f,25,114.444,13.106847
experiment_67d80b3db0cac8b1bd982fb2_20250827121337.csv,67d80b3db0cac8b1bd982fb2,29,129.627,13.423129
experiment_67d80b3db0cac8b1bd982fb2_20250827121340.csv,67d80b3db0cac8b1bd982fb2,29,129.627,13.423129
experiment_67d80b3db0cac8b1bd982fb2_20250827121343.csv,67d80b3db0cac8b1bd982fb2,29,129.627,13.423129
experiment_67d80b3db0cac8b1bd982fb2_20250827121352.csv,67d80b3db0cac8b1bd982fb2,29,129.627,13.423129
experiment_67d80b3db0cac8b1bd982fb2_20250827121418.csv,67d80b3db0cac8b1bd982fb2,29,129.627,13.423129
experiment_67d80b3db0cac8b1bd982fb2_20250827121517.csv,67d80b3db0cac8b1bd982fb2,29,129.627,13.423129
experiment_67d80b3db0cac8b1bd982fb2_20250827121617.csv,67d80b3db0cac8b1bd982fb2,25,17.848,84.04303
experiment_67d80b3db0cac8b1bd982fb2_20250827121739.csv,67d80b3db0cac8b1bd982fb2,18,15.014,71.932863
