PARTICIPANT_ID,CONFIDENT_MARKED_CHAR,UNCONFIDENT_MARKED_CHAR,D1U1,D1D2,U1U2,D1U2,U1D2,WORD_ID,D1U1_MEAN_WORD,D1D2_MEAN_WORD,U1U2_MEAN_WORD,D1U2_MEAN_WORD,U1D2_MEAN_WORD,WORD_LEN_KEYS,WORD_DURATION,OVERLAP_FLAG,MS_PER_KEY_WORD,D1U1_WORD_STD,D1U1_WORD_IQR,D1U1_WORD_RANGE,D1U1_WORD_CV,D1D2_WORD_STD,D1D2_WORD_IQR,D1D2_WORD_RANGE,D1D2_WORD_CV,U1U2_WORD_STD,U1U2_WORD_IQR,U1U2_WORD_RANGE,U1U2_WORD_CV,D1U2_WORD_STD,D1U2_WORD_IQR,D1U2_WORD_RANGE,D1U2_WORD_CV,U1D2_WORD_STD,U1D2_WORD_IQR,U1D2_WORD_RANGE,U1D2_WORD_CV,PAUSE_FLAG_X2,PAUSE_FLAG_P90,PAUSE_RATE_WORD,OVERLAP_MAG,OVERLAP_RATE_WORD,OVERLAP_MAG_MEAN_WORD,BACKSPACE_FLAG,BACKSPACE_RATE_WORD,TRI_RP_SUM,tri_1KeyLat[0],tri_1KeyLat[1],tri_2KeyLat[0],tri_2KeyLat[1],tri_1D2D[0],tri_2D3D[0],tri_Dur[0],tri_Dur[1],tri_NumEvents[0],tri_NumEvents[1],TRI_RP_SUM_WORD_MEAN,tri_2KeyLat[0]_WORD_MEAN,tri_2KeyLat[1]_WORD_MEAN,tri_1D2D[0]_WORD_MEAN,tri_2D3D[0]_WORD_MEAN,tri_Dur[0]_WORD_MEAN,TRI_RP_SUM_DEV_FROM_TRIGRAM_MEAN,tri_2KeyLat[0]_DEV_FROM_TRIGRAM_MEAN,tri_2KeyLat[1]_DEV_FROM_TRIGRAM_MEAN,tri_Dur[0]_DEV_FROM_TRIGRAM_MEAN
6150ca3f37e1fe330f70311d,1,0,122,,,405.0,127.0,1.0,149.5,191.4,203.2,366.3333333333333,48.2,6.0,1138.0,0,189.66666666666663,28.960317677815624,49.0,67,0.1937144995171613,81.42051338575556,138.0,161,0.425394531796006,106.50915453612429,175.0,240,0.5241592250793518,89.00936280339651,113.25,235,0.2429736928209186,97.4262113944018,145.0,204,1.6894718738913608,0,0,0.0,0,0.3333333333333333,22.5,0,0.0,65.0,249.0,94.0,127.0,-62.0,278.0,293.0,415.0,480.0,1,0,79.16666666666667,57.66666666666666,21.5,308.6666666666667,317.5,467.0,0.0,0.0,0.0,0.0
6150ca3f37e1fe330f70311d,1,0,156,249.0,283.0,231.0,-62.0,1.0,149.5,191.4,203.2,366.3333333333333,48.2,6.0,1138.0,1,189.66666666666663,28.960317677815624,49.0,67,0.1937144995171613,81.42051338575556,138.0,161,0.425394531796006,106.50915453612429,175.0,240,0.5241592250793518,89.00936280339651,113.25,235,0.2429736928209186,97.4262113944018,145.0,204,1.6894718738913608,0,0,0.0,62,0.3333333333333333,22.5,0,0.0,56.0,94.0,255.0,-62.0,118.0,293.0,254.0,410.0,466.0,1,0,79.16666666666667,57.66666666666666,21.5,308.6666666666667,317.5,467.0,0.0,0.0,0.0,0.0
6150ca3f37e1fe330f70311d,1,0,137,94.0,75.0,372.0,118.0,1.0,149.5,191.4,203.2,366.3333333333333,48.2,6.0,1138.0,0,189.66666666666663,28.960317677815624,49.0,67,0.1937144995171613,81.42051338575556,138.0,161,0.425394531796006,106.50915453612429,175.0,240,0.5241592250793518,89.00936280339651,113.25,235,0.2429736928209186,97.4262113944018,145.0,204,1.6894718738913608,0,0,0.0,0,0.3333333333333333,22.5,0,0.0,249.0,255.0,248.0,118.0,131.0,254.0,301.0,438.0,687.0,0,0,79.16666666666667,57.66666666666666,21.5,308.6666666666667,317.5,467.0,0.0,0.0,0.0,0.0
6150ca3f37e1fe330f70311d,1,0,117,255.0,235.0,432.0,131.0,1.0,149.5,191.4,203.2,366.3333333333333,48.2,6.0,1138.0,0,189.66666666666663,28.960317677815624,49.0,67,0.1937144995171613,81.42051338575556,138.0,161,0.425394531796006,106.50915453612429,175.0,240,0.5241592250793518,89.00936280339651,113.25,235,0.2429736928209186,97.4262113944018,145.0,204,1.6894718738913608,0,0,0.0,0,0.3333333333333333,22.5,0,0.0,58.0,248.0,111.0,131.0,-73.0,301.0,365.0,482.0,540.0,1,0,79.16666666666667,57.66666666666666,21.5,308.6666666666667,317.5,467.0,0.0,0.0,0.0,0.0
6150ca3f37e1fe330f70311d,1,0,184,248.0,315.0,292.0,-73.0,1.0,149.5,191.4,203.2,366.3333333333333,48.2,6.0,1138.0,1,189.66666666666663,28.960317677815624,49.0,67,0.1937144995171613,81.42051338575556,138.0,161,0.425394531796006,106.50915453612429,175.0,240,0.5241592250793518,89.00936280339651,113.25,235,0.2429736928209186,97.4262113944018,145.0,204,1.6894718738913608,0,0,0.0,73,0.3333333333333333,22.5,0,0.0,32.0,111.0,286.0,-73.0,105.0,365.0,361.0,545.0,577.0,1,0,79.16666666666667,57.66666666666666,21.5,308.6666666666667,317.5,467.0,0.0,0.0,0.0,0.0
6150ca3f37e1fe330f70311d,1,0,181,111.0,108.0,466.0,105.0,1.0,149.5,191.4,203.2,366.3333333333333,48.2,6.0,1138.0,0,189.66666666666663,28.960317677815624,49.0,67,0.1937144995171613,81.42051338575556,138.0,161,0.425394531796006,106.50915453612429,175.0,240,0.5241592250793518,89.00936280339651,113.25,235,0.2429736928209186,97.4262113944018,145.0,204,1.6894718738913608,0,0,0.0,0,0.3333333333333333,22.5,0,0.0,15.0,286.0,90.0,105.0,-90.0,361.0,331.0,512.0,527.0,1,0,79.16666666666667,57.66666666666666,21.5,308.6666666666667,317.5,467.0,0.0,0.0,0.0,0.0
6150ca3f37e1fe330f70311d,1,0,180,286.0,285.0,241.0,-90.0,,,,,,,,,1,,28.43639320480049,34.5,99,0.1662101762923536,134.22197118731015,99.5,655,0.7180984734375746,142.36657299633004,95.0,682,0.6916838147265717,2927.5174673670404,191.0,14226,2.742684388979305,2929.0737119909904,129.5,14216,3.9856058318519065,0,0,0.0434782608695652,90,0.217391304347826,10.391304347826088,0,0.0,12.0,90.0,253.0,-90.0,102.0,331.0,315.0,495.0,507.0,1,0,763.3913043478261,734.9130434782609,28.47826086956522,332.4782608695652,309.60869565217394,480.69565217391306,-35.75,-100.75,65.0,-38.25
6150ca3f37e1fe330f70311d,1,0,151,90.0,61.0,417.0,102.0,2.0,151.0,90.0,61.0,417.0,,1.0,151.0,0,151.0,,0.0,0,,,0.0,0,,,0.0,0,,,0.0,0,,,0.0,0,,0,0,0.0,0,0.0,0.0,0,0.0,170.0,253.0,232.0,102.0,68.0,315.0,335.0,486.0,656.0,0,0,170.0,102.0,68.0,315.0,335.0,486.0,0.0,0.0,0.0,0.0
6150ca3f37e1fe330f70311d,1,0,164,253.0,266.0,403.0,68.0,,,,,,,,,0,,28.43639320480049,34.5,99,0.1662101762923536,134.22197118731015,99.5,655,0.7180984734375746,142.36657299633004,95.0,682,0.6916838147265717,2927.5174673670404,191.0,14226,2.742684388979305,2929.0737119909904,129.5,14216,3.9856058318519065,0,0,0.0434782608695652,0,0.217391304347826,10.391304347826088,0,0.0,4.0,232.0,107.0,68.0,-64.0,335.0,301.0,465.0,469.0,1,0,763.3913043478261,734.9130434782609,28.47826086956522,332.4782608695652,309.60869565217394,480.69565217391306,0.0,0.0,0.0,0.0
6150ca3f37e1fe330f70311d,1,0,171,232.0,239.0,237.0,-64.0,3.0,139.0,204.57142857142856,200.8571428571429,352.85714285714283,60.833333333333336,7.0,1338.0,1,191.1428571428572,40.3567425180312,31.0,129,0.2903362771081381,171.43498003894183,77.0,484,0.838020153821643,148.93111223138095,109.5,441,0.7414777991605026,154.46944527578756,141.0,432,0.437767658676321,177.9108926240485,131.5,501,2.2935105863137006,0,0,0.1428571428571428,64,0.2857142857142857,18.142857142857142,0,0.0,-39.0,107.0,155.0,-64.0,25.0,301.0,273.0,444.0,405.0,1,0,174.14285714285714,77.57142857142857,96.57142857142856,275.2857142857143,273.85714285714283,412.8571428571428,0.0,0.0,0.0,0.0
6150ca3f37e1fe330f70311d,1,0,130,107.0,66.0,298.0,25.0,3.0,139.0,204.57142857142856,200.8571428571429,352.85714285714283,60.833333333333336,7.0,1338.0,0,191.1428571428572,40.3567425180312,31.0,129,0.2903362771081381,171.43498003894183,77.0,484,0.838020153821643,148.93111223138095,109.5,441,0.7414777991605026,154.46944527578756,141.0,432,0.437767658676321,177.9108926240485,131.5,501,2.2935105863137006,0,0,0.1428571428571428,0,0.2857142857142857,18.142857142857142,0,0.0,462.0,155.0,580.0,25.0,437.0,273.0,213.0,343.0,805.0,0,0,174.14285714285714,77.57142857142857,96.57142857142856,275.2857142857143,273.85714285714283,412.8571428571428,0.0,0.0,0.0,0.0
6150ca3f37e1fe330f70311d,1,0,143,155.0,168.0,650.0,437.0,3.0,139.0,204.57142857142856,200.8571428571429,352.85714285714283,60.833333333333336,7.0,1338.0,0,191.1428571428572,40.3567425180312,31.0,129,0.2903362771081381,171.43498003894183,77.0,484,0.838020153821643,148.93111223138095,109.5,441,0.7414777991605026,154.46944527578756,141.0,432,0.437767658676321,177.9108926240485,131.5,501,2.2935105863137006,0,0,0.1428571428571428,0,0.2857142857142857,18.142857142857142,0,0.0,463.0,580.0,96.0,437.0,26.0,213.0,192.0,335.0,798.0,0,0,174.14285714285714,77.57142857142857,96.57142857142856,275.2857142857143,273.85714285714283,412.8571428571428,0.0,0.0,0.0,0.0
6150ca3f37e1fe330f70311d,1,0,70,580.0,507.0,218.0,26.0,3.0,139.0,204.57142857142856,200.8571428571429,352.85714285714283,60.833333333333336,7.0,1338.0,0,191.1428571428572,40.3567425180312,31.0,129,0.2903362771081381,171.43498003894183,77.0,484,0.838020153821643,148.93111223138095,109.5,441,0.7414777991605026,154.46944527578756,141.0,432,0.437767658676321,177.9108926240485,131.5,501,2.2935105863137006,1,1,0.1428571428571428,0,0.2857142857142857,18.142857142857142,0,0.0,30.0,96.0,126.0,26.0,4.0,192.0,321.0,391.0,421.0,0,0,174.14285714285714,77.57142857142857,96.57142857142856,275.2857142857143,273.85714285714283,412.8571428571428,0.0,0.0,0.0,0.0
6150ca3f37e1fe330f70311d,1,0,122,96.0,148.0,325.0,4.0,3.0,139.0,204.57142857142856,200.8571428571429,352.85714285714283,60.833333333333336,7.0,1338.0,0,191.1428571428572,40.3567425180312,31.0,129,0.2903362771081381,171.43498003894183,77.0,484,0.838020153821643,148.93111223138095,109.5,441,0.7414777991605026,154.46944527578756,141.0,432,0.437767658676321,177.9108926240485,131.5,501,2.2935105863137006,0,0,0.1428571428571428,0,0.2857142857142857,18.142857142857142,0,0.0,-59.0,126.0,136.0,4.0,-63.0,321.0,337.0,459.0,400.0,1,0,174.14285714285714,77.57142857142857,96.57142857142856,275.2857142857143,273.85714285714283,412.8571428571428,0.0,0.0,0.0,0.0
6150ca3f37e1fe330f70311d,1,0,199,126.0,203.0,274.0,-63.0,3.0,139.0,204.57142857142856,200.8571428571429,352.85714285714283,60.833333333333336,7.0,1338.0,1,191.1428571428572,40.3567425180312,31.0,129,0.2903362771081381,171.43498003894183,77.0,484,0.838020153821643,148.93111223138095,109.5,441,0.7414777991605026,154.46944527578756,141.0,432,0.437767658676321,177.9108926240485,131.5,501,2.2935105863137006,0,0,0.1428571428571428,63,0.2857142857142857,18.142857142857142,0,0.0,115.0,136.0,316.0,-63.0,178.0,337.0,290.0,489.0,604.0,1,0,174.14285714285714,77.57142857142857,96.57142857142856,275.2857142857143,273.85714285714283,412.8571428571428,0.0,0.0,0.0,0.0
6150ca3f37e1fe330f70311d,1,0,138,136.0,75.0,468.0,178.0,3.0,139.0,204.57142857142856,200.8571428571429,352.85714285714283,60.833333333333336,7.0,1338.0,0,191.1428571428572,40.3567425180312,31.0,129,0.2903362771081381,171.43498003894183,77.0,484,0.838020153821643,148.93111223138095,109.5,441,0.7414777991605026,154.46944527578756,141.0,432,0.437767658676321,177.9108926240485,131.5,501,2.2935105863137006,0,0,0.1428571428571428,0,0.2857142857142857,18.142857142857142,0,0.0,247.0,316.0,221.0,178.0,69.0,290.0,291.0,429.0,676.0,0,0,174.14285714285714,77.57142857142857,96.57142857142856,275.2857142857143,273.85714285714283,412.8571428571428,137.0,129.5,7.5,-42.0
6150ca3f37e1fe330f70311d,1,0,152,316.0,330.0,360.0,69.0,,,,,,,,,0,,28.43639320480049,34.5,99,0.1662101762923536,134.22197118731015,99.5,655,0.7180984734375746,142.36657299633004,95.0,682,0.6916838147265717,2927.5174673670404,191.0,14226,2.742684388979305,2929.0737119909904,129.5,14216,3.9856058318519065,0,0,0.0434782608695652,0,0.217391304347826,10.391304347826088,0,0.0,41.0,221.0,111.0,69.0,-28.0,291.0,283.0,435.0,476.0,1,0,763.3913043478261,734.9130434782609,28.47826086956522,332.4782608695652,309.60869565217394,480.69565217391306,4.5,7.5,-3.0,-22.5
6150ca3f37e1fe330f70311d,1,0,139,221.0,208.0,255.0,-28.0,4.0,141.5,166.0,162.0,286.5,-28.0,2.0,255.0,1,127.5,3.5355339059327378,2.5,5,0.0249861053422808,77.78174593052023,55.0,110,0.4685647345212062,65.05382386916237,46.0,92,0.4015668140071751,44.54772721475249,31.5,63,0.1554894492661518,12.727922061357855,9.0,18,-0.6698906348083081,0,0,0.0,28,1.0,19.0,0,0.0,-38.0,111.0,134.0,-28.0,-10.0,283.0,328.0,467.0,429.0,2,0,-20.5,-19.0,-1.5,305.5,349.5,491.0,11.5,-3.0,14.5,-8.5
6150ca3f37e1fe330f70311d,1,0,144,111.0,116.0,318.0,-10.0,4.0,141.5,166.0,162.0,286.5,-28.0,2.0,255.0,1,127.5,3.5355339059327378,2.5,5,0.0249861053422808,77.78174593052023,55.0,110,0.4685647345212062,65.05382386916237,46.0,92,0.4015668140071751,44.54772721475249,31.5,63,0.1554894492661518,12.727922061357855,9.0,18,-0.6698906348083081,0,0,0.0,10,1.0,19.0,0,0.0,-3.0,134.0,191.0,-10.0,7.0,328.0,371.0,515.0,512.0,1,0,-20.5,-19.0,-1.5,305.5,349.5,491.0,0.0,0.0,0.0,0.0
6150ca3f37e1fe330f70311d,1,0,184,134.0,174.0,378.0,7.0,,,,,,,,,0,,28.43639320480049,34.5,99,0.1662101762923536,134.22197118731015,99.5,655,0.7180984734375746,142.36657299633004,95.0,682,0.6916838147265717,2927.5174673670404,191.0,14226,2.742684388979305,2929.0737119909904,129.5,14216,3.9856058318519065,0,0,0.0434782608695652,0,0.217391304347826,10.391304347826088,0,0.0,88.0,191.0,268.0,7.0,81.0,371.0,355.0,539.0,627.0,0,0,763.3913043478261,734.9130434782609,28.47826086956522,332.4782608695652,309.60869565217394,480.69565217391306,40.25,-3.75,44.0,5.75
6150ca3f37e1fe330f70311d,1,0,187,191.0,194.0,436.0,81.0,5.0,187.0,191.0,194.0,436.0,,1.0,187.0,0,187.0,,0.0,0,,,0.0,0,,,0.0,0,,,0.0,0,,,0.0,0,,0,0,0.0,0,0.0,0.0,0,0.0,406.0,268.0,493.0,81.0,325.0,355.0,301.0,488.0,894.0,0,0,406.0,81.0,325.0,355.0,301.0,488.0,0.0,0.0,0.0,0.0
6150ca3f37e1fe330f70311d,1,0,168,268.0,249.0,626.0,325.0,,,,,,,,,0,,28.43639320480049,34.5,99,0.1662101762923536,134.22197118731015,99.5,655,0.7180984734375746,142.36657299633004,95.0,682,0.6916838147265717,2927.5174673670404,191.0,14226,2.742684388979305,2929.0737119909904,129.5,14216,3.9856058318519065,0,0,0.0434782608695652,0,0.217391304347826,10.391304347826088,0,0.0,599.0,493.0,407.0,325.0,274.0,301.0,266.0,434.0,1033.0,0,0,763.3913043478261,734.9130434782609,28.47826086956522,332.4782608695652,309.60869565217394,480.69565217391306,0.0,0.0,0.0,0.0
6150ca3f37e1fe330f70311d,1,0,133,493.0,458.0,540.0,274.0,6.0,172.75,305.75,302.0,393.75,64.0,4.0,883.0,0,220.75,66.83499582304668,49.75,139,0.3868885431145973,170.30829887784878,263.75,338,0.5570181484148775,182.05676770355632,187.0,409,0.6028369791508488,114.2843675515889,142.75,253,0.2902460128294321,159.89449646563824,107.25,378,3.2465887607236192,1,1,0.5,0,0.25,26.0,0,0.0,296.0,407.0,155.0,274.0,22.0,266.0,405.0,538.0,834.0,0,0,28.5,49.25,-20.75,344.5,337.25,510.0,0.0,0.0,0.0,0.0
6150ca3f37e1fe330f70311d,1,0,133,407.0,407.0,427.0,22.0,6.0,172.75,305.75,302.0,393.75,64.0,4.0,883.0,0,220.75,66.83499582304668,49.75,139,0.3868885431145973,170.30829887784878,263.75,338,0.5570181484148775,182.05676770355632,187.0,409,0.6028369791508488,114.2843675515889,142.75,253,0.2902460128294321,159.89449646563824,107.25,378,3.2465887607236192,1,0,0.5,0,0.25,26.0,0,0.0,-82.0,155.0,168.0,22.0,-104.0,405.0,425.0,558.0,476.0,1,0,28.5,49.25,-20.75,344.5,337.25,510.0,0.0,0.0,0.0,0.0
6150ca3f37e1fe330f70311d,1,0,272,155.0,294.0,321.0,-104.0,6.0,172.75,305.75,302.0,393.75,64.0,4.0,883.0,1,220.75,66.83499582304668,49.75,139,0.3868885431145973,170.30829887784878,263.75,338,0.5570181484148775,182.05676770355632,187.0,409,0.6028369791508488,114.2843675515889,142.75,253,0.2902460128294321,159.89449646563824,107.25,378,3.2465887607236192,0,0,0.5,104,0.25,26.0,0,0.0,-99.0,168.0,158.0,-104.0,5.0,425.0,282.0,554.0,455.0,1,0,28.5,49.25,-20.75,344.5,337.25,510.0,0.0,0.0,0.0,0.0
6150ca3f37e1fe330f70311d,1,0,153,168.0,49.0,287.0,5.0,6.0,172.75,305.75,302.0,393.75,64.0,4.0,883.0,0,220.75,66.83499582304668,49.75,139,0.3868885431145973,170.30829887784878,263.75,338,0.5570181484148775,182.05676770355632,187.0,409,0.6028369791508488,114.2843675515889,142.75,253,0.2902460128294321,159.89449646563824,107.25,378,3.2465887607236192,0,0,0.5,0,0.25,26.0,0,0.0,-1.0,158.0,123.0,5.0,-6.0,282.0,237.0,390.0,389.0,1,0,28.5,49.25,-20.75,344.5,337.25,510.0,0.0,0.0,0.0,0.0
6150ca3f37e1fe330f70311d,1,0,129,158.0,134.0,231.0,-6.0,,,,,,,,,1,,28.43639320480049,34.5,99,0.1662101762923536,134.22197118731015,99.5,655,0.7180984734375746,142.36657299633004,95.0,682,0.6916838147265717,2927.5174673670404,191.0,14226,2.742684388979305,2929.0737119909904,129.5,14216,3.9856058318519065,0,0,0.0434782608695652,6,0.217391304347826,10.391304347826088,0,0.0,291.0,123.0,405.0,-6.0,297.0,237.0,262.0,391.0,682.0,1,0,763.3913043478261,734.9130434782609,28.47826086956522,332.4782608695652,309.60869565217394,480.69565217391306,0.0,0.0,0.0,0.0
6150ca3f37e1fe330f70311d,1,0,108,123.0,102.0,559.0,297.0,7.0,115.2,215.2,211.2,336.6,121.5,5.0,1062.0,0,212.4,23.360222601679123,6.0,63,0.2027797100840201,121.6951108303041,138.0,282,0.5654977269066176,147.60318424749516,145.0,359,0.6988787132930643,132.74901129575318,106.0,313,0.3943820894110314,133.67610108018562,169.0,319,1.413066607612956,0,0,0.2,0,0.4,7.0,0,0.0,275.0,405.0,132.0,297.0,-22.0,262.0,268.0,376.0,651.0,1,0,124.6,94.6,30.0,242.0,250.0,365.2,0.0,0.0,0.0,0.0
6150ca3f37e1fe330f70311d,1,0,154,405.0,451.0,246.0,-22.0,7.0,115.2,215.2,211.2,336.6,121.5,5.0,1062.0,1,212.4,23.360222601679123,6.0,63,0.2027797100840201,121.6951108303041,138.0,282,0.5654977269066176,147.60318424749516,145.0,359,0.6988787132930643,132.74901129575318,106.0,313,0.3943820894110314,133.67610108018562,169.0,319,1.413066607612956,1,0,0.2,22,0.4,7.0,0,0.0,134.0,132.0,270.0,-22.0,156.0,268.0,205.0,359.0,493.0,1,0,124.6,94.6,30.0,242.0,250.0,365.2,0.0,0.0,0.0,0.0
6150ca3f37e1fe330f70311d,1,0,114,132.0,92.0,361.0,156.0,7.0,115.2,215.2,211.2,336.6,121.5,5.0,1062.0,0,212.4,23.360222601679123,6.0,63,0.2027797100840201,121.6951108303041,138.0,282,0.5654977269066176,147.60318424749516,145.0,359,0.6988787132930643,132.74901129575318,106.0,313,0.3943820894110314,133.67610108018562,169.0,319,1.413066607612956,0,0,0.2,0,0.4,7.0,0,0.0,211.0,270.0,146.0,156.0,55.0,205.0,200.0,314.0,525.0,0,0,124.6,94.6,30.0,242.0,250.0,365.2,0.0,0.0,0.0,0.0
6150ca3f37e1fe330f70311d,1,0,91,270.0,247.0,255.0,55.0,7.0,115.2,215.2,211.2,336.6,121.5,5.0,1062.0,0,212.4,23.360222601679123,6.0,63,0.2027797100840201,121.6951108303041,138.0,282,0.5654977269066176,147.60318424749516,145.0,359,0.6988787132930643,132.74901129575318,106.0,313,0.3943820894110314,133.67610108018562,169.0,319,1.413066607612956,0,0,0.2,0,0.4,7.0,0,0.0,42.0,146.0,96.0,55.0,-13.0,200.0,275.0,366.0,408.0,1,0,124.6,94.6,30.0,242.0,250.0,365.2,0.0,0.0,0.0,0.0
6150ca3f37e1fe330f70311d,1,0,109,146.0,164.0,262.0,-13.0,7.0,115.2,215.2,211.2,336.6,121.5,5.0,1062.0,1,212.4,23.360222601679123,6.0,63,0.2027797100840201,121.6951108303041,138.0,282,0.5654977269066176,147.60318424749516,145.0,359,0.6988787132930643,132.74901129575318,106.0,313,0.3943820894110314,133.67610108018562,169.0,319,1.413066607612956,0,0,0.2,13,0.4,7.0,0,0.0,-39.0,96.0,140.0,-13.0,-26.0,275.0,302.0,411.0,372.0,2,0,124.6,94.6,30.0,242.0,250.0,365.2,0.0,0.0,0.0,0.0
6150ca3f37e1fe330f70311d,1,0,166,96.0,153.0,276.0,-26.0,,,,,,,,,1,,28.43639320480049,34.5,99,0.1662101762923536,134.22197118731015,99.5,655,0.7180984734375746,142.36657299633004,95.0,682,0.6916838147265717,2927.5174673670404,191.0,14226,2.742684388979305,2929.0737119909904,129.5,14216,3.9856058318519065,0,0,0.0434782608695652,26,0.217391304347826,10.391304347826088,0,0.0,108.0,140.0,270.0,-26.0,134.0,302.0,274.0,440.0,548.0,1,0,763.3913043478261,734.9130434782609,28.47826086956522,332.4782608695652,309.60869565217394,480.69565217391306,-511.5,-487.5,-24.0,41.0
6150ca3f37e1fe330f70311d,1,0,136,140.0,110.0,408.0,134.0,8.0,140.0,236.0,229.3333333333333,388.3333333333333,147.0,3.0,714.0,0,238.0,5.291502622129181,5.0,10,0.0377964473009227,84.30895563343196,79.0,158,0.3572413374297964,104.73458518241875,98.0,196,0.4566915051558958,67.67815994346576,65.5,131,0.1742785234595684,69.3565666201358,65.5,131,0.6441786373387225,0,0,0.0,0,0.0,0.0,0,0.0,294.0,270.0,298.0,134.0,160.0,274.0,284.0,420.0,714.0,0,0,194.33333333333331,107.66666666666669,86.66666666666667,280.6666666666667,293.3333333333333,433.3333333333333,-26.5,-24.0,-2.5,12.5
6150ca3f37e1fe330f70311d,1,0,138,270.0,272.0,444.0,160.0,8.0,140.0,236.0,229.3333333333333,388.3333333333333,147.0,3.0,714.0,0,238.0,5.291502622129181,5.0,10,0.0377964473009227,84.30895563343196,79.0,158,0.3572413374297964,104.73458518241875,98.0,196,0.4566915051558958,67.67815994346576,65.5,131,0.1742785234595684,69.3565666201358,65.5,131,0.6441786373387225,0,0,0.0,0,0.0,0.0,0,0.0,189.0,298.0,175.0,160.0,29.0,284.0,284.0,422.0,611.0,0,0,194.33333333333331,107.66666666666669,86.66666666666667,280.6666666666667,293.3333333333333,433.3333333333333,27.5,-2.5,30.0,-18.5
6150ca3f37e1fe330f70311d,1,0,146,298.0,306.0,313.0,29.0,8.0,140.0,236.0,229.3333333333333,388.3333333333333,147.0,3.0,714.0,0,238.0,5.291502622129181,5.0,10,0.0377964473009227,84.30895563343196,79.0,158,0.3572413374297964,104.73458518241875,98.0,196,0.4566915051558958,67.67815994346576,65.5,131,0.1742785234595684,69.3565666201358,65.5,131,0.6441786373387225,0,0,0.0,0,0.0,0.0,0,0.0,100.0,175.0,209.0,29.0,71.0,284.0,312.0,458.0,558.0,0,0,194.33333333333331,107.66666666666669,86.66666666666667,280.6666666666667,293.3333333333333,433.3333333333333,0.0,0.0,0.0,0.0
6150ca3f37e1fe330f70311d,1,0,138,175.0,167.0,383.0,71.0,,,,,,,,,0,,28.43639320480049,34.5,99,0.1662101762923536,134.22197118731015,99.5,655,0.7180984734375746,142.36657299633004,95.0,682,0.6916838147265717,2927.5174673670404,191.0,14226,2.742684388979305,2929.0737119909904,129.5,14216,3.9856058318519065,0,0,0.0434782608695652,0,0.217391304347826,10.391304347826088,0,0.0,-21.0,209.0,82.0,71.0,-92.0,312.0,321.0,459.0,438.0,1,0,763.3913043478261,734.9130434782609,28.47826086956522,332.4782608695652,309.60869565217394,480.69565217391306,0.0,0.0,0.0,0.0
6150ca3f37e1fe330f70311d,1,0,174,209.0,245.0,229.0,-92.0,9.0,160.5,145.5,150.0,237.5,-92.0,2.0,229.0,1,114.5,19.091883092036785,13.5,27,0.1189525426295126,89.80256121069154,63.5,127,0.6171997334068147,134.35028842544403,95.0,190,0.8956685895029602,12.020815280171307,8.5,17,0.0506139590744055,38.18376618407357,27.0,54,-0.5874425566780549,0,0,0.0,92,1.0,65.0,0,0.0,-130.0,82.0,109.0,-92.0,-38.0,321.0,284.0,458.0,328.0,2,0,-76.5,-65.0,-11.5,302.5,307.5,468.0,0.0,0.0,0.0,0.0
6150ca3f37e1fe330f70311d,1,0,147,82.0,55.0,246.0,-38.0,9.0,160.5,145.5,150.0,237.5,-92.0,2.0,229.0,1,114.5,19.091883092036785,13.5,27,0.1189525426295126,89.80256121069154,63.5,127,0.6171997334068147,134.35028842544403,95.0,190,0.8956685895029602,12.020815280171307,8.5,17,0.0506139590744055,38.18376618407357,27.0,54,-0.5874425566780549,0,0,0.0,38,1.0,65.0,0,0.0,-23.0,109.0,152.0,-38.0,15.0,284.0,331.0,478.0,455.0,1,0,-76.5,-65.0,-11.5,302.5,307.5,468.0,0.0,0.0,0.0,0.0
6150ca3f37e1fe330f70311d,1,0,137,109.0,99.0,346.0,15.0,,,,,,,,,0,,28.43639320480049,34.5,99,0.1662101762923536,134.22197118731015,99.5,655,0.7180984734375746,142.36657299633004,95.0,682,0.6916838147265717,2927.5174673670404,191.0,14226,2.742684388979305,2929.0737119909904,129.5,14216,3.9856058318519065,0,0,0.0434782608695652,0,0.217391304347826,10.391304347826088,0,0.0,-7.0,152.0,172.0,15.0,-22.0,331.0,422.0,559.0,552.0,1,0,763.3913043478261,734.9130434782609,28.47826086956522,332.4782608695652,309.60869565217394,480.69565217391306,-54.75,4.25,-59.0,25.75
6150ca3f37e1fe330f70311d,1,0,194,152.0,209.0,400.0,-22.0,10.0,194.0,152.0,209.0,400.0,,1.0,194.0,1,194.0,,0.0,0,,,0.0,0,,,0.0,0,,,0.0,0,,,0.0,0,,0,0,0.0,22,1.0,22.0,0,0.0,183.0,172.0,433.0,-22.0,205.0,422.0,341.0,535.0,718.0,1,0,183.0,-22.0,205.0,422.0,341.0,535.0,0.0,0.0,0.0,0.0
6150ca3f37e1fe330f70311d,1,0,228,172.0,206.0,546.0,205.0,,,,,,,,,0,,28.43639320480049,34.5,99,0.1662101762923536,134.22197118731015,99.5,655,0.7180984734375746,142.36657299633004,95.0,682,0.6916838147265717,2927.5174673670404,191.0,14226,2.742684388979305,2929.0737119909904,129.5,14216,3.9856058318519065,0,0,0.0434782608695652,0,0.217391304347826,10.391304347826088,0,0.0,301.0,433.0,209.0,205.0,96.0,341.0,265.0,493.0,794.0,0,0,763.3913043478261,734.9130434782609,28.47826086956522,332.4782608695652,309.60869565217394,480.69565217391306,0.0,0.0,0.0,0.0
6150ca3f37e1fe330f70311d,1,0,113,433.0,318.0,361.0,96.0,11.0,130.27272727272728,1085.7272727272727,1077.5454545454545,1190.5454545454545,1021.5,11.0,11648.0,0,1058.909090909091,16.829087373300485,29.0,42,0.1291835039122856,1715.335016310755,1213.0,5788,1.579894932547794,1720.639088457331,1202.5,5830,1.596813462670264,1731.6540857594143,1239.5,5805,1.4545048063037231,1728.576008795048,1233.5,5822,1.86616312658215,1,1,0.4545454545454545,0,0.1818181818181818,3.909090909090909,0,0.1818181818181818,1643.0,209.0,1699.0,96.0,1547.0,265.0,305.0,418.0,2061.0,0,1,1847.090909090909,926.2727272727273,920.818181818182,264.27272727272725,267.72727272727275,398.0,0.0,0.0,0.0,0.0
6150ca3f37e1fe330f70311d,1,0,152,209.0,248.0,1852.0,1547.0,11.0,130.27272727272728,1085.7272727272727,1077.5454545454545,1190.5454545454545,1021.5,11.0,11648.0,0,1058.909090909091,16.829087373300485,29.0,42,0.1291835039122856,1715.335016310755,1213.0,5788,1.579894932547794,1720.639088457331,1202.5,5830,1.596813462670264,1731.6540857594143,1239.5,5805,1.4545048063037231,1728.576008795048,1233.5,5822,1.86616312658215,0,0,0.4545454545454545,0,0.1818181818181818,3.909090909090909,0,0.1818181818181818,1530.0,1699.0,136.0,1547.0,-17.0,305.0,272.0,424.0,1954.0,1,1,1847.090909090909,926.2727272727273,920.818181818182,264.27272727272725,267.72727272727275,398.0,0.0,0.0,0.0,0.0
6150ca3f37e1fe330f70311d,1,0,153,1699.0,1700.0,255.0,-17.0,11.0,130.27272727272728,1085.7272727272727,1077.5454545454545,1190.5454545454545,1021.5,11.0,11648.0,1,1058.909090909091,16.829087373300485,29.0,42,0.1291835039122856,1715.335016310755,1213.0,5788,1.579894932547794,1720.639088457331,1202.5,5830,1.596813462670264,1731.6540857594143,1239.5,5805,1.4545048063037231,1728.576008795048,1233.5,5822,1.86616312658215,1,1,0.4545454545454545,17,0.1818181818181818,3.909090909090909,0,0.1818181818181818,3.0,136.0,139.0,-17.0,20.0,272.0,239.0,392.0,395.0,1,0,1847.090909090909,926.2727272727273,920.818181818182,264.27272727272725,267.72727272727275,398.0,0.0,0.0,0.0,0.0
6150ca3f37e1fe330f70311d,1,0,119,136.0,102.0,259.0,20.0,11.0,130.27272727272728,1085.7272727272727,1077.5454545454545,1190.5454545454545,1021.5,11.0,11648.0,0,1058.909090909091,16.829087373300485,29.0,42,0.1291835039122856,1715.335016310755,1213.0,5788,1.579894932547794,1720.639088457331,1202.5,5830,1.596813462670264,1731.6540857594143,1239.5,5805,1.4545048063037231,1728.576008795048,1233.5,5822,1.86616312658215,0,0,0.4545454545454545,0,0.1818181818181818,3.909090909090909,0,0.1818181818181818,88.0,139.0,188.0,20.0,68.0,239.0,231.0,350.0,438.0,0,0,1847.090909090909,926.2727272727273,920.818181818182,264.27272727272725,267.72727272727275,398.0,0.0,0.0,0.0,0.0
6150ca3f37e1fe330f70311d,1,0,120,139.0,140.0,299.0,68.0,11.0,130.27272727272728,1085.7272727272727,1077.5454545454545,1190.5454545454545,1021.5,11.0,11648.0,0,1058.909090909091,16.829087373300485,29.0,42,0.1291835039122856,1715.335016310755,1213.0,5788,1.579894932547794,1720.639088457331,1202.5,5830,1.596813462670264,1731.6540857594143,1239.5,5805,1.4545048063037231,1728.576008795048,1233.5,5822,1.86616312658215,0,0,0.4545454545454545,0,0.1818181818181818,3.909090909090909,0,0.1818181818181818,1120.0,188.0,1163.0,68.0,1052.0,231.0,222.0,342.0,1462.0,0,1,1847.090909090909,926.2727272727273,920.818181818182,264.27272727272725,267.72727272727275,398.0,0.0,0.0,0.0,0.0
6150ca3f37e1fe330f70311d,1,0,111,188.0,179.0,1274.0,1052.0,11.0,130.27272727272728,1085.7272727272727,1077.5454545454545,1190.5454545454545,1021.5,11.0,11648.0,0,1058.909090909091,16.829087373300485,29.0,42,0.1291835039122856,1715.335016310755,1213.0,5788,1.579894932547794,1720.639088457331,1202.5,5830,1.596813462670264,1731.6540857594143,1239.5,5805,1.4545048063037231,1728.576008795048,1233.5,5822,1.86616312658215,0,0,0.4545454545454545,0,0.1818181818181818,3.909090909090909,0,0.1818181818181818,1180.0,1163.0,239.0,1052.0,128.0,222.0,239.0,350.0,1530.0,0,1,1847.090909090909,926.2727272727273,920.818181818182,264.27272727272725,267.72727272727275,398.0,0.0,0.0,0.0,0.0
6150ca3f37e1fe330f70311d,1,0,111,1163.0,1163.0,367.0,128.0,11.0,130.27272727272728,1085.7272727272727,1077.5454545454545,1190.5454545454545,1021.5,11.0,11648.0,0,1058.909090909091,16.829087373300485,29.0,42,0.1291835039122856,1715.335016310755,1213.0,5788,1.579894932547794,1720.639088457331,1202.5,5830,1.596813462670264,1731.6540857594143,1239.5,5805,1.4545048063037231,1728.576008795048,1233.5,5822,1.86616312658215,1,1,0.4545454545454545,0,0.1818181818181818,3.909090909090909,0,0.1818181818181818,5924.0,239.0,5924.0,128.0,5796.0,239.0,264.0,375.0,6299.0,0,1,1847.090909090909,926.2727272727273,920.818181818182,264.27272727272725,267.72727272727275,398.0,0.0,0.0,0.0,0.0
6150ca3f37e1fe330f70311d,1,0,128,239.0,256.0,6060.0,5796.0,11.0,130.27272727272728,1085.7272727272727,1077.5454545454545,1190.5454545454545,1021.5,11.0,11648.0,0,1058.909090909091,16.829087373300485,29.0,42,0.1291835039122856,1715.335016310755,1213.0,5788,1.579894932547794,1720.639088457331,1202.5,5830,1.596813462670264,1731.6540857594143,1239.5,5805,1.4545048063037231,1728.576008795048,1233.5,5822,1.86616312658215,0,0,0.4545454545454545,0,0.1818181818181818,3.909090909090909,0,0.1818181818181818,5841.0,5924.0,181.0,5796.0,45.0,264.0,288.0,416.0,6257.0,0,1,1847.090909090909,926.2727272727273,920.818181818182,264.27272727272725,267.72727272727275,398.0,0.0,0.0,0.0,0.0
6150ca3f37e1fe330f70311d,1,0,136,5924.0,5932.0,333.0,45.0,11.0,130.27272727272728,1085.7272727272727,1077.5454545454545,1190.5454545454545,1021.5,11.0,11648.0,0,1058.909090909091,16.829087373300485,29.0,42,0.1291835039122856,1715.335016310755,1213.0,5788,1.579894932547794,1720.639088457331,1202.5,5830,1.596813462670264,1731.6540857594143,1239.5,5805,1.4545048063037231,1728.576008795048,1233.5,5822,1.86616312658215,1,1,0.4545454545454545,0,0.1818181818181818,3.909090909090909,1,0.1818181818181818,1525.0,181.0,1632.0,45.0,1480.0,288.0,290.0,426.0,1951.0,0,1,1847.090909090909,926.2727272727273,920.818181818182,264.27272727272725,267.72727272727275,398.0,0.0,0.0,0.0,0.0
6150ca3f37e1fe330f70311d,1,0,152,181.0,197.0,1770.0,1480.0,11.0,130.27272727272728,1085.7272727272727,1077.5454545454545,1190.5454545454545,1021.5,11.0,11648.0,0,1058.909090909091,16.829087373300485,29.0,42,0.1291835039122856,1715.335016310755,1213.0,5788,1.579894932547794,1720.639088457331,1202.5,5830,1.596813462670264,1731.6540857594143,1239.5,5805,1.4545048063037231,1728.576008795048,1233.5,5822,1.86616312658215,0,0,0.4545454545454545,0,0.1818181818181818,3.909090909090909,1,0.1818181818181818,1454.0,1632.0,112.0,1480.0,-26.0,290.0,292.0,444.0,1898.0,1,1,1847.090909090909,926.2727272727273,920.818181818182,264.27272727272725,267.72727272727275,398.0,0.0,0.0,0.0,0.0
6150ca3f37e1fe330f70311d,1,0,138,1632.0,1618.0,266.0,-26.0,11.0,130.27272727272728,1085.7272727272727,1077.5454545454545,1190.5454545454545,1021.5,11.0,11648.0,1,1058.909090909091,16.829087373300485,29.0,42,0.1291835039122856,1715.335016310755,1213.0,5788,1.579894932547794,1720.639088457331,1202.5,5830,1.596813462670264,1731.6540857594143,1239.5,5805,1.4545048063037231,1728.576008795048,1233.5,5822,1.86616312658215,1,1,0.4545454545454545,26,0.1818181818181818,3.909090909090909,0,0.1818181818181818,10.0,112.0,190.0,-26.0,36.0,292.0,303.0,441.0,451.0,1,0,1847.090909090909,926.2727272727273,920.818181818182,264.27272727272725,267.72727272727275,398.0,0.0,0.0,0.0,0.0
6150ca3f37e1fe330f70311d,0,0,154,112.0,128.0,339.0,36.0,,,,,,,,,0,,28.43639320480049,34.5,99,0.1662101762923536,134.22197118731015,99.5,655,0.7180984734375746,142.36657299633004,95.0,682,0.6916838147265717,2927.5174673670404,191.0,14226,2.742684388979305,2929.0737119909904,129.5,14216,3.9856058318519065,0,0,0.0434782608695652,0,0.217391304347826,10.391304347826088,0,0.0,-2.0,190.0,111.0,36.0,-38.0,303.0,275.0,429.0,427.0,1,0,763.3913043478261,734.9130434782609,28.47826086956522,332.4782608695652,309.60869565217394,480.69565217391306,0.0,0.0,0.0,0.0
6150ca3f37e1fe330f70311d,0,0,149,190.0,185.0,237.0,-38.0,12.0,154.75,212.5,208.25,400.75,59.333333333333336,4.0,797.0,1,199.25,36.07746295588609,29.25,81,0.2331338478570991,98.82813364624468,67.5,237,0.4650735700999749,152.42347806905164,125.75,341,0.7319254649174148,141.1438391618045,180.75,318,0.3521992243588384,119.42082453798974,158.0,260,1.6137949261890503,0,0,0.25,38,0.5,11.0,0,0.0,184.0,111.0,348.0,-38.0,222.0,275.0,333.0,482.0,666.0,1,0,143.5,74.0,69.5,326.75,348.0,502.75,0.0,0.0,0.0,0.0
6150ca3f37e1fe330f70311d,0,0,126,111.0,88.0,555.0,222.0,12.0,154.75,212.5,208.25,400.75,59.333333333333336,4.0,797.0,0,199.25,36.07746295588609,29.25,81,0.2331338478570991,98.82813364624468,67.5,237,0.4650735700999749,152.42347806905164,125.75,341,0.7319254649174148,141.1438391618045,180.75,318,0.3521992243588384,119.42082453798974,158.0,260,1.6137949261890503,0,0,0.25,0,0.5,11.0,0,0.0,216.0,348.0,201.0,222.0,-6.0,333.0,344.0,470.0,686.0,1,0,143.5,74.0,69.5,326.75,348.0,502.75,0.0,0.0,0.0,0.0
6150ca3f37e1fe330f70311d,0,0,207,348.0,429.0,338.0,-6.0,12.0,154.75,212.5,208.25,400.75,59.333333333333336,4.0,797.0,1,199.25,36.07746295588609,29.25,81,0.2331338478570991,98.82813364624468,67.5,237,0.4650735700999749,152.42347806905164,125.75,341,0.7319254649174148,141.1438391618045,180.75,318,0.3521992243588384,119.42082453798974,158.0,260,1.6137949261890503,1,0,0.25,6,0.5,11.0,0,0.0,112.0,201.0,255.0,-6.0,118.0,344.0,355.0,562.0,674.0,1,0,143.5,74.0,69.5,326.75,348.0,502.75,0.0,0.0,0.0,0.0
6150ca3f37e1fe330f70311d,0,0,137,201.0,131.0,473.0,118.0,12.0,154.75,212.5,208.25,400.75,59.333333333333336,4.0,797.0,0,199.25,36.07746295588609,29.25,81,0.2331338478570991,98.82813364624468,67.5,237,0.4650735700999749,152.42347806905164,125.75,341,0.7319254649174148,141.1438391618045,180.75,318,0.3521992243588384,119.42082453798974,158.0,260,1.6137949261890503,0,0,0.25,0,0.5,11.0,0,0.0,62.0,255.0,162.0,118.0,-56.0,355.0,360.0,497.0,559.0,1,0,143.5,74.0,69.5,326.75,348.0,502.75,0.0,0.0,0.0,0.0
6150ca3f37e1fe330f70311d,0,0,218,255.0,336.0,304.0,-56.0,,,,,,,,,1,,28.43639320480049,34.5,99,0.1662101762923536,134.22197118731015,99.5,655,0.7180984734375746,142.36657299633004,95.0,682,0.6916838147265717,2927.5174673670404,191.0,14226,2.742684388979305,2929.0737119909904,129.5,14216,3.9856058318519065,0,0,0.0434782608695652,56,0.217391304347826,10.391304347826088,0,0.0,-28.0,162.0,170.0,-56.0,28.0,360.0,276.0,494.0,466.0,1,0,763.3913043478261,734.9130434782609,28.47826086956522,332.4782608695652,309.60869565217394,480.69565217391306,12.0,2.5,9.5,2.0
6150ca3f37e1fe330f70311d,0,0,142,162.0,86.0,304.0,28.0,13.0,138.0,166.0,124.0,262.0,28.0,2.0,304.0,0,152.0,5.656854249492381,4.0,8,0.0409916974600897,5.656854249492381,4.0,8,0.0340774352379059,53.74011537017761,38.0,76,0.4333880271788517,59.39696961966999,42.0,84,0.2267059909147709,68.58935777509511,48.5,97,-3.345822330492444,0,0,0.0,0,0.5,34.5,0,0.0,-41.0,170.0,65.0,28.0,-69.0,276.0,289.0,431.0,390.0,1,0,0.5,-20.5,21.0,282.5,307.5,445.5,-32.0,9.5,-41.5,-17.5
6150ca3f37e1fe330f70311d,0,0,134,170.0,162.0,220.0,-69.0,13.0,138.0,166.0,124.0,262.0,28.0,2.0,304.0,1,152.0,5.656854249492381,4.0,8,0.0409916974600897,5.656854249492381,4.0,8,0.0340774352379059,53.74011537017761,38.0,76,0.4333880271788517,59.39696961966999,42.0,84,0.2267059909147709,68.58935777509511,48.5,97,-3.345822330492444,0,0,0.0,69,0.5,34.5,0,0.0,42.0,65.0,266.0,-69.0,111.0,289.0,326.0,460.0,502.0,1,0,0.5,-20.5,21.0,282.5,307.5,445.5,-71.0,-41.5,-29.5,-12.5
6150ca3f37e1fe330f70311d,0,0,155,65.0,86.0,437.0,111.0,,,,,,,,,0,,28.43639320480049,34.5,99,0.1662101762923536,134.22197118731015,99.5,655,0.7180984734375746,142.36657299633004,95.0,682,0.6916838147265717,2927.5174673670404,191.0,14226,2.742684388979305,2929.0737119909904,129.5,14216,3.9856058318519065,0,0,0.0434782608695652,0,0.217391304347826,10.391304347826088,0,0.0,98.0,266.0,158.0,111.0,-13.0,326.0,385.0,540.0,638.0,1,0,763.3913043478261,734.9130434782609,28.47826086956522,332.4782608695652,309.60869565217394,480.69565217391306,50.25,100.25,-50.0,6.75
6150ca3f37e1fe330f70311d,0,0,171,266.0,282.0,372.0,-13.0,14.0,171.0,266.0,282.0,372.0,,1.0,171.0,1,171.0,,0.0,0,,,0.0,0,,,0.0,0,,,0.0,0,,,0.0,0,,0,0,0.0,13,1.0,13.0,0,0.0,58.0,158.0,285.0,-13.0,71.0,385.0,364.0,535.0,593.0,1,0,58.0,-13.0,71.0,385.0,364.0,535.0,0.0,0.0,0.0,0.0
6150ca3f37e1fe330f70311d,0,0,214,158.0,201.0,435.0,71.0,,,,,,,,,0,,28.43639320480049,34.5,99,0.1662101762923536,134.22197118731015,99.5,655,0.7180984734375746,142.36657299633004,95.0,682,0.6916838147265717,2927.5174673670404,191.0,14226,2.742684388979305,2929.0737119909904,129.5,14216,3.9856058318519065,0,0,0.0434782608695652,0,0.217391304347826,10.391304347826088,0,0.0,135.0,285.0,214.0,71.0,64.0,364.0,286.0,500.0,635.0,0,0,763.3913043478261,734.9130434782609,28.47826086956522,332.4782608695652,309.60869565217394,480.69565217391306,0.0,0.0,0.0,0.0
6150ca3f37e1fe330f70311d,0,1,150,285.0,221.0,350.0,64.0,15.0,129.75,206.5,183.0,298.75,47.333333333333336,4.0,661.0,0,165.25,16.580611166861935,21.25,37,0.1277889107272596,68.45192960513727,45.5,167,0.3314863419134977,41.255302689472536,34.5,96,0.2254388125107788,48.46562355594599,55.75,112,0.1622280286391497,31.826351764955195,44.75,68,0.7532864323066318,0,0,0.0,0,0.0,0.0,0,0.0,137.0,214.0,209.0,64.0,73.0,286.0,249.0,399.0,536.0,0,0,242.75,42.25,200.5,256.5,251.75,381.5,0.0,0.0,0.0,0.0
6150ca3f37e1fe330f70311d,0,1,136,214.0,200.0,322.0,73.0,15.0,129.75,206.5,183.0,298.75,47.333333333333336,4.0,661.0,0,165.25,16.580611166861935,21.25,37,0.1277889107272596,68.45192960513727,45.5,167,0.3314863419134977,41.255302689472536,34.5,96,0.2254388125107788,48.46562355594599,55.75,112,0.1622280286391497,31.826351764955195,44.75,68,0.7532864323066318,0,0,0.0,0,0.0,0.0,0,0.0,78.0,209.0,118.0,73.0,5.0,249.0,233.0,369.0,447.0,0,0,242.75,42.25,200.5,256.5,251.75,381.5,0.0,0.0,0.0,0.0
6150ca3f37e1fe330f70311d,0,1,113,209.0,186.0,238.0,5.0,15.0,129.75,206.5,183.0,298.75,47.333333333333336,4.0,661.0,0,165.25,16.580611166861935,21.25,37,0.1277889107272596,68.45192960513727,45.5,167,0.3314863419134977,41.255302689472536,34.5,96,0.2254388125107788,48.46562355594599,55.75,112,0.1622280286391497,31.826351764955195,44.75,68,0.7532864323066318,0,0,0.0,0,0.0,0.0,0,0.0,32.0,118.0,147.0,5.0,27.0,233.0,258.0,371.0,403.0,0,0,242.75,42.25,200.5,256.5,251.75,381.5,0.0,0.0,0.0,0.0
6150ca3f37e1fe330f70311d,0,1,120,118.0,125.0,285.0,27.0,15.0,129.75,206.5,183.0,298.75,47.333333333333336,4.0,661.0,0,165.25,16.580611166861935,21.25,37,0.1277889107272596,68.45192960513727,45.5,167,0.3314863419134977,41.255302689472536,34.5,96,0.2254388125107788,48.46562355594599,55.75,112,0.1622280286391497,31.826351764955195,44.75,68,0.7532864323066318,0,0,0.0,0,0.0,0.0,0,0.0,724.0,147.0,835.0,27.0,697.0,258.0,267.0,387.0,1111.0,0,1,242.75,42.25,200.5,256.5,251.75,381.5,0.0,0.0,0.0,0.0
6150ca3f37e1fe330f70311d,0,1,138,147.0,165.0,964.0,697.0,,,,,,,,,0,,28.43639320480049,34.5,99,0.1662101762923536,134.22197118731015,99.5,655,0.7180984734375746,142.36657299633004,95.0,682,0.6916838147265717,2927.5174673670404,191.0,14226,2.742684388979305,2929.0737119909904,129.5,14216,3.9856058318519065,0,0,0.0434782608695652,0,0.217391304347826,10.391304347826088,0,0.0,810.0,835.0,242.0,697.0,113.0,267.0,242.0,380.0,1190.0,0,1,763.3913043478261,734.9130434782609,28.47826086956522,332.4782608695652,309.60869565217394,480.69565217391306,0.0,0.0,0.0,0.0
6150ca3f37e1fe330f70311d,0,1,129,835.0,826.0,355.0,113.0,16.0,138.66666666666666,295.3333333333333,294.8333333333333,326.1666666666667,48.0,6.0,1072.0,0,178.66666666666666,32.75769629669746,34.5,90,0.2362333867550297,276.0316406984291,168.75,723,0.9346443815973898,286.72036318801406,251.0,751,0.972482859880206,99.34267293900776,82.5,267,0.3045764116678828,110.37390996064242,126.25,295,3.2462914694306595,1,1,0.1666666666666666,0,0.5,24.83333333333333,0,0.0,140.0,242.0,140.0,113.0,27.0,242.0,217.0,346.0,486.0,0,0,39.0,34.0,5.0,292.1666666666667,311.1666666666667,449.8333333333333,0.0,0.0,0.0,0.0
6150ca3f37e1fe330f70311d,0,1,113,242.0,226.0,244.0,27.0,16.0,138.66666666666666,295.3333333333333,294.8333333333333,326.1666666666667,48.0,6.0,1072.0,0,178.66666666666666,32.75769629669746,34.5,90,0.2362333867550297,276.0316406984291,168.75,723,0.9346443815973898,286.72036318801406,251.0,751,0.972482859880206,99.34267293900776,82.5,267,0.3045764116678828,110.37390996064242,126.25,295,3.2462914694306595,0,0,0.1666666666666666,0,0.5,24.83333333333333,0,0.0,240.0,140.0,317.0,27.0,213.0,217.0,298.0,411.0,651.0,0,0,39.0,34.0,5.0,292.1666666666667,311.1666666666667,449.8333333333333,0.0,0.0,0.0,0.0
6150ca3f37e1fe330f70311d,0,1,104,140.0,131.0,511.0,213.0,16.0,138.66666666666666,295.3333333333333,294.8333333333333,326.1666666666667,48.0,6.0,1072.0,0,178.66666666666666,32.75769629669746,34.5,90,0.2362333867550297,276.0316406984291,168.75,723,0.9346443815973898,286.72036318801406,251.0,751,0.972482859880206,99.34267293900776,82.5,267,0.3045764116678828,110.37390996064242,126.25,295,3.2462914694306595,0,0,0.1666666666666666,0,0.5,24.83333333333333,0,0.0,131.0,317.0,112.0,213.0,-82.0,298.0,351.0,455.0,586.0,1,0,39.0,34.0,5.0,292.1666666666667,311.1666666666667,449.8333333333333,0.0,0.0,0.0,0.0
6150ca3f37e1fe330f70311d,0,1,194,317.0,407.0,269.0,-82.0,16.0,138.66666666666666,295.3333333333333,294.8333333333333,326.1666666666667,48.0,6.0,1072.0,1,178.66666666666666,32.75769629669746,34.5,90,0.2362333867550297,276.0316406984291,168.75,723,0.9346443815973898,286.72036318801406,251.0,751,0.972482859880206,99.34267293900776,82.5,267,0.3045764116678828,110.37390996064242,126.25,295,3.2462914694306595,0,0,0.1666666666666666,82,0.5,24.83333333333333,0,0.0,-113.0,112.0,126.0,-82.0,-31.0,351.0,292.0,486.0,373.0,2,0,39.0,34.0,5.0,292.1666666666667,311.1666666666667,449.8333333333333,0.0,0.0,0.0,0.0
6150ca3f37e1fe330f70311d,0,1,157,112.0,75.0,261.0,-31.0,16.0,138.66666666666666,295.3333333333333,294.8333333333333,326.1666666666667,48.0,6.0,1072.0,1,178.66666666666666,32.75769629669746,34.5,90,0.2362333867550297,276.0316406984291,168.75,723,0.9346443815973898,286.72036318801406,251.0,751,0.972482859880206,99.34267293900776,82.5,267,0.3045764116678828,110.37390996064242,126.25,295,3.2462914694306595,0,0,0.1666666666666666,31,0.5,24.83333333333333,0,0.0,-67.0,126.0,99.0,-31.0,-36.0,292.0,353.0,510.0,443.0,2,0,39.0,34.0,5.0,292.1666666666667,311.1666666666667,449.8333333333333,0.0,0.0,0.0,0.0
6150ca3f37e1fe330f70311d,0,1,135,126.0,104.0,317.0,-36.0,16.0,138.66666666666666,295.3333333333333,294.8333333333333,326.1666666666667,48.0,6.0,1072.0,1,178.66666666666666,32.75769629669746,34.5,90,0.2362333867550297,276.0316406984291,168.75,723,0.9346443815973898,286.72036318801406,251.0,751,0.972482859880206,99.34267293900776,82.5,267,0.3045764116678828,110.37390996064242,126.25,295,3.2462914694306595,0,0,0.1666666666666666,36,0.5,24.83333333333333,0,0.0,-97.0,99.0,157.0,-36.0,-61.0,353.0,356.0,491.0,394.0,2,0,39.0,34.0,5.0,292.1666666666667,311.1666666666667,449.8333333333333,0.0,0.0,0.0,0.0
6150ca3f37e1fe330f70311d,0,1,218,99.0,182.0,295.0,-61.0,,,,,,,,,1,,28.43639320480049,34.5,99,0.1662101762923536,134.22197118731015,99.5,655,0.7180984734375746,142.36657299633004,95.0,682,0.6916838147265717,2927.5174673670404,191.0,14226,2.742684388979305,2929.0737119909904,129.5,14216,3.9856058318519065,0,0,0.0434782608695652,61,0.217391304347826,10.391304347826088,0,0.0,-52.0,157.0,147.0,-61.0,9.0,356.0,272.0,490.0,438.0,1,0,763.3913043478261,734.9130434782609,28.47826086956522,332.4782608695652,309.60869565217394,480.69565217391306,-12.0,-2.5,-9.5,-2.0
6150ca3f37e1fe330f70311d,0,1,138,157.0,77.0,281.0,9.0,17.0,136.0,152.0,110.0,311.5,9.0,2.0,281.0,0,140.5,2.8284271247461903,2.0,4,0.0207972582701925,7.071067811865476,5.0,10,0.0465201829727991,46.66904755831214,33.0,66,0.4242640687119285,43.1335136523794,30.5,61,0.1384703488037862,3.5355339059327378,2.5,5,0.3074377309506728,0,0,0.0,0,0.0,0.0,0,0.0,23.0,147.0,148.0,9.0,14.0,272.0,328.0,466.0,489.0,0,0,103.5,11.5,92.0,300.0,339.5,475.5,32.0,-9.5,41.5,17.5
6150ca3f37e1fe330f70311d,0,1,134,147.0,143.0,342.0,14.0,17.0,136.0,152.0,110.0,311.5,9.0,2.0,281.0,0,140.5,2.8284271247461903,2.0,4,0.0207972582701925,7.071067811865476,5.0,10,0.0465201829727991,46.66904755831214,33.0,66,0.4242640687119285,43.1335136523794,30.5,61,0.1384703488037862,3.5355339059327378,2.5,5,0.3074377309506728,0,0,0.0,0,0.0,0.0,0,0.0,184.0,148.0,364.0,14.0,170.0,328.0,351.0,485.0,669.0,0,0,103.5,11.5,92.0,300.0,339.5,475.5,71.0,41.5,29.5,12.5
6150ca3f37e1fe330f70311d,0,1,194,148.0,208.0,521.0,170.0,,,,,,,,,0,,28.43639320480049,34.5,99,0.1662101762923536,134.22197118731015,99.5,655,0.7180984734375746,142.36657299633004,95.0,682,0.6916838147265717,2927.5174673670404,191.0,14226,2.742684388979305,2929.0737119909904,129.5,14216,3.9856058318519065,0,0,0.0434782608695652,0,0.217391304347826,10.391304347826088,0,0.0,157.0,364.0,144.0,170.0,-13.0,351.0,280.0,474.0,631.0,1,0,763.3913043478261,734.9130434782609,28.47826086956522,332.4782608695652,309.60869565217394,480.69565217391306,0.0,0.0,0.0,0.0
6150ca3f37e1fe330f70311d,0,1,157,364.0,327.0,267.0,-13.0,18.0,127.85714285714286,240.57142857142856,229.0,332.42857142857144,89.66666666666667,7.0,1433.0,1,204.7142857142857,16.025277651557985,15.5,46,0.1253373671071574,95.33599729877682,168.0,224,0.3962897749949154,99.7597113067194,178.0,235,0.4356319271035782,90.99790683097632,140.5,215,0.2737367201619399,86.95866560504204,128.5,218,1.1027367015132143,1,0,0.1428571428571428,13,0.1428571428571428,1.8571428571428568,0,0.0,192.0,144.0,328.0,-13.0,205.0,280.0,263.0,420.0,612.0,1,0,295.1428571428572,78.85714285714286,216.28571428571428,253.57142857142856,248.28571428571428,376.1428571428572,0.0,0.0,0.0,0.0
6150ca3f37e1fe330f70311d,0,1,123,144.0,110.0,468.0,205.0,18.0,127.85714285714286,240.57142857142856,229.0,332.42857142857144,89.66666666666667,7.0,1433.0,0,204.7142857142857,16.025277651557985,15.5,46,0.1253373671071574,95.33599729877682,168.0,224,0.3962897749949154,99.7597113067194,178.0,235,0.4356319271035782,90.99790683097632,140.5,215,0.2737367201619399,86.95866560504204,128.5,218,1.1027367015132143,0,0,0.1428571428571428,0,0.1428571428571428,1.8571428571428568,0,0.0,321.0,328.0,256.0,205.0,116.0,263.0,264.0,387.0,708.0,0,0,295.1428571428572,78.85714285714286,216.28571428571428,253.57142857142856,248.28571428571428,376.1428571428572,0.0,0.0,0.0,0.0
6150ca3f37e1fe330f70311d,0,1,140,328.0,345.0,380.0,116.0,18.0,127.85714285714286,240.57142857142856,229.0,332.42857142857144,89.66666666666667,7.0,1433.0,0,204.7142857142857,16.025277651557985,15.5,46,0.1253373671071574,95.33599729877682,168.0,224,0.3962897749949154,99.7597113067194,178.0,235,0.4356319271035782,90.99790683097632,140.5,215,0.2737367201619399,86.95866560504204,128.5,218,1.1027367015132143,0,0,0.1428571428571428,0,0.1428571428571428,1.8571428571428568,0,0.0,294.0,256.0,302.0,116.0,178.0,264.0,251.0,391.0,685.0,0,0,295.1428571428572,78.85714285714286,216.28571428571428,253.57142857142856,248.28571428571428,376.1428571428572,0.0,0.0,0.0,0.0
6150ca3f37e1fe330f70311d,0,1,124,256.0,240.0,429.0,178.0,18.0,127.85714285714286,240.57142857142856,229.0,332.42857142857144,89.66666666666667,7.0,1433.0,0,204.7142857142857,16.025277651557985,15.5,46,0.1253373671071574,95.33599729877682,168.0,224,0.3962897749949154,99.7597113067194,178.0,235,0.4356319271035782,90.99790683097632,140.5,215,0.2737367201619399,86.95866560504204,128.5,218,1.1027367015132143,0,0,0.1428571428571428,0,0.1428571428571428,1.8571428571428568,0,0.0,201.0,302.0,150.0,178.0,23.0,251.0,238.0,362.0,563.0,0,0,295.1428571428572,78.85714285714286,216.28571428571428,253.57142857142856,248.28571428571428,376.1428571428572,0.0,0.0,0.0,0.0
6150ca3f37e1fe330f70311d,0,1,127,302.0,305.0,261.0,23.0,18.0,127.85714285714286,240.57142857142856,229.0,332.42857142857144,89.66666666666667,7.0,1433.0,0,204.7142857142857,16.025277651557985,15.5,46,0.1253373671071574,95.33599729877682,168.0,224,0.3962897749949154,99.7597113067194,178.0,235,0.4356319271035782,90.99790683097632,140.5,215,0.2737367201619399,86.95866560504204,128.5,218,1.1027367015132143,0,0,0.1428571428571428,0,0.1428571428571428,1.8571428571428568,0,0.0,52.0,150.0,140.0,23.0,29.0,238.0,224.0,351.0,403.0,0,0,295.1428571428572,78.85714285714286,216.28571428571428,253.57142857142856,248.28571428571428,376.1428571428572,0.0,0.0,0.0,0.0
6150ca3f37e1fe330f70311d,0,1,111,150.0,134.0,253.0,29.0,18.0,127.85714285714286,240.57142857142856,229.0,332.42857142857144,89.66666666666667,7.0,1433.0,0,204.7142857142857,16.025277651557985,15.5,46,0.1253373671071574,95.33599729877682,168.0,224,0.3962897749949154,99.7597113067194,178.0,235,0.4356319271035782,90.99790683097632,140.5,215,0.2737367201619399,86.95866560504204,128.5,218,1.1027367015132143,0,0,0.1428571428571428,0,0.1428571428571428,1.8571428571428568,0,0.0,43.0,140.0,127.0,29.0,14.0,224.0,255.0,366.0,409.0,0,0,295.1428571428572,78.85714285714286,216.28571428571428,253.57142857142856,248.28571428571428,376.1428571428572,0.0,0.0,0.0,0.0
6150ca3f37e1fe330f70311d,0,1,113,140.0,142.0,269.0,14.0,18.0,127.85714285714286,240.57142857142856,229.0,332.42857142857144,89.66666666666667,7.0,1433.0,0,204.7142857142857,16.025277651557985,15.5,46,0.1253373671071574,95.33599729877682,168.0,224,0.3962897749949154,99.7597113067194,178.0,235,0.4356319271035782,90.99790683097632,140.5,215,0.2737367201619399,86.95866560504204,128.5,218,1.1027367015132143,0,0,0.1428571428571428,0,0.1428571428571428,1.8571428571428568,0,0.0,963.0,127.0,1091.0,14.0,949.0,255.0,243.0,356.0,1319.0,0,1,295.1428571428572,78.85714285714286,216.28571428571428,253.57142857142856,248.28571428571428,376.1428571428572,0.0,0.0,0.0,0.0
6150ca3f37e1fe330f70311d,0,1,142,127.0,156.0,1192.0,949.0,,,,,,,,,0,,28.43639320480049,34.5,99,0.1662101762923536,134.22197118731015,99.5,655,0.7180984734375746,142.36657299633004,95.0,682,0.6916838147265717,2927.5174673670404,191.0,14226,2.742684388979305,2929.0737119909904,129.5,14216,3.9856058318519065,0,0,0.0434782608695652,0,0.217391304347826,10.391304347826088,0,0.0,1131.0,1091.0,283.0,949.0,182.0,243.0,216.0,358.0,1489.0,0,1,763.3913043478261,734.9130434782609,28.47826086956522,332.4782608695652,309.60869565217394,480.69565217391306,511.5,487.5,24.0,-41.0
6150ca3f37e1fe330f70311d,0,1,101,1091.0,1050.0,398.0,182.0,19.0,131.66666666666666,551.3333333333334,563.6666666666666,390.0,173.5,3.0,742.0,0,247.3333333333333,41.58525379666852,39.0,78,0.315837370607609,467.3674500147965,405.5,811,0.8477039601235729,421.8321151042596,376.5,753,0.7483715820891655,73.32803011127464,73.0,146,0.1880205900289093,118.37370203441866,106.5,213,1.1238009686811898,1,1,0.3333333333333333,0,0.3333333333333333,10.333333333333334,0,0.0,347.0,283.0,280.0,182.0,165.0,216.0,294.0,395.0,742.0,0,0,4858.666666666667,105.33333333333331,4753.333333333333,284.6666666666667,323.0,454.6666666666667,26.5,24.0,2.5,-12.5
6150ca3f37e1fe330f70311d,0,1,115,283.0,297.0,459.0,165.0,19.0,131.66666666666666,551.3333333333334,563.6666666666666,390.0,173.5,3.0,742.0,0,247.3333333333333,41.58525379666852,39.0,78,0.315837370607609,467.3674500147965,405.5,811,0.8477039601235729,421.8321151042596,376.5,753,0.7483715820891655,73.32803011127464,73.0,146,0.1880205900289093,118.37370203441866,106.5,213,1.1238009686811898,0,0,0.3333333333333333,0,0.3333333333333333,10.333333333333334,0,0.0,134.0,280.0,148.0,165.0,-31.0,294.0,344.0,459.0,593.0,1,0,4858.666666666667,105.33333333333331,4753.333333333333,284.6666666666667,323.0,454.6666666666667,-27.5,2.5,-30.0,18.5
6150ca3f37e1fe330f70311d,0,1,179,280.0,344.0,313.0,-31.0,19.0,131.66666666666666,551.3333333333334,563.6666666666666,390.0,173.5,3.0,742.0,1,247.3333333333333,41.58525379666852,39.0,78,0.315837370607609,467.3674500147965,405.5,811,0.8477039601235729,421.8321151042596,376.5,753,0.7483715820891655,73.32803011127464,73.0,146,0.1880205900289093,118.37370203441866,106.5,213,1.1238009686811898,0,0,0.3333333333333333,31,0.3333333333333333,10.333333333333334,0,0.0,14095.0,148.0,14291.0,-31.0,14126.0,344.0,331.0,510.0,14605.0,1,1,4858.666666666667,105.33333333333331,4753.333333333333,284.6666666666667,323.0,454.6666666666667,0.0,0.0,0.0,0.0
6150ca3f37e1fe330f70311d,0,1,165,148.0,134.0,14457.0,14126.0,,,,,,,,,0,,28.43639320480049,34.5,99,0.1662101762923536,134.22197118731015,99.5,655,0.7180984734375746,142.36657299633004,95.0,682,0.6916838147265717,2927.5174673670404,191.0,14226,2.742684388979305,2929.0737119909904,129.5,14216,3.9856058318519065,0,0,0.0434782608695652,0,0.217391304347826,10.391304347826088,0,0.0,14036.0,14291.0,76.0,14126.0,-90.0,331.0,308.0,473.0,14509.0,1,1,763.3913043478261,734.9130434782609,28.47826086956522,332.4782608695652,309.60869565217394,480.69565217391306,7047.5,7055.0,-7.5,-17.0
6150ca3f37e1fe330f70311d,0,1,166,14291.0,14292.0,218.0,-90.0,20.0,151.1818181818182,1526.2727272727273,1524.2727272727273,446.0,97.8,11.0,2641.0,1,240.0909090909091,45.1460256984337,23.5,150,0.2986207352271622,4237.86970283205,280.0,14215,2.776613659607633,4240.285369899273,402.0,14244,2.781841657356236,256.1019328314412,346.5,693,0.5742195803395542,251.5878664511756,330.0,669,1.7797212417768045,1,1,0.2727272727272727,90,0.3636363636363636,24.363636363636363,0,0.0,-106.0,76.0,126.0,-90.0,-16.0,308.0,244.0,410.0,304.0,2,0,298.27272727272725,141.36363636363637,156.9090909090909,304.6363636363636,327.1818181818182,478.3636363636364,9.5,-7.5,17.0,-29.0
6150ca3f37e1fe330f70311d,0,1,142,76.0,52.0,228.0,-16.0,20.0,151.1818181818182,1526.2727272727273,1524.2727272727273,446.0,97.8,11.0,2641.0,1,240.0909090909091,45.1460256984337,23.5,150,0.2986207352271622,4237.86970283205,280.0,14215,2.776613659607633,4240.285369899273,402.0,14244,2.781841657356236,256.1019328314412,346.5,693,0.5742195803395542,251.5878664511756,330.0,669,1.7797212417768045,0,0,0.2727272727272727,16,0.3636363636363636,24.363636363636363,0,0.0,37.0,126.0,155.0,-16.0,53.0,244.0,241.0,383.0,420.0,1,0,298.27272727272725,141.36363636363637,156.9090909090909,304.6363636363636,327.1818181818182,478.3636363636364,11.5,17.0,-5.5,-28.5
6150ca3f37e1fe330f70311d,0,1,102,126.0,86.0,294.0,53.0,20.0,151.1818181818182,1526.2727272727273,1524.2727272727273,446.0,97.8,11.0,2641.0,0,240.0909090909091,45.1460256984337,23.5,150,0.2986207352271622,4237.86970283205,280.0,14215,2.776613659607633,4240.285369899273,402.0,14244,2.781841657356236,256.1019328314412,346.5,693,0.5742195803395542,251.5878664511756,330.0,669,1.7797212417768045,0,0,0.2727272727272727,0,0.3636363636363636,24.363636363636363,0,0.0,94.0,155.0,180.0,53.0,41.0,241.0,353.0,455.0,549.0,0,0,298.27272727272725,141.36363636363637,156.9090909090909,304.6363636363636,327.1818181818182,478.3636363636364,37.5,-5.5,43.0,-37.5
6150ca3f37e1fe330f70311d,0,1,139,155.0,192.0,394.0,41.0,20.0,151.1818181818182,1526.2727272727273,1524.2727272727273,446.0,97.8,11.0,2641.0,0,240.0909090909091,45.1460256984337,23.5,150,0.2986207352271622,4237.86970283205,280.0,14215,2.776613659607633,4240.285369899273,402.0,14244,2.781841657356236,256.1019328314412,346.5,693,0.5742195803395542,251.5878664511756,330.0,669,1.7797212417768045,0,0,0.2727272727272727,0,0.3636363636363636,24.363636363636363,0,0.0,-29.0,180.0,144.0,41.0,-70.0,353.0,351.0,490.0,461.0,1,0,298.27272727272725,141.36363636363637,156.9090909090909,304.6363636363636,327.1818181818182,478.3636363636364,55.5,43.0,12.5,-28.0
6150ca3f37e1fe330f70311d,0,1,214,180.0,255.0,281.0,-70.0,20.0,151.1818181818182,1526.2727272727273,1524.2727272727273,446.0,97.8,11.0,2641.0,1,240.0909090909091,45.1460256984337,23.5,150,0.2986207352271622,4237.86970283205,280.0,14215,2.776613659607633,4240.285369899273,402.0,14244,2.781841657356236,256.1019328314412,346.5,693,0.5742195803395542,251.5878664511756,330.0,669,1.7797212417768045,0,0,0.2727272727272727,70,0.3636363636363636,24.363636363636363,0,0.0,476.0,144.0,683.0,-70.0,546.0,351.0,240.0,454.0,930.0,1,1,298.27272727272725,141.36363636363637,156.9090909090909,304.6363636363636,327.1818181818182,478.3636363636364,233.5,12.5,221.0,-23.5
6150ca3f37e1fe330f70311d,0,1,137,144.0,67.0,786.0,546.0,20.0,151.1818181818182,1526.2727272727273,1524.2727272727273,446.0,97.8,11.0,2641.0,0,240.0909090909091,45.1460256984337,23.5,150,0.2986207352271622,4237.86970283205,280.0,14215,2.776613659607633,4240.285369899273,402.0,14244,2.781841657356236,256.1019328314412,346.5,693,0.5742195803395542,251.5878664511756,330.0,669,1.7797212417768045,0,0,0.2727272727272727,0,0.3636363636363636,24.363636363636363,0,0.0,578.0,683.0,135.0,546.0,32.0,240.0,228.0,365.0,943.0,0,1,298.27272727272725,141.36363636363637,156.9090909090909,304.6363636363636,327.1818181818182,478.3636363636364,233.5,221.0,12.5,-8.0
6150ca3f37e1fe330f70311d,0,1,103,683.0,649.0,260.0,32.0,20.0,151.1818181818182,1526.2727272727273,1524.2727272727273,446.0,97.8,11.0,2641.0,0,240.0909090909091,45.1460256984337,23.5,150,0.2986207352271622,4237.86970283205,280.0,14215,2.776613659607633,4240.285369899273,402.0,14244,2.781841657356236,256.1019328314412,346.5,693,0.5742195803395542,251.5878664511756,330.0,669,1.7797212417768045,1,1,0.2727272727272727,0,0.3636363636363636,24.363636363636363,0,0.0,441.0,135.0,534.0,32.0,409.0,228.0,377.0,480.0,921.0,0,0,298.27272727272725,141.36363636363637,156.9090909090909,304.6363636363636,327.1818181818182,478.3636363636364,129.5,12.5,117.0,63.0
6150ca3f37e1fe330f70311d,0,1,125,135.0,157.0,786.0,409.0,20.0,151.1818181818182,1526.2727272727273,1524.2727272727273,446.0,97.8,11.0,2641.0,0,240.0909090909091,45.1460256984337,23.5,150,0.2986207352271622,4237.86970283205,280.0,14215,2.776613659607633,4240.285369899273,402.0,14244,2.781841657356236,256.1019328314412,346.5,693,0.5742195803395542,251.5878664511756,330.0,669,1.7797212417768045,0,0,0.2727272727272727,0,0.3636363636363636,24.363636363636363,0,0.0,317.0,534.0,160.0,409.0,-92.0,377.0,392.0,517.0,834.0,1,0,298.27272727272725,141.36363636363637,156.9090909090909,304.6363636363636,327.1818181818182,478.3636363636364,0.0,0.0,0.0,0.0
6150ca3f37e1fe330f70311d,0,1,252,534.0,661.0,300.0,-92.0,20.0,151.1818181818182,1526.2727272727273,1524.2727272727273,446.0,97.8,11.0,2641.0,1,240.0909090909091,45.1460256984337,23.5,150,0.2986207352271622,4237.86970283205,280.0,14215,2.776613659607633,4240.285369899273,402.0,14244,2.781841657356236,256.1019328314412,346.5,693,0.5742195803395542,251.5878664511756,330.0,669,1.7797212417768045,1,1,0.2727272727272727,92,0.3636363636363636,24.363636363636363,0,0.0,73.0,160.0,305.0,-92.0,165.0,392.0,283.0,535.0,608.0,1,0,298.27272727272725,141.36363636363637,156.9090909090909,304.6363636363636,327.1818181818182,478.3636363636364,0.0,0.0,0.0,0.0
6150ca3f37e1fe330f70311d,0,1,140,160.0,48.0,448.0,165.0,20.0,151.1818181818182,1526.2727272727273,1524.2727272727273,446.0,97.8,11.0,2641.0,0,240.0909090909091,45.1460256984337,23.5,150,0.2986207352271622,4237.86970283205,280.0,14215,2.776613659607633,4240.285369899273,402.0,14244,2.781841657356236,256.1019328314412,346.5,693,0.5742195803395542,251.5878664511756,330.0,669,1.7797212417768045,0,0,0.2727272727272727,0,0.3636363636363636,24.363636363636363,0,0.0,742.0,305.0,720.0,165.0,577.0,283.0,334.0,474.0,1216.0,0,1,298.27272727272725,141.36363636363637,156.9090909090909,304.6363636363636,327.1818181818182,478.3636363636364,0.0,0.0,0.0,0.0
6150ca3f37e1fe330f70311d,0,1,143,305.0,308.0,911.0,577.0,20.0,151.1818181818182,1526.2727272727273,1524.2727272727273,446.0,97.8,11.0,2641.0,0,240.0909090909091,45.1460256984337,23.5,150,0.2986207352271622,4237.86970283205,280.0,14215,2.776613659607633,4240.285369899273,402.0,14244,2.781841657356236,256.1019328314412,346.5,693,0.5742195803395542,251.5878664511756,330.0,669,1.7797212417768045,0,0,0.2727272727272727,0,0.3636363636363636,24.363636363636363,0,0.0,658.0,720.0,272.0,577.0,81.0,334.0,556.0,699.0,1357.0,0,1,298.27272727272725,141.36363636363637,156.9090909090909,304.6363636363636,327.1818181818182,478.3636363636364,0.0,0.0,0.0,0.0
6150ca3f37e1fe330f70311d,0,1,191,720.0,768.0,637.0,81.0,,,,,,,,,0,,28.43639320480049,34.5,99,0.1662101762923536,134.22197118731015,99.5,655,0.7180984734375746,142.36657299633004,95.0,682,0.6916838147265717,2927.5174673670404,191.0,14226,2.742684388979305,2929.0737119909904,129.5,14216,3.9856058318519065,1,1,0.0434782608695652,0,0.217391304347826,10.391304347826088,0,0.0,-106.0,272.0,178.0,81.0,-187.0,556.0,490.0,681.0,575.0,1,0,763.3913043478261,734.9130434782609,28.47826086956522,332.4782608695652,309.60869565217394,480.69565217391306,0.0,0.0,0.0,0.0
6150ca3f37e1fe330f70311d,0,1,365,272.0,446.0,303.0,-187.0,21.0,191.5555555555556,187.0,186.11111111111111,337.77777777777777,-16.25,9.0,1594.0,1,177.11111111111111,84.8352979471268,83.0,260,0.442875685338829,102.49024343809512,38.0,336,0.5480761681181557,191.793798416714,270.0,529,1.0305338422390602,114.80938308537525,126.0,361,0.3398961999238082,141.24456725048853,141.0,480,-6.262074410120181,0,0,0.1111111111111111,187,0.5555555555555556,64.22222222222223,0,0.0,106.0,178.0,418.0,-187.0,293.0,490.0,299.0,664.0,770.0,1,0,-16.444444444444443,-22.55555555555556,6.111111111111111,360.3333333333333,346.8888888888889,538.4444444444445,0.0,0.0,0.0,0.0
6150ca3f37e1fe330f70311d,0,1,125,178.0,-62.0,592.0,293.0,21.0,191.5555555555556,187.0,186.11111111111111,337.77777777777777,-16.25,9.0,1594.0,0,177.11111111111111,84.8352979471268,83.0,260,0.442875685338829,102.49024343809512,38.0,336,0.5480761681181557,191.793798416714,270.0,529,1.0305338422390602,114.80938308537525,126.0,361,0.3398961999238082,141.24456725048853,141.0,480,-6.262074410120181,0,0,0.1111111111111111,0,0.5555555555555556,64.22222222222223,0,0.0,216.0,418.0,97.0,293.0,-77.0,299.0,308.0,433.0,649.0,1,0,-16.444444444444443,-22.55555555555556,6.111111111111111,360.3333333333333,346.8888888888889,538.4444444444445,0.0,0.0,0.0,0.0
6150ca3f37e1fe330f70311d,0,1,174,418.0,467.0,231.0,-77.0,21.0,191.5555555555556,187.0,186.11111111111111,337.77777777777777,-16.25,9.0,1594.0,1,177.11111111111111,84.8352979471268,83.0,260,0.442875685338829,102.49024343809512,38.0,336,0.5480761681181557,191.793798416714,270.0,529,1.0305338422390602,114.80938308537525,126.0,361,0.3398961999238082,141.24456725048853,141.0,480,-6.262074410120181,1,0,0.1111111111111111,77,0.5555555555555556,64.22222222222223,0,0.0,-66.0,97.0,145.0,-77.0,11.0,308.0,239.0,413.0,347.0,1,0,-16.444444444444443,-22.55555555555556,6.111111111111111,360.3333333333333,346.8888888888889,538.4444444444445,0.0,0.0,0.0,0.0
6150ca3f37e1fe330f70311d,0,1,134,97.0,57.0,250.0,11.0,21.0,191.5555555555556,187.0,186.11111111111111,337.77777777777777,-16.25,9.0,1594.0,0,177.11111111111111,84.8352979471268,83.0,260,0.442875685338829,102.49024343809512,38.0,336,0.5480761681181557,191.793798416714,270.0,529,1.0305338422390602,114.80938308537525,126.0,361,0.3398961999238082,141.24456725048853,141.0,480,-6.262074410120181,0,0,0.1111111111111111,0,0.5555555555555556,64.22222222222223,0,0.0,46.0,145.0,140.0,11.0,35.0,239.0,388.0,522.0,568.0,0,0,-16.444444444444443,-22.55555555555556,6.111111111111111,360.3333333333333,346.8888888888889,538.4444444444445,0.0,0.0,0.0,0.0
6150ca3f37e1fe330f70311d,0,1,105,145.0,116.0,423.0,35.0,21.0,191.5555555555556,187.0,186.11111111111111,337.77777777777777,-16.25,9.0,1594.0,0,177.11111111111111,84.8352979471268,83.0,260,0.442875685338829,102.49024343809512,38.0,336,0.5480761681181557,191.793798416714,270.0,529,1.0305338422390602,114.80938308537525,126.0,361,0.3398961999238082,141.24456725048853,141.0,480,-6.262074410120181,0,0,0.1111111111111111,0,0.5555555555555556,64.22222222222223,0,0.0,-71.0,140.0,177.0,35.0,-106.0,388.0,421.0,526.0,455.0,1,0,-16.444444444444443,-22.55555555555556,6.111111111111111,360.3333333333333,346.8888888888889,538.4444444444445,0.0,0.0,0.0,0.0
6150ca3f37e1fe330f70311d,0,1,283,140.0,318.0,315.0,-106.0,21.0,191.5555555555556,187.0,186.11111111111111,337.77777777777777,-16.25,9.0,1594.0,1,177.11111111111111,84.8352979471268,83.0,260,0.442875685338829,102.49024343809512,38.0,336,0.5480761681181557,191.793798416714,270.0,529,1.0305338422390602,114.80938308537525,126.0,361,0.3398961999238082,141.24456725048853,141.0,480,-6.262074410120181,0,0,0.1111111111111111,106,0.5555555555555556,64.22222222222223,0,0.0,-70.0,177.0,174.0,-106.0,36.0,421.0,355.0,638.0,568.0,1,0,-16.444444444444443,-22.55555555555556,6.111111111111111,360.3333333333333,346.8888888888889,538.4444444444445,0.0,0.0,0.0,0.0
6150ca3f37e1fe330f70311d,0,1,138,177.0,32.0,391.0,36.0,21.0,191.5555555555556,187.0,186.11111111111111,337.77777777777777,-16.25,9.0,1594.0,0,177.11111111111111,84.8352979471268,83.0,260,0.442875685338829,102.49024343809512,38.0,336,0.5480761681181557,191.793798416714,270.0,529,1.0305338422390602,114.80938308537525,126.0,361,0.3398961999238082,141.24456725048853,141.0,480,-6.262074410120181,0,0,0.1111111111111111,0,0.5555555555555556,64.22222222222223,0,0.0,-99.0,174.0,82.0,36.0,-135.0,355.0,400.0,538.0,439.0,1,0,-16.444444444444443,-22.55555555555556,6.111111111111111,360.3333333333333,346.8888888888889,538.4444444444445,0.0,0.0,0.0,0.0
6150ca3f37e1fe330f70311d,0,1,217,174.0,253.0,265.0,-135.0,21.0,191.5555555555556,187.0,186.11111111111111,337.77777777777777,-16.25,9.0,1594.0,1,177.11111111111111,84.8352979471268,83.0,260,0.442875685338829,102.49024343809512,38.0,336,0.5480761681181557,191.793798416714,270.0,529,1.0305338422390602,114.80938308537525,126.0,361,0.3398961999238082,141.24456725048853,141.0,480,-6.262074410120181,0,0,0.1111111111111111,135,0.5555555555555556,64.22222222222223,0,0.0,-208.0,82.0,110.0,-135.0,-73.0,400.0,343.0,560.0,352.0,2,0,-16.444444444444443,-22.55555555555556,6.111111111111111,360.3333333333333,346.8888888888889,538.4444444444445,0.0,0.0,0.0,0.0
6150ca3f37e1fe330f70311d,0,1,183,82.0,48.0,270.0,-73.0,21.0,191.5555555555556,187.0,186.11111111111111,337.77777777777777,-16.25,9.0,1594.0,1,177.11111111111111,84.8352979471268,83.0,260,0.442875685338829,102.49024343809512,38.0,336,0.5480761681181557,191.793798416714,270.0,529,1.0305338422390602,114.80938308537525,126.0,361,0.3398961999238082,141.24456725048853,141.0,480,-6.262074410120181,0,0,0.1111111111111111,73,0.5555555555555556,64.22222222222223,0,0.0,-2.0,110.0,231.0,-73.0,71.0,343.0,369.0,552.0,550.0,1,0,-16.444444444444443,-22.55555555555556,6.111111111111111,360.3333333333333,346.8888888888889,538.4444444444445,0.0,0.0,0.0,0.0
6150ca3f37e1fe330f70311d,0,1,160,110.0,87.0,440.0,71.0,,,,,,,,,0,,28.43639320480049,34.5,99,0.1662101762923536,134.22197118731015,99.5,655,0.7180984734375746,142.36657299633004,95.0,682,0.6916838147265717,2927.5174673670404,191.0,14226,2.742684388979305,2929.0737119909904,129.5,14216,3.9856058318519065,0,0,0.0434782608695652,0,0.217391304347826,10.391304347826088,0,0.0,-10.0,231.0,128.0,71.0,-81.0,369.0,380.0,540.0,530.0,1,0,763.3913043478261,734.9130434782609,28.47826086956522,332.4782608695652,309.60869565217394,480.69565217391306,0.0,0.0,0.0,0.0
6150ca3f37e1fe330f70311d,0,1,209,231.0,280.0,299.0,-81.0,22.0,180.2,165.2,172.8,314.4,-27.0,5.0,793.0,1,158.6,34.98142364169875,29.0,86,0.1941255474012139,79.46823264676269,130.0,172,0.4810425705009848,131.10186878912137,190.0,293,0.7586913703074153,91.58493325869708,14.0,245,0.2913006783037439,103.4441878502606,11.0,249,-2.7366187261973702,0,0,0.0,81,0.8,67.0,0,0.0,-151.0,128.0,101.0,-81.0,-70.0,380.0,294.0,503.0,352.0,2,0,-48.6,-37.8,-10.8,352.2,339.2,519.4,0.0,0.0,0.0,0.0
6150ca3f37e1fe330f70311d,0,1,171,128.0,90.0,224.0,-70.0,22.0,180.2,165.2,172.8,314.4,-27.0,5.0,793.0,1,158.6,34.98142364169875,29.0,86,0.1941255474012139,79.46823264676269,130.0,172,0.4810425705009848,131.10186878912137,190.0,293,0.7586913703074153,91.58493325869708,14.0,245,0.2913006783037439,103.4441878502606,11.0,249,-2.7366187261973702,0,0,0.0,70,0.8,67.0,0,0.0,76.0,101.0,269.0,-70.0,146.0,294.0,323.0,494.0,570.0,1,0,-48.6,-37.8,-10.8,352.2,339.2,519.4,0.0,0.0,0.0,0.0
6150ca3f37e1fe330f70311d,0,1,123,101.0,53.0,469.0,146.0,22.0,180.2,165.2,172.8,314.4,-27.0,5.0,793.0,0,158.6,34.98142364169875,29.0,86,0.1941255474012139,79.46823264676269,130.0,172,0.4810425705009848,131.10186878912137,190.0,293,0.7586913703074153,91.58493325869708,14.0,245,0.2913006783037439,103.4441878502606,11.0,249,-2.7366187261973702,0,0,0.0,0,0.8,67.0,0,0.0,43.0,269.0,97.0,146.0,-103.0,323.0,398.0,521.0,564.0,1,0,-48.6,-37.8,-10.8,352.2,339.2,519.4,0.0,0.0,0.0,0.0
6150ca3f37e1fe330f70311d,0,1,200,269.0,346.0,295.0,-103.0,22.0,180.2,165.2,172.8,314.4,-27.0,5.0,793.0,1,158.6,34.98142364169875,29.0,86,0.1941255474012139,79.46823264676269,130.0,172,0.4810425705009848,131.10186878912137,190.0,293,0.7586913703074153,91.58493325869708,14.0,245,0.2913006783037439,103.4441878502606,11.0,249,-2.7366187261973702,0,0,0.0,103,0.8,67.0,0,0.0,-184.0,97.0,117.0,-103.0,-81.0,398.0,366.0,566.0,382.0,2,0,-48.6,-37.8,-10.8,352.2,339.2,519.4,0.0,0.0,0.0,0.0
6150ca3f37e1fe330f70311d,0,1,198,97.0,95.0,285.0,-81.0,22.0,180.2,165.2,172.8,314.4,-27.0,5.0,793.0,1,158.6,34.98142364169875,29.0,86,0.1941255474012139,79.46823264676269,130.0,172,0.4810425705009848,131.10186878912137,190.0,293,0.7586913703074153,91.58493325869708,14.0,245,0.2913006783037439,103.4441878502606,11.0,249,-2.7366187261973702,0,0,0.0,81,0.8,67.0,0,0.0,-27.0,117.0,222.0,-81.0,54.0,366.0,315.0,513.0,486.0,1,0,-48.6,-37.8,-10.8,352.2,339.2,519.4,-137.0,-129.5,-7.5,42.0
6150ca3f37e1fe330f70311d,0,1,168,117.0,87.0,369.0,54.0,,,,,,,,,0,,28.43639320480049,34.5,99,0.1662101762923536,134.22197118731015,99.5,655,0.7180984734375746,142.36657299633004,95.0,682,0.6916838147265717,2927.5174673670404,191.0,14226,2.742684388979305,2929.0737119909904,129.5,14216,3.9856058318519065,0,0,0.0434782608695652,0,0.217391304347826,10.391304347826088,0,0.0,32.0,222.0,125.0,54.0,-22.0,315.0,312.0,480.0,512.0,1,0,763.3913043478261,734.9130434782609,28.47826086956522,332.4782608695652,309.60869565217394,480.69565217391306,-4.5,-7.5,3.0,22.5
6150ca3f37e1fe330f70311d,0,1,147,222.0,201.0,290.0,-22.0,23.0,156.0,173.5,172.0,294.0,-22.0,2.0,290.0,1,145.0,12.727922061357855,9.0,18,0.0815892439830631,68.58935777509511,48.5,97,0.3953277105192802,41.01219330881976,29.0,58,0.2384429843536032,5.656854249492381,4.0,8,0.0192410008486135,12.020815280171307,8.5,17,-0.3941250911531576,0,0,0.0,22,1.0,30.5,0,0.0,-61.0,125.0,126.0,-22.0,-39.0,312.0,337.0,484.0,423.0,2,0,-42.0,-30.5,-11.5,324.5,345.5,501.5,-11.5,3.0,-14.5,8.5
6150ca3f37e1fe330f70311d,0,1,165,125.0,143.0,298.0,-39.0,23.0,156.0,173.5,172.0,294.0,-22.0,2.0,290.0,1,145.0,12.727922061357855,9.0,18,0.0815892439830631,68.58935777509511,48.5,97,0.3953277105192802,41.01219330881976,29.0,58,0.2384429843536032,5.656854249492381,4.0,8,0.0192410008486135,12.020815280171307,8.5,17,-0.3941250911531576,0,0,0.0,39,1.0,30.5,0,0.0,-23.0,126.0,188.0,-39.0,16.0,337.0,354.0,519.0,496.0,1,0,-42.0,-30.5,-11.5,324.5,345.5,501.5,0.0,0.0,0.0,0.0
6150ca3f37e1fe330f70311d,0,1,172,126.0,133.0,370.0,16.0,,,,,,,,,0,,28.43639320480049,34.5,99,0.1662101762923536,134.22197118731015,99.5,655,0.7180984734375746,142.36657299633004,95.0,682,0.6916838147265717,2927.5174673670404,191.0,14226,2.742684388979305,2929.0737119909904,129.5,14216,3.9856058318519065,0,0,0.0434782608695652,0,0.217391304347826,10.391304347826088,0,0.0,-59.0,188.0,107.0,16.0,-75.0,354.0,335.0,507.0,448.0,1,0,763.3913043478261,734.9130434782609,28.47826086956522,332.4782608695652,309.60869565217394,480.69565217391306,-7047.5,-7055.0,7.5,17.0
6150ca3f37e1fe330f70311d,0,1,182,188.0,198.0,260.0,-75.0,24.0,195.27272727272728,198.0909090909091,197.72727272727272,395.7,1.1,11.0,2159.0,1,196.27272727272728,142.96999049387315,47.0,503,0.7321554448010263,100.619535424742,130.5,324,0.5079462550124654,196.280457972306,135.0,740,0.9926827759518924,190.15785839957053,136.25,609,0.4805606732362156,111.2029675863014,162.75,360,101.09360689663762,0,0,0.0909090909090909,75,0.4545454545454545,40.90909090909091,0,0.0,-125.0,107.0,103.0,-75.0,-50.0,335.0,286.0,468.0,343.0,2,0,31.33333333333333,1.1,9.555555555555555,394.6,401.22222222222223,553.2222222222222,-9.5,7.5,-17.0,29.0
6150ca3f37e1fe330f70311d,0,1,153,107.0,78.0,236.0,-50.0,24.0,195.27272727272728,198.0909090909091,197.72727272727272,395.7,1.1,11.0,2159.0,1,196.27272727272728,142.96999049387315,47.0,503,0.7321554448010263,100.619535424742,130.5,324,0.5079462550124654,196.280457972306,135.0,740,0.9926827759518924,190.15785839957053,136.25,609,0.4805606732362156,111.2029675863014,162.75,360,101.09360689663762,0,0,0.0909090909090909,50,0.4545454545454545,40.90909090909091,0,0.0,14.0,103.0,197.0,-50.0,64.0,286.0,287.0,440.0,454.0,1,0,31.33333333333333,1.1,9.555555555555555,394.6,401.22222222222223,553.2222222222222,-11.5,-17.0,5.5,28.5
6150ca3f37e1fe330f70311d,0,1,133,103.0,83.0,351.0,64.0,24.0,195.27272727272728,198.0909090909091,197.72727272727272,395.7,1.1,11.0,2159.0,0,196.27272727272728,142.96999049387315,47.0,503,0.7321554448010263,100.619535424742,130.5,324,0.5079462550124654,196.280457972306,135.0,740,0.9926827759518924,190.15785839957053,136.25,609,0.4805606732362156,111.2029675863014,162.75,360,101.09360689663762,0,0,0.0909090909090909,0,0.4545454545454545,40.90909090909091,0,0.0,19.0,197.0,109.0,64.0,-45.0,287.0,397.0,530.0,549.0,1,0,31.33333333333333,1.1,9.555555555555555,394.6,401.22222222222223,553.2222222222222,-37.5,5.5,-43.0,37.5
6150ca3f37e1fe330f70311d,0,1,154,197.0,218.0,352.0,-45.0,24.0,195.27272727272728,198.0909090909091,197.72727272727272,395.7,1.1,11.0,2159.0,1,196.27272727272728,142.96999049387315,47.0,503,0.7321554448010263,100.619535424742,130.5,324,0.5079462550124654,196.280457972306,135.0,740,0.9926827759518924,190.15785839957053,136.25,609,0.4805606732362156,111.2029675863014,162.75,360,101.09360689663762,0,0,0.0909090909090909,45,0.4545454545454545,40.90909090909091,0,0.0,-140.0,109.0,148.0,-45.0,-95.0,397.0,392.0,546.0,406.0,2,0,31.33333333333333,1.1,9.555555555555555,394.6,401.22222222222223,553.2222222222222,-55.5,-43.0,-12.5,28.0
6150ca3f37e1fe330f70311d,0,1,243,109.0,198.0,297.0,-95.0,24.0,195.27272727272728,198.0909090909091,197.72727272727272,395.7,1.1,11.0,2159.0,1,196.27272727272728,142.96999049387315,47.0,503,0.7321554448010263,100.619535424742,130.5,324,0.5079462550124654,196.280457972306,135.0,740,0.9926827759518924,190.15785839957053,136.25,609,0.4805606732362156,111.2029675863014,162.75,360,101.09360689663762,0,0,0.0909090909090909,95,0.4545454545454545,40.90909090909091,0,0.0,9.0,148.0,253.0,-95.0,104.0,392.0,258.0,501.0,510.0,1,0,31.33333333333333,1.1,9.555555555555555,394.6,401.22222222222223,553.2222222222222,-233.5,-12.5,-221.0,23.5
6150ca3f37e1fe330f70311d,0,1,149,148.0,54.0,362.0,104.0,24.0,195.27272727272728,198.0909090909091,197.72727272727272,395.7,1.1,11.0,2159.0,0,196.27272727272728,142.96999049387315,47.0,503,0.7321554448010263,100.619535424742,130.5,324,0.5079462550124654,196.280457972306,135.0,740,0.9926827759518924,190.15785839957053,136.25,609,0.4805606732362156,111.2029675863014,162.75,360,101.09360689663762,0,0,0.0909090909090909,0,0.4545454545454545,40.90909090909091,0,0.0,111.0,253.0,116.0,104.0,7.0,258.0,232.0,381.0,492.0,0,0,31.33333333333333,1.1,9.555555555555555,394.6,401.22222222222223,553.2222222222222,-233.5,-221.0,-12.5,8.0
6150ca3f37e1fe330f70311d,0,1,109,253.0,213.0,239.0,7.0,24.0,195.27272727272728,198.0909090909091,197.72727272727272,395.7,1.1,11.0,2159.0,0,196.27272727272728,142.96999049387315,47.0,503,0.7321554448010263,100.619535424742,130.5,324,0.5079462550124654,196.280457972306,135.0,740,0.9926827759518924,190.15785839957053,136.25,609,0.4805606732362156,111.2029675863014,162.75,360,101.09360689663762,0,0,0.0909090909090909,0,0.4545454545454545,40.90909090909091,0,0.0,182.0,116.0,298.0,7.0,175.0,232.0,245.0,354.0,536.0,0,0,31.33333333333333,1.1,9.555555555555555,394.6,401.22222222222223,553.2222222222222,-129.5,-12.5,-117.0,-63.0
6150ca3f37e1fe330f70311d,0,1,123,116.0,130.0,420.0,175.0,24.0,195.27272727272728,198.0909090909091,197.72727272727272,395.7,1.1,11.0,2159.0,0,196.27272727272728,142.96999049387315,47.0,503,0.7321554448010263,100.619535424742,130.5,324,0.5079462550124654,196.280457972306,135.0,740,0.9926827759518924,190.15785839957053,136.25,609,0.4805606732362156,111.2029675863014,162.75,360,101.09360689663762,0,0,0.0909090909090909,0,0.4545454545454545,40.90909090909091,0,0.0,286.0,298.0,233.0,175.0,111.0,245.0,734.0,857.0,1143.0,0,0,31.33333333333333,1.1,9.555555555555555,394.6,401.22222222222223,553.2222222222222,0.0,0.0,0.0,0.0
6150ca3f37e1fe330f70311d,0,1,122,298.0,297.0,845.0,111.0,24.0,195.27272727272728,198.0909090909091,197.72727272727272,395.7,1.1,11.0,2159.0,0,196.27272727272728,142.96999049387315,47.0,503,0.7321554448010263,100.619535424742,130.5,324,0.5079462550124654,196.280457972306,135.0,740,0.9926827759518924,190.15785839957053,136.25,609,0.4805606732362156,111.2029675863014,162.75,360,101.09360689663762,0,0,0.0909090909090909,0,0.4545454545454545,40.90909090909091,0,0.0,-74.0,233.0,427.0,111.0,-185.0,734.0,780.0,902.0,828.0,1,0,31.33333333333333,1.1,9.555555555555555,394.6,401.22222222222223,553.2222222222222,0.0,0.0,0.0,0.0
6150ca3f37e1fe330f70311d,0,1,612,233.0,723.0,595.0,-185.0,24.0,195.27272727272728,198.0909090909091,197.72727272727272,395.7,1.1,11.0,2159.0,1,196.27272727272728,142.96999049387315,47.0,503,0.7321554448010263,100.619535424742,130.5,324,0.5079462550124654,196.280457972306,135.0,740,0.9926827759518924,190.15785839957053,136.25,609,0.4805606732362156,111.2029675863014,162.75,360,101.09360689663762,0,0,0.0909090909090909,185,0.4545454545454545,40.90909090909091,0,0.0,,427.0,,-185.0,,780.0,,,,1,0,31.33333333333333,1.1,9.555555555555555,394.6,401.22222222222223,553.2222222222222,,0.0,,
6150ca3f37e1fe330f70311d,0,1,168,427.0,-17.0,,,24.0,195.27272727272728,198.0909090909091,197.72727272727272,395.7,1.1,11.0,2159.0,0,196.27272727272728,142.96999049387315,47.0,503,0.7321554448010263,100.619535424742,130.5,324,0.5079462550124654,196.280457972306,135.0,740,0.9926827759518924,190.15785839957053,136.25,609,0.4805606732362156,111.2029675863014,162.75,360,101.09360689663762,1,1,0.0909090909090909,0,0.4545454545454545,40.90909090909091,0,0.0,,,,,,,,,,0,0,31.33333333333333,1.1,9.555555555555555,394.6,401.22222222222223,553.2222222222222,,,,
